id_part,id_die,id_machine,id_client,manufactored_on,defect_type,created_at,updated_at,enabled,category,zone,sub_zone,view,mapped_defect,prob_Blow_Hole,pred_Blow_Hole,prob_Crack,pred_Crack,prob_Non_filling,pred_Non_filling,prob_Porosity,pred_Porosity,prob_Shrinkage,pred_Shrinkage,prob_Chipoff,pred_Chipoff,correct
0817235929978,S14,UBE 850T-2,1,,Non-Filling,,2026-09-14 04:09:46.275537+00:00,,CR,K,K-1,Left Side,Non_filling,0.452195766130663,1,0.7668318717719496,1,0.70395606185419,1,0.45229505312842366,1,0.7161418122023391,1,0.43292478465019757,1,1.0
0818011620044,S14,UBE 850T-2,1,,Non-Filling,,2026-09-14 04:16:06.523657+00:00,,CR,H,H-1,Bottom View,Non_filling,0.5798878866347396,1,0.784769684356512,1,0.7125982824491512,1,0.8629337899309205,1,0.7477640312826511,1,0.15972541572325089,0,1.0
0821150020296,S14,UBE 850T-2,1,,Non-Filling,,2026-09-14 05:21:58.356404+00:00,,CR,S,S-2,Rear,Non_filling,0.29951902942422903,0,0.8533894851051046,1,0.5818722696515755,1,0.16168404439282835,0,0.1744965639723774,0,0.30561436004872095,0,1.0
0821194320443,S14,UBE 850T-2,1,,Non-Filling,,2026-09-14 05:25:37.245484+00:00,,CR,S,S-1,Rear,Non_filling,0.18124525550372725,0,0.8272046496166281,1,0.512703707794141,1,0.6306804897416816,1,0.18256789018596897,0,0.7106303750372989,1,1.0
0818152120713,S14,UBE 850T-2,1,,Blow Hole M8,,2026-09-14 05:41:50.671544+00:00,,CRAM,B,B-1,Top View,Blow_Hole,0.5622705525224916,1,0.7625109377939187,1,0.4572412775282429,1,0.5106067960752834,1,0.5351574401622625,1,0.11059447057418569,0,1.0
0801130026629,S14,UBE 850T-2,1,,Non-Filling,,2026-09-22 06:54:39.193716+00:00,,CR,R,R-3,Rear,Non_filling,0.3310266209341352,0,0.7506989645690544,1,0.5277848922804527,1,0.18196297105350584,0,0.28051802719018626,0,0.10713858330735959,0,1.0
0802171027457,S14,UBE 850T-2,1,,Non-Filling,,2026-09-11 09:53:17.896445+00:00,,CR,N,N-1,Right Side,Non_filling,0.38162609010469306,0,0.3022527356519976,0,0.4465069472299288,1,0.28372204053214706,0,0.4630270697271219,1,0.10843551889596306,0,1.0
0802161727412,S14,UBE 850T-2,1,,Non-Filling,,2026-09-11 10:02:42.230609+00:00,,CR,O,O-1,Front,Non_filling,0.37137267974663435,0,0.7506787633131955,1,0.605006549613965,1,0.17797858914855996,0,0.5354616274891784,1,0.10417661568268402,0,1.0
0801214926997,S14,UBE 850T-2,1,,Porosity,,2026-09-22 06:29:49.564682+00:00,,CRAM,E,E-2,Bottom View,Porosity,0.4899612594653198,1,0.756735240332671,1,0.4448761262161941,1,0.3897882676695405,0,0.25210339529561177,0,0.12520441267908206,0,0.0
0802161827413,S14,UBE 850T-2,1,,Face Blow Hole,,2026-09-11 17:10:13.928254+00:00,,CRAM,E,E-2,Bottom View,Blow_Hole,0.16258466464193633,0,0.7121736219991649,1,0.4822000115839239,1,0.4685614421502694,1,0.5273392467620472,1,0.15750651362607762,0,0.0
0801220027007,S14,UBE 850T-2,1,,Bend,,2026-09-22 06:30:42.677527+00:00,,CR,A,A-2,Top View,,0.17922164025038054,0,0.2750775557326808,0,0.5544358917629244,1,0.1837456614523437,0,0.5354701702002728,1,0.20318817280476148,0,
0801202726929,S14,UBE 850T-2,1,,Non-Filling,,2026-09-22 06:40:22.398708+00:00,,CR,N,N-1,Right Side,Non_filling,0.161155616607501,0,0.7474249613796097,1,0.5580495884048818,1,0.18428845033698948,0,0.5298948177862474,1,0.3047701846656733,0,1.0
0801195426901,S14,UBE 850T-2,1,,Bend,,2026-09-22 06:43:28.994959+00:00,,CR,A,A-3,Top View,,0.28066381001697904,0,0.7585153842409291,1,0.572207659147948,1,0.8872921037455043,1,0.27695000226865196,0,0.1441522987852537,0,
0801200326909,S14,UBE 850T-2,1,,Non-Filling,,2026-09-22 06:46:48.276815+00:00,,CR,R,R-3,Rear,Non_filling,0.49463168648847516,1,0.752049560453708,1,0.3890772893652678,0,0.39751225852089506,0,0.4186683256414674,1,0.12234145222943602,0,0.0
0801053026447,S14,UBE 850T-2,1,,Non-Filling,,2026-09-22 07:11:15.189438+00:00,,CR,S,S-2,Rear,Non_filling,0.6479569411771895,1,0.7802681289806185,1,0.40045544144817335,1,0.16234885487000972,0,0.23620502150948558,0,0.1250530357968938,0,1.0
0801143426708,S14,UBE 850T-2,1,,Non-Filling,,2026-09-22 07:13:24.966632+00:00,,CR,R,R-3,Rear,Non_filling,0.3823257447058861,0,0.29426264647088984,0,0.5592186311313301,1,0.1828788329700227,0,0.24316202839904855,0,0.122976681737124,0,1.0
0801160126764,S14,UBE 850T-2,1,,Non-Filling,,2026-09-11 05:56:41.788442+00:00,,CR,A,A-2,Top View,Non_filling,0.49386260684492733,1,0.7473519552514458,1,0.5109057348856691,1,0.3955016577366365,0,0.238753301341886,0,0.13836917977216268,0,1.0
0801051726436,S14,UBE 850T-2,1,,Non-Filling,,2026-09-11 06:03:17.860632+00:00,,CR,R,R-3,Rear,Non_filling,0.16272282937711086,0,0.7625839481842427,1,0.5518231104261393,1,0.3782647125368979,0,0.4177836156136511,1,0.1408012561036927,0,1.0
0801115526574,S14,UBE 850T-2,1,,Bend,,2026-09-11 06:12:29.969276+00:00,,CR,A,A-2,Top View,,0.22714574451501127,0,0.7731913243447838,1,0.3566484103580265,0,0.1821294383874488,0,0.24773365003559492,0,0.10893700433578865,0,
0801120226580,S14,UBE 850T-2,1,,Bend,,2026-09-11 06:14:59.277616+00:00,,CR,A,A-3,Top View,,0.12941200395707994,0,0.7528430868218424,1,0.45160819343581077,1,0.5980955471609977,1,0.745806996974939,1,0.12692269364223185,0,
0801132526650,S14,UBE 850T-2,1,,Crack,,2026-09-11 06:17:40.071283+00:00,,CR,A,A-4,Top View,Crack,0.3025793306648715,0,0.7576666720878221,1,0.46758035111443974,1,0.1661932246773787,0,0.25295295542873364,0,0.1145219267117573,0,1.0
0801074826538,S14,UBE 850T-2,1,,Non-Filling,,2026-09-11 06:34:08.706804+00:00,,CR,A,A-4,Top View,Non_filling,0.12908081686793588,0,0.7138584972686592,1,0.45157195675404416,1,0.8484283793648885,1,0.24751503214565096,0,0.3098161814187308,0,1.0
0802184227534,S14,UBE 850T-2,1,,PLC_COMMUNICATION_FAILED_PLC packet timeout,,2026-09-12 10:39:58.604296+00:00,,,,,,,0.37146201285411734,0,0.7720662452698425,1,0.46676266193617477,1,0.27080433248937696,0,0.2505661150936441,0,0.11130555487322003,0,
0801064126485,S14,UBE 850T-2,1,,Dent,,2026-09-11 06:38:11.657687+00:00,,CR,L,L-1,Left Side,,0.18942390874011908,0,0.7796609476210186,1,0.44949207740496705,1,0.7335233409399599,1,0.19880948979742835,0,0.1620786729320699,0,
0801062726473,S14,UBE 850T-2,1,,Dent,,2026-09-11 06:48:10.790356+00:00,,CR,B,B-1,Top View,,0.22547707783273363,0,0.7573140893929337,1,0.432315501328455,1,0.3016868863035706,0,0.4182886597175207,1,0.10173552907159691,0,
0731103025569,S14,UBE 850T-2,1,,LT Oil Gallery-1 NG,,2026-09-11 07:06:55.352140+00:00,,CRAM,J,J-1,Left Side,,0.17847093924639912,0,0.25782685560041635,0,0.3052931845151149,0,0.5988299570080352,1,0.6702739520668448,1,0.12190441714427441,0,
0731102525565,S14,UBE 850T-2,1,,Dent,,2026-09-11 07:07:11.785764+00:00,,MR,Q,Q-1,Rear,,0.4118950518629677,1,0.2721928931391083,0,0.44078386025200356,1,0.18363542765848606,0,0.2763234529756311,0,0.10134749518309391,0,
0731115725639,S14,UBE 850T-2,1,,Porosity,,2026-09-11 07:08:44.400274+00:00,,CRAM,E,E-2,Bottom View,Porosity,0.07837521868287062,0,0.2948017381161041,0,0.2353681511712862,0,0.5974384248917223,1,0.23835394439983473,0,0.14351300105782175,0,1.0
0731211326051,S14,UBE 850T-2,1,,Chip-off,,2026-09-22 01:04:48.228507+00:00,,CR,C,C-1,Top View,Chipoff,0.27459322228245897,0,0.7478498959120556,1,0.493090818111577,1,0.4251427048137518,1,0.24840308418441676,0,0.11932062712115585,0,0.0
0731161725826,S14,UBE 850T-2,1,,Crack,,2026-09-22 02:25:32.427100+00:00,,CRAM,E,E-2,Bottom View,Crack,0.4735283260349653,1,0.7482799075018494,1,0.3049812126938212,0,0.510859273422831,1,0.18648353569129608,0,0.16420039900163633,0,1.0
0801210426960,S14,UBE 850T-2,1,,Non-Filling,,2026-09-22 06:28:52.250587+00:00,,CR,N,N-1,Right Side,Non_filling,0.0965228955317225,0,0.2738829597437293,0,0.42451491522483675,1,0.25978927572344407,0,0.41793121279799716,1,0.1736918439385496,0,1.0
0801004826222,S14,UBE 850T-2,1,,Shrinkage,,2026-09-22 00:17:26.406915+00:00,,CR,H,H-1,Bottom View,Shrinkage,0.3990858830909742,0,0.7989977904503106,1,0.5348952441647148,1,0.29794319583554063,0,0.394807850672281,0,0.10883095237630486,0,0.0
0802215527621,S14,UBE 850T-2,1,,Bend,,2026-09-11 09:14:01.096181+00:00,,CR,A,A-2,Top View,,0.17740423082906553,0,0.7493813911224863,1,0.510932074709957,1,0.15049564339611218,0,0.27795457121919187,0,0.12340365407608944,0,
0802220327628,S14,UBE 850T-2,1,,Non-Filling,,2026-09-11 09:14:13.235154+00:00,,CR,N,N-1,Right Side,Non_filling,0.23874874787637806,0,0.7270535568723503,1,0.3660163294304777,0,0.15346101629436185,0,0.7383557528689687,1,0.15478028322054863,0,0.0
0802215827624,S14,UBE 850T-2,1,,Bend,,2026-09-11 09:14:37.669014+00:00,,CR,A,A-3,Top View,,0.33295632949368736,0,0.7867834157628172,1,0.2932439156348433,0,0.1656001790369615,0,0.24417060212123817,0,0.12527446529875316,0,
0802214127610,S14,UBE 850T-2,1,,Bend,,2026-09-11 09:15:14.088407+00:00,,CR,A,A-3,Top View,,0.1157233278067247,0,0.7773084019758544,1,0.3043401291536452,0,0.8366004689496663,1,0.2025057689047875,0,0.8021344881540685,1,
0802222027635,S14,UBE 850T-2,1,,Bend,,2026-09-11 09:15:50.619235+00:00,,CR,R,R-1,Rear,,0.2744689861822808,0,0.7728918445060649,1,0.4659673173664661,1,0.284272772701888,0,0.418502866889192,1,0.09809914725920721,0,
0802222627640,S14,UBE 850T-2,1,,Bend,,2026-09-11 09:16:02.800268+00:00,,CR,R,R-1,Rear,,0.41174257511669665,1,0.7945686754798996,1,0.40196213494490945,1,0.18638228808348012,0,0.1960703636732278,0,0.16297109806861276,0,
0802214327611,S14,UBE 850T-2,1,,Non-Filling,,2026-09-11 09:18:28.239629+00:00,,CR,M,M-2,Right Side,Non_filling,0.2937151608720181,0,0.7773373695927585,1,0.470290814957497,1,0.1845382147354674,0,0.27915995789318687,0,0.3063997850202765,0,1.0
0802214027609,S14,UBE 850T-2,1,,Bend,,2026-09-11 09:19:05.142649+00:00,,CR,A,A-2,Top View,,0.40898309990324744,1,0.7582782831539568,1,0.5518479378705446,1,0.2951294628044078,0,0.24779795502863966,0,0.1257583583679787,0,
0802222227637,S14,UBE 850T-2,1,,Bend,,2026-09-11 09:19:41.682685+00:00,,CR,D,D-4,Top View,,0.2921532608434443,0,0.735280818894829,1,0.6037317612121866,1,0.27081066879467475,0,0.25897543596140676,0,0.12876972479472942,0,
0802223527648,S14,UBE 850T-2,1,,Non-Filling,,2026-09-11 09:22:19.741925+00:00,,CR,S,S-2,Rear,Non_filling,0.5213234057309429,1,0.3027973265133318,0,0.552978939367527,1,0.2985872750678657,0,0.25044166207277774,0,0.12618512207682614,0,1.0
0818144720682,S14,UBE 850T-2,1,,"PLC_COMMUNICATION_FAILED_PLC SLMP START_ACK timeout (expected 1,1,2)",,2026-09-14 05:42:23.307141+00:00,,,,,,,0.6012980717096468,1,0.7690199660965106,1,0.5129879992647098,1,0.7333565528253515,1,0.7369906428701369,1,0.1129336717612284,0,
0802222827642,S14,UBE 850T-2,1,,Non-Filling,,2026-09-11 09:23:24.637908+00:00,,CR,N,N-1,Right Side,Non_filling,0.29167341524753176,0,0.7659158325734162,1,0.6131778082207929,1,0.2843695683506424,0,0.7269057151508446,1,0.10995711807057316,0,1.0
0802221927634,S14,UBE 850T-2,1,,Bend,,2026-09-11 09:23:36.772286+00:00,,CR,O,O-2,Front,,0.07960633473035915,0,0.30161956090320563,0,0.43651946528838115,1,0.5106082557560341,1,0.7462658782778188,1,0.1748920195743046,0,
0802222427638,S14,UBE 850T-2,1,,Bend,,2026-09-11 09:24:13.540420+00:00,,CR,O,O-2,Front,,0.16261713408052902,0,0.7543468130830255,1,0.4019742283065142,1,0.30208156140865067,0,0.6960087310044712,1,0.11983284730067781,0,
0802214927616,S14,UBE 850T-2,1,,Bend,,2026-09-11 09:24:49.968292+00:00,,CR,R,R-1,Rear,,0.16243233697030457,0,0.28156103112303066,0,0.4154102655446265,1,0.5540965650362012,1,0.20360820191182144,0,0.8216591137868985,1,
0817234729968,S14,UBE 850T-2,1,,Blow Hole M8,,2026-09-14 08:27:18.705252+00:00,,CRAM,E,E-2,Bottom View,Blow_Hole,0.7158695406962889,1,0.7569949039208301,1,0.48905958001055494,1,0.5908296909169224,1,0.5865976432288185,1,0.15451574755426267,0,1.0
0802182827522,S14,UBE 850T-2,1,,PLC_COMMUNICATION_FAILED_PLC packet timeout,,2026-09-12 10:39:38.155467+00:00,,,,,,,0.11542610934055689,0,0.7181338293243172,1,0.4696343452777133,1,0.7567634807142238,1,0.27652387745112245,0,0.16135443008509848,0,
0821153320320,S14,UBE 850T-2,1,,M14 Face Blow Hole,,2026-09-14 09:06:03.498746+00:00,,CRAM,E,E-2,Bottom View,Blow_Hole,0.09679879072778169,0,0.281469729330927,0,0.1749051464924894,0,0.15483431174626835,0,0.18050838125565555,0,0.7894675738306773,1,0.0
0821155820339,S14,UBE 850T-2,1,,M14 Face Blow Hole,,2026-09-14 09:09:49.761461+00:00,,CRAM,E,E-2,Bottom View,Blow_Hole,0.48842491955496,1,0.2684786586264086,0,0.17565818081932416,0,0.15882303110480744,0,0.28781522002048826,0,0.14005283499704466,0,1.0
0802161327409,S14,UBE 850T-2,1,,Non-Filling,,2026-09-11 09:53:05.763468+00:00,,CR,A,A-1,Top View,Non_filling,0.6986534576887302,1,0.7618662967520285,1,0.5898885968640641,1,0.35402036499693235,0,0.4195309005842487,1,0.09400756679569594,0,1.0
0801204126941,S14,UBE 850T-2,1,,Non-Filling,,2026-09-22 06:47:24.590702+00:00,,CR,N,N-2,Right Side,Non_filling,0.09628146710652835,0,0.25556874325491935,0,0.39330059200943246,0,0.15418051261093504,0,0.7483253886731805,1,0.1433763441916948,0,0.0
0802223427647,S14,UBE 850T-2,1,,Face Blow Hole,,2026-09-11 17:22:28.432443+00:00,,CRAM,H,H-4,Bottom View,Blow_Hole,0.2917071352899999,0,0.7179569521411203,1,0.21247211588980341,0,0.1836753741228203,0,0.5348442546230395,1,0.15706786119165136,0,0.0
0802190027549,S14,UBE 850T-2,1,,Shrinkage,,2026-09-11 17:26:53.891760+00:00,,CR,H,H-3,Bottom View,Shrinkage,0.07953749918066554,0,0.26188843085254915,0,0.3316726466831332,0,0.3839823142046772,0,0.5776177024571935,1,0.17577411470133644,0,1.0
0802172227467,S14,UBE 850T-2,1,,Porosity,,2026-09-11 17:36:28.256396+00:00,,CRAM,P,P-2,Front,Porosity,0.17835849358418332,0,0.3028626263487266,0,0.46164032727496707,1,0.5965935825986806,1,0.6950678241803252,1,0.12613099222681634,0,1.0
0818144620681,S14,UBE 850T-2,1,,Non-Filling,,2026-09-14 05:42:35.828399+00:00,,CR,A,A-1,Top View,Non_filling,0.2749976523071095,0,0.7623625387017503,1,0.4279248602298401,1,0.6722266623740532,1,0.2505734899801006,0,0.16186711335518977,0,1.0
0819054921344,S14,UBE 850T-2,1,,Non-Filling,,2026-09-14 05:51:47.012779+00:00,,CR,S,S-2,Rear,Non_filling,0.7151489986944654,1,0.763887285341544,1,0.7040819907178177,1,0.5643414605836197,1,0.7452052350329232,1,0.11181676577054878,0,1.0
0819054121337,S14,UBE 850T-2,1,,Black Mark,,2026-09-14 05:57:22.717692+00:00,,CR,H,H-3,Bottom View,,0.2775015751604044,0,0.8056658543087241,1,0.5084710224758016,1,0.9058173398471907,1,0.2585375149408093,0,0.3051745058059042,0,
0819051221312,S14,UBE 850T-2,1,,Non-Filling,,2026-09-14 06:03:23.912603+00:00,,CR,L,L-1,Left Side,Non_filling,0.492006490765353,1,0.8533911295153651,1,0.8119550435696945,1,0.8803426078202398,1,0.19811300144612548,0,0.11735471972578129,0,1.0
0819044721289,S14,UBE 850T-2,1,,Bend,,2026-09-14 06:05:34.378050+00:00,,CR,Q,Q-1,Rear,,0.3042085607658368,0,0.7516028817222927,1,0.5271192787691995,1,0.7542163402067391,1,0.7090421504188833,1,0.20270725083121588,0,
0824190521203,S14,UBE 850T-2,1,,Non-Filling,,2026-09-14 07:08:44.480815+00:00,,CR,L,L-1,Left Side,Non_filling,0.1168051046760445,0,0.27753630744817415,0,0.531123497208271,1,0.5989544451459459,1,0.20299813416481294,0,0.7086085010095178,1,1.0
0821112720165,S14,UBE 850T-2,1,,Black Mark,,2026-09-14 07:16:39.540585+00:00,,CR,H,H-3,Bottom View,,0.178628370512817,0,0.26911030984887585,0,0.329293350915397,0,0.35608214748109807,0,0.23692296580057468,0,0.7971551774605662,1,
0821094720124,S14,UBE 850T-2,1,,Black Mark,,2026-09-14 07:40:09.192050+00:00,,CR,H,H-3,Bottom View,,0.33285537164810797,0,0.276992000986708,0,0.3068748760621495,0,0.2966396686316293,0,0.20278995682816572,0,0.1546683810403466,0,
0817221529925,S14,UBE 850T-2,1,,Non-Filling,,2026-09-14 08:13:57.837011+00:00,,CR,S,S-2,Rear,Non_filling,0.7238543675895303,1,0.7916098486553153,1,0.7704048963342804,1,0.29617652135940475,0,0.7429504180012656,1,0.20309765716615075,0,1.0
0817201529823,S14,UBE 850T-2,1,,Non-Filling,,2026-09-14 08:17:19.470746+00:00,,CR,S,S-2,Rear,Non_filling,0.6780747194730353,1,0.7621879508840322,1,0.6077131460734967,1,0.6709014815379984,1,0.7334039423169818,1,0.8025740331996097,1,1.0
0817195629807,S14,UBE 850T-2,1,,Black Mark,,2026-09-14 08:17:55.929303+00:00,,CR,D,D-1,Top View,,0.5080526307691342,1,0.7689227771910393,1,0.5576172322150261,1,0.26896422604175463,0,0.6867574517277512,1,0.30836515921007335,0,
0818001129988,S14,UBE 850T-2,1,,Non-Filling,,2026-09-14 08:18:35.266644+00:00,,CR,H,H-1,Bottom View,Non_filling,0.6828062531658946,1,0.7751386973709102,1,0.3232724034929077,0,0.5623540017852626,1,0.7486043106353544,1,0.156976187846143,0,0.0
0817195229803,S14,UBE 850T-2,1,,Black Mark,,2026-09-14 08:18:47.413107+00:00,,CR,R,R-2,Rear,,0.8609496714632837,1,0.794185064915408,1,0.563110920107855,1,0.2703199183583803,0,0.7143382101004958,1,0.17669116760306122,0,
0817173729728,S14,UBE 850T-2,1,,Blow Hole M8,,2026-09-14 08:19:03.559769+00:00,,CRAM,E,E-2,Bottom View,Blow_Hole,0.7665658761969669,1,0.7536635438243108,1,0.5234095337314876,1,0.5115295830749031,1,0.7447636332362013,1,0.19715833240093156,0,1.0
0817170929704,S14,UBE 850T-2,1,,Black Mark,,2026-09-14 08:19:31.999344+00:00,,CR,P,P-2,Front,,0.37238931552370413,0,0.7450684135406865,1,0.3710225553418518,0,0.714893514635,1,0.47542003302585456,1,0.15780986268129785,0,
0817173629727,S14,UBE 850T-2,1,,Black Mark,,2026-09-14 08:19:52.451353+00:00,,CR,S,S-1,Rear,,0.6988110435419672,1,0.7492713358258197,1,0.37967769619619174,0,0.798604764562069,1,0.6833003838606944,1,0.1683716679151294,0,
0817180829741,S14,UBE 850T-2,1,,Black Mark,,2026-09-14 08:20:04.601838+00:00,,CR,H,H-3,Bottom View,,0.8712814852671601,1,0.8533897804418065,1,0.7133676875189188,1,0.598375747114851,1,0.24904220027064283,0,0.12859057337431595,0,
0817231329940,S14,UBE 850T-2,1,,Blow Hole M8,,2026-09-14 08:24:36.011936+00:00,,CRAM,E,E-2,Bottom View,Blow_Hole,0.6643761748874419,1,0.7931490071722408,1,0.453503623387396,1,0.8054328941133516,1,0.5747916301353968,1,0.19648699697719663,0,1.0
0824203621282,S14,UBE 850T-2,1,,Non-Filling,,2026-09-14 09:42:54.602360+00:00,,CR,K,K-1,Left Side,Non_filling,0.1738427531004338,0,0.44910281485606796,1,0.14513943258700177,0,0.36256361801410164,0,0.2046286753496342,0,0.802604375305824,1,0.0
0825213322411,S14,UBE 850T-2,1,,Chip-off,,2026-09-14 09:48:17.437754+00:00,,CR,G,G-1,Bottom View,Chipoff,0.1744070005495642,0,0.753996409929542,1,0.11030602348787105,0,0.3516884198744933,0,0.190712868295763,0,0.8017347615644087,1,1.0
0824190821206,S14,UBE 850T-2,1,,Face Blow Hole,,2026-09-14 16:48:44.360331+00:00,,CRAM,B,B-1,Top View,Blow_Hole,0.6481272489419618,1,0.8533824127882668,1,0.4128548884366713,1,0.15100410561608793,0,0.1749715544325336,0,0.09516484817430139,0,1.0
0825215122427,S14,UBE 850T-2,1,,Blow Hole M8,,2026-09-14 16:49:25.165796+00:00,,CRAM,B,B-1,Top View,Blow_Hole,0.18119257293119323,0,0.27482238521462765,0,0.08993579804532625,0,0.18311047318129153,0,0.24792541753333242,0,0.16738229159061127,0,0.0
0825021521517,S14,UBE 850T-2,1,,Non-Filling,,2026-09-14 17:08:02.312597+00:00,,CR,O,O-2,Front,Non_filling,0.17521733157813255,0,0.2770619931982801,0,0.08753459943220074,0,0.28398722458658693,0,0.23821835690289034,0,0.166898801805519,0,0.0
0806094820767,S14,UBE 850T-2,1,,Black Mark,,2026-09-15 10:36:25.750615+00:00,,CR,P,P-1,Front,,0.8765875008157651,1,0.7677543329577163,1,0.5112660634695735,1,0.759990111946845,1,0.25835552383919963,0,0.16265345829674915,0,
0821065222458,S14,UBE 850T-2,1,,M14 Face Blow Hole,,2026-09-15 12:44:22.375442+00:00,,CRAM,E,E-3,Bottom View,Blow_Hole,0.3812880852381134,0,0.26666536634600957,0,0.16428115572025428,0,0.19399549493556978,0,0.20358663818008335,0,0.1696020539889881,0,0.0
0820194721940,S14,UBE 850T-2,1,,Non-Filling,,2026-09-15 13:32:18.490874+00:00,,CR,S,S-1,Rear,Non_filling,0.7238412087533106,1,0.16587412875647195,0,0.050173868886695686,0,0.17481547195770325,0,0.14128088668714392,0,0.898210660030275,1,0.0
0820191321919,S14,UBE 850T-2,1,,Chip-off,,2026-09-15 13:38:43.335805+00:00,,CR,F,F-7,Bottom View,Chipoff,0.18075596563381127,0,0.23651042477472867,0,0.08470787419453454,0,0.17511636214099538,0,0.1956152111372454,0,0.802005578186494,1,1.0
0825140122064,S14,UBE 850T-2,1,,Porosity,,2026-09-15 13:47:37.154124+00:00,,CRAM,P,P-3,Front,Porosity,0.29383308387658946,0,0.27066735410971565,0,0.2401647423982954,0,0.2644451452476617,0,0.25841569005820647,0,0.19266138771954808,0,0.0
0820154221730,S14,UBE 850T-2,1,,Non-Filling,,2026-09-15 15:11:41.834953+00:00,,CR,F,F-2,Bottom View,Non_filling,0.24024825669986047,0,0.23625550474117038,0,0.5747900891646729,1,0.2966616577587752,0,0.2003254562278405,0,0.16242456942781702,0,1.0
0820162421767,S14,UBE 850T-2,1,,Black Mark,,2026-09-15 15:13:02.927566+00:00,,CR,S,S-1,Rear,,0.17054213056286752,0,0.2524715847565847,0,0.2048500465113301,0,0.1624314032449885,0,0.20452185992829405,0,0.16112940132811743,0,
0820155821744,S14,UBE 850T-2,1,,Chip-off,,2026-09-15 15:16:45.295988+00:00,,CR,F,F-2,Bottom View,Chipoff,0.1292593843631,0,0.24387844647859835,0,0.28008368713166787,0,0.18157669495271025,0,0.19883074512378152,0,0.5435675629941832,1,1.0
0807000321385,S14,UBE 850T-2,1,,PLC_COMMUNICATION_FAILED_PLC packet timeout,,2026-09-12 07:55:15.276911+00:00,,,,,,,0.6830001623312534,1,0.7609424162946743,1,0.7875839564158089,1,0.7351942787256764,1,0.25192447225011305,0,0.7288615823076772,1,
0802152027364,S14,UBE 850T-2,1,,Crack,,2026-09-11 10:04:48.095820+00:00,,CR,E,E-5,Bottom View,Crack,0.6643702133453241,1,0.7751432418362874,1,0.42802240412695036,1,0.1812039491512348,0,0.21011554821195758,0,0.1257882774998628,0,1.0
0802145527343,S14,UBE 850T-2,1,,Crack,,2026-09-11 10:07:38.111683+00:00,,CR,G,G-1,Bottom View,Crack,0.24293021246385996,0,0.7566246660974699,1,0.4151328685283028,1,0.7151787112399466,1,0.2427627249057845,0,0.16863523742430073,0,1.0
0802132627268,S14,UBE 850T-2,1,,Crack,,2026-09-11 10:19:40.016480+00:00,,CR,E,E-1,Bottom View,Crack,0.4930059289621092,1,0.7608321088886674,1,0.44720833380211383,1,0.18888062779786208,0,0.24233973223313343,0,0.13835213778702907,0,1.0
0802100527229,S14,UBE 850T-2,1,,Bend,,2026-09-11 10:28:52.560899+00:00,,CR,O,O-1,Front,,0.2774237893635425,0,0.8533912033231235,1,0.7878521377340255,1,0.17532784071792662,0,0.7458302798829428,1,0.10839258286564957,0,
0802105427257,S14,UBE 850T-2,1,,Porosity,,2026-09-11 10:30:29.116241+00:00,,CRAM,E,E-3,Bottom View,Porosity,0.24275005297428293,0,0.7514870879398843,1,0.4149977551228716,1,0.7605920477770832,1,0.4218440126759462,1,0.15505388340796952,0,1.0
0802104927253,S14,UBE 850T-2,1,,Porosity,,2026-09-11 10:31:28.913344+00:00,,CRAM,E,E-2,Bottom View,Porosity,0.16913154507178477,0,0.7742478051488029,1,0.3488798810673743,0,0.8674926206060017,1,0.24106085720742715,0,0.3105507972853883,0,1.0
0802105727260,S14,UBE 850T-2,1,,Bend,,2026-09-11 10:35:53.164874+00:00,,CR,A,A-3,Top View,,0.7661790174369872,1,0.7751969148032187,1,0.4383191799593955,1,0.3566219384621751,0,0.7402725936599723,1,0.0899341948927054,0,
0802103427240,S14,UBE 850T-2,1,,Bend,,2026-09-11 10:36:40.186783+00:00,,CR,D,D-4,Top View,,0.4939975013772601,1,0.2947790817094419,0,0.44625868628129295,1,0.1822973794549124,0,0.29562790475399436,0,0.3115881237384568,0,
0802071027130,S14,UBE 850T-2,1,,Bend,,2026-09-11 10:40:13.520974+00:00,,CR,A,A-2,Top View,,0.1288938830289174,0,0.2560048281618163,0,0.17731100626466262,0,0.4151031860169234,1,0.5276975404835385,1,0.3092922864012186,0,
0802074527155,S14,UBE 850T-2,1,,Bend,,2026-09-11 10:51:59.932454+00:00,,CR,A,A-2,Top View,,0.1782173960301987,0,0.7881532928491618,1,0.6084251368863827,1,0.351030433423528,0,0.23985916943451413,0,0.8206432264007124,1,
0802071627135,S14,UBE 850T-2,1,,Bend,,2026-09-11 10:52:12.172237+00:00,,CR,A,A-3,Top View,,0.2727561563166523,0,0.7629674662407263,1,0.6082659248436044,1,0.18348522360172126,0,0.7319433823538557,1,0.10265348418989889,0,
0802065327118,S14,UBE 850T-2,1,,Bend,,2026-09-11 10:52:24.411644+00:00,,CR,A,A-3,Top View,,0.08788541729842343,0,0.7494886584828988,1,0.30334399510020355,0,0.6784763111074176,1,0.4209543472030637,1,0.17426119394663572,0,
0802062727096,S14,UBE 850T-2,1,,Bend,,2026-09-11 10:52:36.954851+00:00,,CR,A,A-3,Top View,,0.16979013149636688,0,0.7707493211653044,1,0.17642593938108914,0,0.3978627356344525,0,0.7423554981326793,1,0.16063117421539788,0,
0802062527094,S14,UBE 850T-2,1,,Bend,,2026-09-11 10:57:56.360790+00:00,,CR,A,A-2,Top View,,0.16954303843525248,0,0.7526729876846636,1,0.4151671280389621,1,0.1822096157322386,0,0.7170831153581982,1,0.11637537433185569,0,
0802041627040,S14,UBE 850T-2,1,,Bend,,2026-09-11 11:17:54.295371+00:00,,CR,A,A-3,Top View,,0.1786650697955308,0,0.7864595193525391,1,0.5742335497635236,1,0.39838126639454985,0,0.7410859116592288,1,0.15456466247002984,0,
0802045327063,S14,UBE 850T-2,1,,Bend,,2026-09-11 11:20:51.523175+00:00,,CR,A,A-1,Top View,,0.04966429881186162,0,0.8231800161554648,1,0.6047777853429144,1,0.8681570875890017,1,0.27868410998407833,0,0.8621366116293445,1,
0802050127069,S14,UBE 850T-2,1,,Bend,,2026-09-11 11:23:36.967831+00:00,,CR,A,A-3,Top View,,0.1292657378848801,0,0.2912653056138401,0,0.42402743527401626,1,0.1494981397361677,0,0.7481958814337635,1,0.1567511221770829,0,
0806235821381,S14,UBE 850T-2,1,,PLC_COMMUNICATION_FAILED_PLC packet timeout,,2026-09-12 07:55:35.795810+00:00,,,,,,,0.4383861518620003,1,0.7097585126829987,1,0.7132888116172769,1,0.8393096469974215,1,0.7382851072765326,1,0.7838998224252434,1,
0806184921140,S14,UBE 850T-2,1,,PLC_COMMUNICATION_FAILED_PLC packet timeout,,2026-09-12 08:04:15.778631+00:00,,,,,,,0.7701102968767788,1,0.2720739034334232,0,0.5273697252489495,1,0.15076471122586418,0,0.21056207520002188,0,0.1961685204022772,0,
0806191221159,S14,UBE 850T-2,1,,PLC_COMMUNICATION_FAILED_PLC circuit open until 2026-08-07T00:03:58.297Z,,2026-09-12 08:05:00.390964+00:00,,,,,,,0.26944627688953776,0,0.23520846028396036,0,0.5475372823274194,1,0.7557147738683785,1,0.7480565351317676,1,0.7900478319470142,1,
0820134021662,S14,UBE 850T-2,1,,Black Mark,,2026-09-15 16:13:28.511124+00:00,,CR,G,G-1,Bottom View,,0.4942722624385392,1,0.8533882648471323,1,0.6135952014047197,1,0.1845480006112622,0,0.17819266662924604,0,0.14010863403708118,0,
0820133521657,S14,UBE 850T-2,1,,Chip-off,,2026-09-15 16:16:50.948210+00:00,,CR,O,O-1,Front,Chipoff,0.3815333793254341,0,0.25902209413739835,0,0.3965050705581089,0,0.1571733111394918,0,0.20452190679722212,0,0.30532206875303763,0,0.0
0820134721668,S14,UBE 850T-2,1,,Non-Filling,,2026-09-15 16:23:15.446461+00:00,,CR,P,P-2,Front,Non_filling,0.31157403331735756,0,0.26495282521529817,0,0.5914304500543527,1,0.16155831796520734,0,0.23724772425102955,0,0.3110785445179958,0,1.0
0820141521685,S14,UBE 850T-2,1,,Non-Filling,,2026-09-15 16:24:12.371590+00:00,,CR,P,P-1,Front,Non_filling,0.11583889520864028,0,0.23114351616652745,0,0.08520476732018553,0,0.2674646691718381,0,0.4193210382266784,1,0.5748352526693591,1,0.0
0806182821124,S14,UBE 850T-2,1,,Non-Filling,,2026-09-12 08:08:32.509441+00:00,,CR,A,A-4,Top View,Non_filling,0.27110235712334446,0,0.7273626555257392,1,0.5273763749093359,1,0.9245956922981585,1,0.2497166561665748,0,0.8569508069155404,1,1.0
0807004521420,S14,UBE 850T-2,1,,Blow Hole M8,,2026-09-12 16:30:08.980509+00:00,,CRAM,B,B-1,Top View,Blow_Hole,0.5183127309495471,1,0.7130216934591267,1,0.46889286265273555,1,0.16766650393088928,0,0.19850232717016114,0,0.4802659953453514,1,1.0
0807010121433,S14,UBE 850T-2,1,,Non-Filling,,2026-09-12 07:34:02.484495+00:00,,CR,S,S-2,Rear,Non_filling,0.8784026565605634,1,0.7823389288707996,1,0.8005158083957415,1,0.1987315085615331,0,0.21920756170203737,0,0.16697674689436556,0,1.0
0806221521302,S14,UBE 850T-2,1,,Dent,,2026-09-12 07:51:35.687929+00:00,,CR,R,R-2,Rear,,0.6877016955540652,1,0.7491453208515709,1,0.648559556712289,1,0.6788484828999479,1,0.23982696609692356,0,0.710629574614541,1,
0801220827013,S14,UBE 850T-2,1,,"PLC_COMMUNICATION_FAILED_PLC SLMP START_ACK timeout (expected 1,1,2)",,2026-09-22 06:37:32.208356+00:00,,,,,,,0.3330649703045232,0,0.7512145628533692,1,0.4928917295010769,1,0.18384872720056766,0,0.28071835581158555,0,0.11215466107738006,0,
0825210322385,S14,UBE 850T-2,1,,Non-Filling,,2026-09-14 14:06:16.385701+00:00,,CR,L,L-1,Left Side,Non_filling,0.4086201282582196,1,0.266243083700337,0,0.5542481234339094,1,0.26972410308379763,0,0.38196599353296024,0,0.13826135804193398,0,1.0
0826040122722,S14,UBE 850T-2,1,,Black Mark,,2026-09-14 14:57:28.431086+00:00,,CR,A,A-1,Top View,,0.24321890021266548,0,0.28139192681051595,0,0.3269674558466313,0,0.157703018342787,0,0.21052741643669678,0,0.8210723827573643,1,
0826034122704,S14,UBE 850T-2,1,,Black Mark,,2026-09-14 14:59:01.535887+00:00,,CR,A,A-1,Top View,,0.1609263874657585,0,0.29400709763738186,0,0.17656919364959242,0,0.5645270912902656,1,0.1868551772773238,0,0.7072377828966552,1,
0826165623171,S14,UBE 850T-2,1,,M14 Face Blow Hole,,2026-09-14 21:50:04.920297+00:00,,CRAM,E,E-3,Bottom View,Blow_Hole,0.3736353562077135,0,0.2907521099409057,0,0.08558083368273395,0,0.1845774369967788,0,0.17763633042889101,0,0.7128981700172913,1,0.0
0826202623310,S14,UBE 850T-2,1,,Blow Hole M8,,2026-09-14 21:50:45.510955+00:00,,CRAM,E,E-3,Bottom View,Blow_Hole,0.7169340044293682,1,0.8473117867282135,1,0.059142390707393376,0,0.17234757980790533,0,0.7992537855477643,1,0.06165710522285015,0,1.0
0806204621233,S14,UBE 850T-2,1,,Non-Filling,,2026-09-12 08:14:09.650217+00:00,,CR,A,A-1,Top View,Non_filling,0.1685192487203431,0,0.2584777692562147,0,0.4930532790454452,1,0.2961282962299465,0,0.738389420584691,1,0.8029066413287043,1,1.0
0806181221110,S14,UBE 850T-2,1,,PLC_COMMUNICATION_FAILED_PLC packet timeout,,2026-09-12 08:20:42.494255+00:00,,,,,,,0.5506477383977672,1,0.449966843572575,1,0.5620504611824535,1,0.8740541799299885,1,0.46296270610983764,1,0.7781418737605807,1,
0806181621114,S14,UBE 850T-2,1,,PLC_COMMUNICATION_FAILED_PLC packet timeout,,2026-09-12 08:21:23.171359+00:00,,,,,,,0.2746375352870042,0,0.26437656404652626,0,0.5385752963263274,1,0.8196327430650528,1,0.7374843320205314,1,0.8571606674783022,1,
0806174421087,S14,UBE 850T-2,1,,PLC_COMMUNICATION_FAILED_PLC packet timeout,,2026-09-12 08:21:43.332473+00:00,,,,,,,0.6887459823389612,1,0.26708772177286627,0,0.7510771885998719,1,0.2684610662105214,0,0.7257948721037937,1,0.1737571615271306,0,
0806181421112,S14,UBE 850T-2,1,,PLC_COMMUNICATION_FAILED_PLC circuit open until 2026-08-06T23:48:43.068Z,,2026-09-12 08:22:03.804560+00:00,,,,,,,0.48148236755932955,1,0.24565146607523436,0,0.4511475219486897,1,0.8278391482677192,1,0.7499788247377541,1,0.7877581078234697,1,
0806174921091,S14,UBE 850T-2,1,,PLC_COMMUNICATION_FAILED_PLC circuit open until 2026-08-06T23:50:40.297Z,,2026-09-12 08:22:23.957550+00:00,,,,,,,0.7621883347103464,1,0.26423122229133794,0,0.4385474820508923,1,0.14956680559311694,0,0.7491457987532569,1,0.16191284701929676,0,
0806173021075,S14,UBE 850T-2,1,,PLC_COMMUNICATION_FAILED_PLC circuit open until 2026-08-06T23:31:28.956Z,,2026-09-12 08:22:44.424100+00:00,,,,,,,0.3714376092590943,0,0.28173944270268714,0,0.37690223231984066,0,0.6973173858757118,1,0.27933393723403366,0,0.5750439630433383,1,
0806174821090,S14,UBE 850T-2,1,,PLC_COMMUNICATION_FAILED_PLC circuit open until 2026-08-06T23:30:33.683Z,,2026-09-12 08:23:04.587972+00:00,,,,,,,0.22716787950361386,0,0.27820296345102846,0,0.3615865619318164,0,0.4515581410495162,1,0.24379721552535877,0,0.8020535429782342,1,
0806173721081,S14,UBE 850T-2,1,,PLC_COMMUNICATION_FAILED_PLC circuit open until 2026-08-06T23:49:42.986Z,,2026-09-12 08:23:25.060592+00:00,,,,,,,0.6669408132441299,1,0.2727609538003263,0,0.4948193389903333,1,0.8847806340621297,1,0.28753371629785923,0,0.8304675545728297,1,
0806175421095,S14,UBE 850T-2,1,,PLC_COMMUNICATION_FAILED_PLC packet timeout,,2026-09-12 08:23:45.657259+00:00,,,,,,,0.6193214951210442,1,0.2747121897519535,0,0.4307928980039798,1,0.7143547956829008,1,0.2962734892050077,0,0.45376971392706855,1,
0806174321086,S14,UBE 850T-2,1,,PLC_COMMUNICATION_FAILED_PLC packet timeout,,2026-09-12 08:24:07.330442+00:00,,,,,,,0.5052218082809125,1,0.302555809146003,0,0.5902393509066517,1,0.6029199831114272,1,0.23559371591685477,0,0.799371940138006,1,
0806110020829,S14,UBE 850T-2,1,,PLC_COMMUNICATION_FAILED_PLC packet timeout,,2026-09-12 08:24:54.450487+00:00,,,,,,,0.240403482874417,0,0.709748362793101,1,0.7837237855319064,1,0.3832444883411257,0,0.7077706543564231,1,0.8583869774688986,1,
0806111320841,S14,UBE 850T-2,1,,PLC_COMMUNICATION_FAILED_PLC packet timeout,,2026-09-12 08:25:28.522536+00:00,,,,,,,0.33274596777066323,0,0.7182884939325694,1,0.3756035862488296,0,0.1495064286564525,0,0.20127761905949187,0,0.7767998980896421,1,
0806111020838,S14,UBE 850T-2,1,,PLC_COMMUNICATION_FAILED_PLC circuit open until 2026-08-06T23:14:32.957Z,,2026-09-12 08:25:50.195096+00:00,,,,,,,0.6668147554538215,1,0.2563387302195511,0,0.4965410293338694,1,0.5315415334262069,1,0.5633682155307193,1,0.640733040786745,1,
0806111420842,S14,UBE 850T-2,1,,PLC_COMMUNICATION_FAILED_PLC packet timeout,,2026-09-12 08:26:37.277216+00:00,,,,,,,0.4427065342383451,1,0.7139088690992287,1,0.5084836370384789,1,0.23163147447487625,0,0.5345608210210724,1,0.16496949051843648,0,
0806111620843,S14,UBE 850T-2,1,,PLC_COMMUNICATION_FAILED_PLC circuit open until 2026-08-06T23:38:37.870Z,,2026-09-12 08:26:58.939400+00:00,,,,,,,0.5046757132730804,1,0.3396031978055393,0,0.7966579904446556,1,0.2950733687513912,0,0.5788599257751256,1,0.15966813676501596,0,
0806102520799,S14,UBE 850T-2,1,,PLC_COMMUNICATION_FAILED_PLC packet timeout,,2026-09-12 08:27:19.116951+00:00,,,,,,,0.6194426738264448,1,0.7460513676843381,1,0.7724935048243835,1,0.8664407630523263,1,0.27956968424447026,0,0.16671226580720297,0,
0806105020821,S14,UBE 850T-2,1,,PLC_COMMUNICATION_FAILED_PLC circuit open until 2026-08-06T23:59:20.789Z,,2026-09-12 08:27:51.566469+00:00,,,,,,,0.33654250792237,0,0.8155147632615749,1,0.7782781170450848,1,0.70645456062364,1,0.7478054544132597,1,0.713225185729651,1,
0806103520808,S14,UBE 850T-2,1,,PLC_COMMUNICATION_FAILED_PLC packet timeout,,2026-09-12 08:28:11.711937+00:00,,,,,,,0.37863273345691306,0,0.7963920294064122,1,0.7956006100038835,1,0.7552921528948345,1,0.6962471838688542,1,0.47532406068308675,1,
0806101620791,S14,UBE 850T-2,1,,PLC_COMMUNICATION_FAILED_PLC circuit open until 2026-08-06T23:05:23.668Z,,2026-09-12 08:28:32.206317+00:00,,,,,,,0.4156271606086594,1,0.7466911213740589,1,0.7074692102955817,1,0.7600515643447705,1,0.741224799855706,1,0.820820605837802,1,
0806103120804,S14,UBE 850T-2,1,,PLC_COMMUNICATION_FAILED_PLC packet timeout,,2026-09-12 08:28:52.920717+00:00,,,,,,,0.8606354266659559,1,0.7555520872203343,1,0.5901066973720082,1,0.5628113098755225,1,0.7159730340330366,1,0.309259044109063,0,
0806155720999,S14,UBE 850T-2,1,,PLC_COMMUNICATION_FAILED_PLC packet timeout,,2026-09-12 08:29:14.565465+00:00,,,,,,,0.22681685265153004,0,0.22451265610802695,0,0.5897758916633997,1,0.8788067136924529,1,0.250106534671524,0,0.8621982158745204,1,
0806161621015,S14,UBE 850T-2,1,,PLC_COMMUNICATION_FAILED_PLC circuit open until 2026-08-06T23:28:05.256Z,,2026-09-12 08:29:35.898330+00:00,,,,,,,0.4810719905069099,1,0.22043801374408253,0,0.6545181779203308,1,0.7901263045556594,1,0.7148609446481174,1,0.7139649239145888,1,
0806161221012,S14,UBE 850T-2,1,,PLC_COMMUNICATION_FAILED_PLC packet timeout,,2026-09-12 08:29:57.578643+00:00,,,,,,,0.6002089848438499,1,0.2692542511784578,0,0.723285496385291,1,0.8664650621604819,1,0.27670381662760435,0,0.5124250428220689,1,
0806160721008,S14,UBE 850T-2,1,,Non-Filling,,2026-09-12 08:30:10.441661+00:00,,CR,A,A-4,Top View,Non_filling,0.47736965959600025,1,0.24081310139447698,0,0.5950162940128658,1,0.8775369467769201,1,0.7402033231745669,1,0.7812236069636324,1,1.0
0806160921009,S14,UBE 850T-2,1,,PLC_COMMUNICATION_FAILED_PLC packet timeout,,2026-09-12 08:30:32.137021+00:00,,,,,,,0.6988752721373546,1,0.2592710964298469,0,0.5514577015267055,1,0.8193940472810032,1,0.27674173028923005,0,0.6895642692429331,1,
0806155821000,S14,UBE 850T-2,1,,PLC_COMMUNICATION_FAILED_PLC packet timeout,,2026-09-12 08:30:53.483240+00:00,,,,,,,0.49875113476083754,1,0.24839752131099924,0,0.49218298402646504,1,0.8485642337400748,1,0.24764713925053222,0,0.16556037203987953,0,
0806104820819,S14,UBE 850T-2,1,,PLC_COMMUNICATION_FAILED_PLC packet timeout,,2026-09-12 08:32:19.716975+00:00,,,,,,,0.4794159062835872,1,0.8165592928432552,1,0.7088564931070145,1,0.5813472565788893,1,0.714030379968112,1,0.7973769328865999,1,
0806153520981,S14,UBE 850T-2,1,,PLC_COMMUNICATION_FAILED_PLC packet timeout,,2026-09-12 08:32:41.494772+00:00,,,,,,,0.766018137311779,1,0.2807932446185327,0,0.5273229089547614,1,0.14970196909521938,0,0.4212517141729242,1,0.7292609676934039,1,
0806161521014,S14,UBE 850T-2,1,,Non-Filling,,2026-09-12 08:32:54.437129+00:00,,CR,O,O-1,Front,Non_filling,0.5682432515454232,1,0.29128462768022234,0,0.6042605566902636,1,0.7351868817587303,1,0.42193351649682975,1,0.42690680828390515,1,1.0
0806100620783,S14,UBE 850T-2,1,,PLC_COMMUNICATION_FAILED_PLC circuit open until 2026-08-06T20:14:34.560Z,,2026-09-12 08:33:41.762031+00:00,,,,,,,0.5233456717883682,1,0.27313623156362243,0,0.6158291834129145,1,0.8095537580257564,1,0.6970613896965703,1,0.8207366271022167,1,
0806110120830,S14,UBE 850T-2,1,,PLC_COMMUNICATION_FAILED_PLC packet timeout,,2026-09-12 08:34:03.535785+00:00,,,,,,,0.29474371963754875,0,0.7790996459380273,1,0.806176651543097,1,0.8212869209718225,1,0.39494897232014414,0,0.7890371507457093,1,
0806102820802,S14,UBE 850T-2,1,,Dent,,2026-09-12 08:34:33.607768+00:00,,CR,R,R-1,Rear,,0.5775057815937181,1,0.30205518322176417,0,0.5781820487779273,1,0.3835301412940669,0,0.7487539961224736,1,0.16025314698752957,0,
0806103420807,S14,UBE 850T-2,1,,PLC_COMMUNICATION_FAILED_PLC packet timeout,,2026-09-12 08:34:55.282802+00:00,,,,,,,0.8604433038158384,1,0.7953078268203545,1,0.7908933592643996,1,0.8448930087717558,1,0.7390943777247374,1,0.16813597867793154,0,
0806102020795,S14,UBE 850T-2,1,,PLC_COMMUNICATION_FAILED_PLC packet timeout,,2026-09-12 08:35:16.633481+00:00,,,,,,,0.7659290590040053,1,0.26853556044352955,0,0.43731759332789777,1,0.14892719554457307,0,0.6959570863274129,1,0.30870902492581204,0,
0806104220814,S14,UBE 850T-2,1,,PLC_COMMUNICATION_FAILED_PLC packet timeout,,2026-09-12 08:35:38.364211+00:00,,,,,,,0.4792720792017167,1,0.8012032328750214,1,0.6994019245860101,1,0.7596431599932257,1,0.7011882622458403,1,0.7095742350369866,1,
0806103920811,S14,UBE 850T-2,1,,Non-Filling,,2026-09-12 08:35:51.338010+00:00,,CR,A,A-2,Top View,Non_filling,0.6050275885994862,1,0.8144946151562342,1,0.7060177485698373,1,0.44251852319820373,1,0.7379607326873778,1,0.7820751471065744,1,1.0
0806110920837,S14,UBE 850T-2,1,,PLC_COMMUNICATION_FAILED_PLC circuit open until 2026-08-06T21:22:51.118Z,,2026-09-12 08:36:16.750141+00:00,,,,,,,0.49111939692100803,1,0.27758602180413017,0,0.7135281511597014,1,0.5852352179906475,1,0.4195359420325818,1,0.1542673026384211,0,
0806091720741,S14,UBE 850T-2,1,,PLC_COMMUNICATION_FAILED_PLC circuit open until 2026-08-06T21:23:54.540Z,,2026-09-12 08:36:38.204770+00:00,,,,,,,0.4944741234658119,1,0.25328091070559056,0,0.8032136274357352,1,0.7614941444789353,1,0.2427615202163686,0,0.8629607384818705,1,
0806104120813,S14,UBE 850T-2,1,,PLC_COMMUNICATION_FAILED_PLC packet timeout,,2026-09-12 08:36:59.939573+00:00,,,,,,,0.6476661631502487,1,0.8277967941426336,1,0.7043514305798177,1,0.5105710849000922,1,0.2783316981974242,0,0.849971261851815,1,
0806101820793,S14,UBE 850T-2,1,,PLC_COMMUNICATION_FAILED_PLC packet timeout,,2026-09-12 08:37:21.341903+00:00,,,,,,,0.5371027807972779,1,0.27450296618390707,0,0.3583558154246055,0,0.3832405606885975,0,0.2767673693638668,0,0.1710977820792754,0,
0806154720991,S14,UBE 850T-2,1,,PLC_COMMUNICATION_FAILED_PLC circuit open until 2026-08-06T21:44:02.533Z,,2026-09-12 08:37:43.071311+00:00,,,,,,,0.33614249788901146,0,0.24843289703141447,0,0.7133120919454397,1,0.6771292048861016,1,0.7144792654511832,1,0.7070308210814589,1,
0806154120986,S14,UBE 850T-2,1,,PLC_COMMUNICATION_FAILED_PLC packet timeout,,2026-09-12 08:38:04.483236+00:00,,,,,,,0.5662895356766984,1,0.7473370351462139,1,0.7900880852991097,1,0.15048240483939263,0,0.2190205884800752,0,0.7080854551402322,1,
0806160021002,S14,UBE 850T-2,1,,PLC_COMMUNICATION_FAILED_PLC packet timeout,,2026-09-12 08:38:39.172975+00:00,,,,,,,0.7951829254576794,1,0.7457226861886881,1,0.616985989994375,1,0.5854426652420313,1,0.24311614545610874,0,0.8209868516964646,1,
0806155220995,S14,UBE 850T-2,1,,PLC_COMMUNICATION_FAILED_PLC packet timeout,,2026-09-12 08:39:00.573929+00:00,,,,,,,0.5247847103925696,1,0.28323428673606016,0,0.6633184065430863,1,0.7487939134305067,1,0.24301544776296624,0,0.77138276145166,1,
0806145820951,S14,UBE 850T-2,1,,PLC_COMMUNICATION_FAILED_PLC packet timeout,,2026-09-12 08:39:22.295138+00:00,,,,,,,0.504983843510536,1,0.27038317703645165,0,0.4950219832765296,1,0.7522723301747329,1,0.20119475905573775,0,0.772167080325785,1,
0806150320955,S14,UBE 850T-2,1,,PLC_COMMUNICATION_FAILED_PLC packet timeout,,2026-09-12 08:39:43.711939+00:00,,,,,,,0.3098000633515376,0,0.2595074326597956,0,0.35619866217293195,0,0.5910228873382279,1,0.7439848696736657,1,0.7780230328314056,1,
0806145620949,S14,UBE 850T-2,1,,PLC_COMMUNICATION_FAILED_PLC packet timeout,,2026-09-12 08:40:05.440345+00:00,,,,,,,0.6308924008604246,1,0.272320776142434,0,0.7610982816317722,1,0.5116854798066541,1,0.5827298251661329,1,0.19658404727775314,0,
0806151120962,S14,UBE 850T-2,1,,PLC_COMMUNICATION_FAILED_PLC circuit open until 2026-08-06T22:27:44.466Z,,2026-09-12 08:40:26.850274+00:00,,,,,,,0.7275422618210461,1,0.7791371812370034,1,0.4985553570905987,1,0.15267603599903454,0,0.24940030574318056,0,0.8031996515398898,1,
0806155921001,S14,UBE 850T-2,1,,PLC_COMMUNICATION_FAILED_PLC packet timeout,,2026-09-12 08:40:48.574181+00:00,,,,,,,0.7229800644029689,1,0.267559765797192,0,0.5388398835356248,1,0.6975067546022522,1,0.2069196126410628,0,0.8562363183261096,1,
0805061629531,S14,UBE 850T-2,1,,PLC_COMMUNICATION_FAILED_PLC packet timeout,,2026-09-12 10:10:32.862275+00:00,,,,,,,0.05868312314966578,0,0.2388407379201647,0,0.3721026239071391,0,0.8964454294914477,1,0.29463997117963964,0,0.8894881447149673,1,
0806172521071,S14,UBE 850T-2,1,,Face Blow Hole,,2026-09-12 13:38:41.645246+00:00,,CRAM,C,C-1,Top View,Blow_Hole,0.8584994509288221,1,0.7058042059849059,1,0.7829471506188004,1,0.4249551629664394,1,0.41966055775056127,1,0.154422118510127,0,1.0
0806173621080,S14,UBE 850T-2,1,,PLC_COMMUNICATION_FAILED_PLC circuit open until 2026-08-06T23:21:52.572Z,,2026-09-12 08:21:02.686261+00:00,,,,,,,0.23947719966825523,0,0.8533897367854472,1,0.7704040806210125,1,0.67942738870029,1,0.18069307513271377,0,0.6935970101712956,1,
0806150920960,S14,UBE 850T-2,1,,Non-Filling,,2026-09-12 08:38:17.403355+00:00,,CR,R,R-3,Rear,Non_filling,0.7565007256543796,1,0.26278747068246533,0,0.37655608902685306,0,0.7346672538511095,1,0.28021672506141787,0,0.7816599780455986,1,0.0
0826034922711,S14,UBE 850T-2,1,,Black Mark,,2026-09-14 15:00:01.993178+00:00,,CR,A,A-1,Top View,,0.24120511644794604,0,0.7082035996296117,1,0.17643887632851288,0,0.3538316199853934,0,0.1978395429450749,0,0.176811100962583,0,
0826042722745,S14,UBE 850T-2,1,,Black Mark,,2026-09-14 15:00:14.153203+00:00,,CR,A,A-1,Top View,,0.16516091619788253,0,0.8533899968850941,1,0.442348938934195,1,0.17502414548894984,0,0.17259983784551036,0,0.2319837751479727,0,
0826040622726,S14,UBE 850T-2,1,,Black Mark,,2026-09-14 15:01:59.347339+00:00,,CR,A,A-1,Top View,,0.08797747047453461,0,0.7054370916609208,1,0.08748316726197441,0,0.29583538090617534,0,0.20934458607266762,0,0.7784896058471019,1,
0806151320963,S14,UBE 850T-2,1,,Non-Filling,,2026-09-12 08:41:23.270883+00:00,,CR,R,R-3,Rear,Non_filling,0.5213145150771894,1,0.26229415493932,0,0.6062958539929777,1,0.7346901546757326,1,0.7360960737545102,1,0.7622489080138652,1,1.0
0806160121003,S14,UBE 850T-2,1,,Non-Filling,,2026-09-12 08:42:05.907529+00:00,,CR,R,R-1,Rear,Non_filling,0.5488165357852934,1,0.7098345268854822,1,0.42532412024994176,1,0.5814739806411299,1,0.24978788002884594,0,0.7127799830881033,1,1.0
0806151520965,S14,UBE 850T-2,1,,PLC_COMMUNICATION_FAILED_PLC circuit open until 2026-08-06T23:12:53.041Z,,2026-09-12 08:42:26.166382+00:00,,,,,,,0.7024567917212635,1,0.29097114726996676,0,0.6878221640773785,1,0.734858536673948,1,0.24775384110867155,0,0.7137965004962832,1,
0806150720958,S14,UBE 850T-2,1,,PLC_COMMUNICATION_FAILED_PLC packet timeout,,2026-09-12 08:42:46.693599+00:00,,,,,,,0.7234434283995783,1,0.2438565143277584,0,0.3576817823647115,0,0.6716417843153712,1,0.4223864868426399,1,0.8019773754486044,1,
0806154920993,S14,UBE 850T-2,1,,PLC_COMMUNICATION_FAILED_PLC packet timeout,,2026-09-12 08:43:06.914028+00:00,,,,,,,0.8589231082273734,1,0.26027661405293734,0,0.676661022023991,1,0.3596182028349073,0,0.25274844857586093,0,0.167941273773152,0,
0806161121011,S14,UBE 850T-2,1,,PLC_COMMUNICATION_FAILED_PLC packet timeout,,2026-09-12 08:43:27.442809+00:00,,,,,,,0.5970153281731644,1,0.2657678714192545,0,0.5626794566452026,1,0.8734328201076426,1,0.24785993827703806,0,0.7122280100577825,1,
0806150220954,S14,UBE 850T-2,1,,PLC_COMMUNICATION_FAILED_PLC circuit open until 2026-08-06T23:07:56.359Z,,2026-09-12 08:43:47.666166+00:00,,,,,,,0.5236130160722148,1,0.2547844028123819,0,0.5300147378070073,1,0.7589845744781518,1,0.41763560319938964,1,0.17775593670531703,0,
0806151420964,S14,UBE 850T-2,1,,PLC_COMMUNICATION_FAILED_PLC packet timeout,,2026-09-12 08:44:08.282494+00:00,,,,,,,0.39904137844287446,0,0.25324091354935874,0,0.42770383407612034,1,0.87325841502069,1,0.7083580951724031,1,0.7831468159825828,1,
0806145720950,S14,UBE 850T-2,1,,PLC_COMMUNICATION_FAILED_PLC packet timeout,,2026-09-12 08:44:28.592619+00:00,,,,,,,0.27295771064713914,0,0.2608100321898233,0,0.5785290594731183,1,0.8775733761816251,1,0.748992082522433,1,0.8550018409415439,1,
0806181521113,S14,UBE 850T-2,1,,PLC_COMMUNICATION_FAILED_PLC circuit open until 2026-08-06T15:20:57.260Z,,2026-09-12 08:45:09.548740+00:00,,,,,,,0.6451276406858101,1,0.7096502073198906,1,0.4890086024783431,1,0.5851105269879795,1,0.743489807083414,1,0.1622743217824016,0,
0806181021109,S14,UBE 850T-2,1,,PLC_COMMUNICATION_FAILED_PLC circuit open until 2026-08-06T15:24:12.379Z,,2026-09-12 08:45:30.164018+00:00,,,,,,,0.343644004608831,0,0.2501627023017736,0,0.5428618484030165,1,0.8394333104224492,1,0.7487116907532837,1,0.7718989811205023,1,
0806025920454,S14,UBE 850T-2,1,,PLC_COMMUNICATION_FAILED_PLC packet timeout,,2026-09-12 08:46:59.600685+00:00,,,,,,,0.08110906556911489,0,0.7965170968937018,1,0.552981520957683,1,0.9254913955817432,1,0.1816466827968209,0,0.8831227194843366,1,
0806052120567,S14,UBE 850T-2,1,,PLC_COMMUNICATION_FAILED_PLC packet timeout,,2026-09-12 08:47:44.313494+00:00,,,,,,,0.38122193970583385,0,0.22831203810021902,0,0.6037959332799934,1,0.5107677987690002,1,0.7458008147064403,1,0.6898759397820461,1,
0806051620563,S14,UBE 850T-2,1,,PLC_COMMUNICATION_FAILED_PLC packet timeout,,2026-09-12 08:48:04.583193+00:00,,,,,,,0.1691688809985775,0,0.22724829221754472,0,0.5087945756516048,1,0.8803249797882065,1,0.7466817339269433,1,0.8727014888464414,1,
0806052820573,S14,UBE 850T-2,1,,PLC_COMMUNICATION_FAILED_PLC packet timeout,,2026-09-12 08:48:25.173033+00:00,,,,,,,0.3659318043898018,0,0.2222899098238575,0,0.34674752853702306,0,0.8684073277447566,1,0.7161578022804685,1,0.7130320492621546,1,
0806052020566,S14,UBE 850T-2,1,,PLC_COMMUNICATION_FAILED_PLC circuit open until 2026-08-06T11:48:16.701Z,,2026-09-12 08:48:45.447995+00:00,,,,,,,0.31874922526537913,0,0.21392885241583473,0,0.445005695603951,1,0.8386811622611454,1,0.708275776116509,1,0.8657067120446467,1,
0806043220528,S14,UBE 850T-2,1,,PLC_COMMUNICATION_FAILED_PLC circuit open until 2026-08-06T11:30:08.751Z,,2026-09-12 08:49:06.043132+00:00,,,,,,,0.09536177705978745,0,0.2547785719325898,0,0.5791993876199419,1,0.88935494980217,1,0.24898915692817003,0,0.8840143250914471,1,
0806045920549,S14,UBE 850T-2,1,,PLC_COMMUNICATION_FAILED_PLC packet timeout,,2026-09-12 08:50:11.185120+00:00,,,,,,,0.481337713781286,1,0.7449531580736098,1,0.5229171637224775,1,0.8362723517857713,1,0.27882321753530004,0,0.8586907488104559,1,
0806045520546,S14,UBE 850T-2,1,,PLC_COMMUNICATION_FAILED_PLC circuit open until 2026-08-06T11:19:42.080Z,,2026-09-12 08:50:31.456166+00:00,,,,,,,0.47920141290958007,1,0.20945630373303056,0,0.5540779495561228,1,0.8783845330321295,1,0.5276492020339517,1,0.8782740944831867,1,
0806052220568,S14,UBE 850T-2,1,,PLC_COMMUNICATION_FAILED_PLC circuit open until 2026-08-06T10:21:29.631Z,,2026-09-12 08:50:52.030934+00:00,,,,,,,0.17148193252151864,0,0.24923483376928313,0,0.465319558881346,1,0.8863901080185219,1,0.41956609360114155,1,0.8704941804298866,1,
0806034920493,S14,UBE 850T-2,1,,PLC_COMMUNICATION_FAILED_PLC circuit open until 2026-08-06T10:20:18.689Z,,2026-09-12 08:51:12.302970+00:00,,,,,,,0.2729799020667072,0,0.26710850475111125,0,0.34687216029671314,0,0.8794763759971047,1,0.4216612455860427,1,0.8487756656300408,1,
0806051420561,S14,UBE 850T-2,1,,PLC_COMMUNICATION_FAILED_PLC packet timeout,,2026-09-12 08:51:32.883983+00:00,,,,,,,0.1701891603460045,0,0.23490597716865658,0,0.4362042463669614,1,0.8201436946214453,1,0.7326353424655954,1,0.8777093542407365,1,
0806035620499,S14,UBE 850T-2,1,,PLC_COMMUNICATION_FAILED_PLC circuit open until 2026-08-06T10:13:55.557Z,,2026-09-12 08:51:53.163897+00:00,,,,,,,0.2947191144878866,0,0.707434922081506,1,0.4534735400446017,1,0.5725424168284254,1,0.24740921795337423,0,0.8587114776734485,1,
0806050720556,S14,UBE 850T-2,1,,PLC_COMMUNICATION_FAILED_PLC packet timeout,,2026-09-12 08:52:13.743236+00:00,,,,,,,0.16935590851626522,0,0.24244803225825085,0,0.41533432764360156,1,0.8890969992767367,1,0.7405484787392967,1,0.8705591566398629,1,
0806062320601,S14,UBE 850T-2,1,,PLC_COMMUNICATION_FAILED_PLC circuit open until 2026-08-06T11:25:11.089Z,,2026-09-12 08:52:34.012135+00:00,,,,,,,0.27504179840647885,0,0.2531712448694565,0,0.6368693899786146,1,0.8213290196499128,1,0.24995431777671975,0,0.7663648220904121,1,
0806045720548,S14,UBE 850T-2,1,,PLC_COMMUNICATION_FAILED_PLC packet timeout,,2026-09-12 08:52:54.554856+00:00,,,,,,,0.4270457663312058,1,0.25859801250727044,0,0.46576944849583274,1,0.88230429670884,1,0.2768172582449249,0,0.8558110674912961,1,
0806060820589,S14,UBE 850T-2,1,,PLC_COMMUNICATION_FAILED_PLC circuit open until 2026-08-06T13:06:16.718Z,,2026-09-12 08:53:14.783136+00:00,,,,,,,0.4662446990562614,1,0.2606350212008007,0,0.4587231695099857,1,0.3503837484989021,0,0.279895037809901,0,0.7825074315456986,1,
0806051520562,S14,UBE 850T-2,1,,PLC_COMMUNICATION_FAILED_PLC circuit open until 2026-08-06T11:36:03.063Z,,2026-09-12 08:53:51.444273+00:00,,,,,,,0.07591876365619554,0,0.22952350057417137,0,0.7038234017713597,1,0.886231480605699,1,0.4223583039438204,1,0.8959619064055608,1,
0806061320593,S14,UBE 850T-2,1,,PLC_COMMUNICATION_FAILED_PLC packet timeout,,2026-09-12 08:54:11.714922+00:00,,,,,,,0.2733078689131194,0,0.24538259490320774,0,0.2930799509790901,0,0.8396335647783095,1,0.7075010700075277,1,0.8706167006502503,1,
0806032320473,S14,UBE 850T-2,1,,Porosity,,2026-09-12 08:54:40.337321+00:00,,CRAM,E,E-2,Bottom View,Porosity,0.06088070163120791,0,0.2431479451867753,0,0.6123420453889372,1,0.9013999617826514,1,0.2088176123129008,0,0.8904920766427288,1,1.0
0806064320618,S14,UBE 850T-2,1,,PLC_COMMUNICATION_FAILED_PLC packet timeout,,2026-09-12 08:55:17.002202+00:00,,,,,,,0.4964470299568938,1,0.750628442113471,1,0.3767447217075054,0,0.7519745245546643,1,0.4193433623832241,1,0.8578477572549571,1,
0806061420594,S14,UBE 850T-2,1,,PLC_COMMUNICATION_FAILED_PLC circuit open until 2026-08-07T00:10:29.504Z,,2026-09-12 08:55:37.571628+00:00,,,,,,,0.6544541723192723,1,0.24289549662242782,0,0.5336383787595117,1,0.350734333331956,0,0.5351867366844678,1,0.7900292453560426,1,
0806061520595,S14,UBE 850T-2,1,,PLC_COMMUNICATION_FAILED_PLC circuit open until 2026-08-07T00:11:24.071Z,,2026-09-12 08:55:57.835332+00:00,,,,,,,0.5521408372214351,1,0.2669663162358029,0,0.41678808944083623,1,0.8664729244223058,1,0.24947393804003992,0,0.7624973816235645,1,
0806063120608,S14,UBE 850T-2,1,,PLC_COMMUNICATION_FAILED_PLC circuit open until 2026-08-07T00:06:35.731Z,,2026-09-12 08:56:18.407456+00:00,,,,,,,0.269470968975184,0,0.2917800372295273,0,0.46883941622579234,1,0.6632948021909795,1,0.5271867400763155,1,0.8479526412600108,1,
0806062920606,S14,UBE 850T-2,1,,PLC_COMMUNICATION_FAILED_PLC circuit open until 2026-08-06T23:48:43.068Z,,2026-09-12 08:56:38.711790+00:00,,,,,,,0.6671837182943012,1,0.3025719298638412,0,0.38947583109133715,0,0.8203203842821509,1,0.24014085055969087,0,0.8658291334668672,1,
0806040020502,S14,UBE 850T-2,1,,PLC_COMMUNICATION_FAILED_PLC packet timeout,,2026-09-12 08:57:19.566942+00:00,,,,,,,0.1771560226376387,0,0.25430910768401216,0,0.41277325353341493,1,0.889938003237606,1,0.5352029812673786,1,0.8676504376873305,1,
0806040720508,S14,UBE 850T-2,1,,PLC_COMMUNICATION_FAILED_PLC circuit open until 2026-08-06T15:28:58.300Z,,2026-09-12 08:57:40.135475+00:00,,,,,,,0.6012421903063494,1,0.24928812173772974,0,0.6090935109146158,1,0.558140660461815,1,0.7082260081390359,1,0.7103976222871259,1,
0806035120495,S14,UBE 850T-2,1,,PLC_COMMUNICATION_FAILED_PLC packet timeout,,2026-09-12 08:58:00.437480+00:00,,,,,,,0.48960147829312517,1,0.2601157086024888,0,0.43830243698657456,1,0.8845421602960142,1,0.7088243496054953,1,0.8476468562592435,1,
0806035420497,S14,UBE 850T-2,1,,PLC_COMMUNICATION_FAILED_PLC circuit open until 2026-08-06T15:22:31.419Z,,2026-09-12 08:58:21.050757+00:00,,,,,,,0.3811357417253968,0,0.2787152175511298,0,0.5773722359126143,1,0.8874251257398564,1,0.24085630128445312,0,0.8688154046745308,1,
0806043720532,S14,UBE 850T-2,1,,PLC_COMMUNICATION_FAILED_PLC circuit open until 2026-08-06T14:37:26.194Z,,2026-09-12 08:58:41.359025+00:00,,,,,,,0.34371389691531035,0,0.2539146783728401,0,0.46519104337195005,1,0.7555927595128535,1,0.7413479396498673,1,0.7126468778959274,1,
0806043120527,S14,UBE 850T-2,1,,PLC_COMMUNICATION_FAILED_PLC packet timeout,,2026-09-12 08:59:14.067245+00:00,,,,,,,0.489932452943641,1,0.23388165771242553,0,0.49297697796806456,1,0.8848907589660322,1,0.5271579009861382,1,0.8605104048226427,1,
0806041920517,S14,UBE 850T-2,1,,PLC_COMMUNICATION_FAILED_PLC packet timeout,,2026-09-12 08:59:34.399726+00:00,,,,,,,0.26073670903515256,0,0.23029623031179575,0,0.44925699779563333,1,0.5643526152524578,1,0.5804375734528873,1,0.6899789506686929,1,
0806042620523,S14,UBE 850T-2,1,,Porosity,,2026-09-12 08:59:50.986153+00:00,,CRAM,E,E-2,Bottom View,Porosity,0.1654517651680022,0,0.23482018888153822,0,0.5582782019538273,1,0.8828510637695544,1,0.7387958946484947,1,0.8800574461039861,1,1.0
0806041120511,S14,UBE 850T-2,1,,PLC_COMMUNICATION_FAILED_PLC packet timeout,,2026-09-12 09:00:11.299447+00:00,,,,,,,0.08580524086103172,0,0.2162649115896951,0,0.7040438722540929,1,0.8817712259599149,1,0.41793467282535146,1,0.8836540413941114,1,
0806042920525,S14,UBE 850T-2,1,,PLC_COMMUNICATION_FAILED_PLC packet timeout,,2026-09-12 09:00:31.911928+00:00,,,,,,,0.3519608254242559,0,0.25753326258358467,0,0.4489811196001313,1,0.8809969803971154,1,0.3952524698845803,0,0.8751363408456492,1,
0806042720524,S14,UBE 850T-2,1,,PLC_COMMUNICATION_FAILED_PLC packet timeout,,2026-09-12 09:00:52.226921+00:00,,,,,,,0.17532378987678848,0,0.22685188629169187,0,0.41529481095855536,1,0.8189793958747025,1,0.7484329639868308,1,0.8747655680062989,1,
0806035020494,S14,UBE 850T-2,1,,PLC_COMMUNICATION_FAILED_PLC packet timeout,,2026-09-12 09:01:12.862776+00:00,,,,,,,0.38229488429418457,0,0.2630251414343052,0,0.5817194243501219,1,0.8755344499344515,1,0.27644363332144517,0,0.8580440018154629,1,
0806043620531,S14,UBE 850T-2,1,,Porosity,,2026-09-12 09:01:41.245483+00:00,,CRAM,E,E-2,Bottom View,Porosity,0.4076073943177591,1,0.2511964224050962,0,0.389003798791104,0,0.8757932027094253,1,0.535145042752279,1,0.8684740211348942,1,1.0
0806040120503,S14,UBE 850T-2,1,,PLC_COMMUNICATION_FAILED_PLC circuit open until 2026-08-06T15:31:14.300Z,,2026-09-12 09:02:01.868087+00:00,,,,,,,0.2730609123487228,0,0.2522864069083881,0,0.4519326916011245,1,0.7240039600765249,1,0.7084279451799866,1,0.7942606257248906,1,
0806041220512,S14,UBE 850T-2,1,,PLC_COMMUNICATION_FAILED_PLC packet timeout,,2026-09-12 09:02:22.179944+00:00,,,,,,,0.05629099399919455,0,0.24949560495232756,0,0.3834761889831272,0,0.8855137232539418,1,0.20518554099183425,0,0.9034014300698938,1,
0806043420529,S14,UBE 850T-2,1,,PLC_COMMUNICATION_FAILED_PLC circuit open until 2026-08-06T16:03:05.652Z,,2026-09-12 09:02:42.794804+00:00,,,,,,,0.2751966219480255,0,0.23132765694699908,0,0.45533376415027427,1,0.6977226656843399,1,0.7398445719157578,1,0.7621115414310192,1,
0806045120543,S14,UBE 850T-2,1,,PLC_COMMUNICATION_FAILED_PLC packet timeout,,2026-09-12 09:03:23.629455+00:00,,,,,,,0.08409031301627874,0,0.22734322915426214,0,0.5386992769744151,1,0.6326700910575629,1,0.7416538748377629,1,0.8864608674946336,1,
0806041720516,S14,UBE 850T-2,1,,PLC_COMMUNICATION_FAILED_PLC packet timeout,,2026-09-12 09:03:43.894137+00:00,,,,,,,0.35247559126117395,0,0.24064976324867365,0,0.46574039256556765,1,0.42739237107469386,1,0.5897448970775601,1,0.6903774881941093,1,
0806150820959,S14,UBE 850T-2,1,,PLC_COMMUNICATION_FAILED_PLC circuit open until 2026-08-06T22:23:20.840Z,,2026-09-12 08:41:09.999102+00:00,,,,,,,0.7034057759942475,1,0.2279415859686224,0,0.5773908652718182,1,0.7237275443859107,1,0.41971723122222404,1,0.7101996565827696,1,
0806145420948,S14,UBE 850T-2,1,,Blow Hole M8,,2026-09-12 08:41:40.439904+00:00,,CRAM,B,B-1,Top View,Blow_Hole,0.7659229949410041,1,0.7049506429777459,1,0.5086237704441161,1,0.7056082939766575,1,0.7320603622466872,1,0.15945053163010917,0,1.0
0826040822728,S14,UBE 850T-2,1,,Black Mark,,2026-09-14 15:02:35.814986+00:00,,CR,A,A-1,Top View,,0.17820261856575842,0,0.7114007115294723,1,0.16441358462142883,0,0.18119707710957972,0,0.19158458692626093,0,0.7127225800498298,1,
0826040022721,S14,UBE 850T-2,1,,Black Mark,,2026-09-14 15:03:12.349956+00:00,,CR,A,A-1,Top View,,0.1809239546646024,0,0.853388505031628,1,0.6112495066881305,1,0.17243447685037883,0,0.17870327808024647,0,0.17800897091167941,0,
0826033822702,S14,UBE 850T-2,1,,Black Mark,,2026-09-14 15:03:24.544581+00:00,,CR,R,R-3,Rear,,0.3187745083755692,0,0.74656218544287,1,0.17502954004462143,0,0.35516297525183954,0,0.2044788878231395,0,0.3106554760974409,0,
0806033120479,S14,UBE 850T-2,1,,PLC_COMMUNICATION_FAILED_PLC circuit open until 2026-08-06T03:50:09.543Z,,2026-09-12 09:10:02.399015+00:00,,,,,,,0.4946421106218155,1,0.2202758642758774,0,0.42530501262191134,1,0.7147437161010798,1,0.24918514860867003,0,0.8617225284188285,1,
0806023920439,S14,UBE 850T-2,1,,PLC_COMMUNICATION_FAILED_PLC circuit open until 2026-08-06T03:43:11.668Z,,2026-09-12 09:10:22.662759+00:00,,,,,,,0.05821894361048221,0,0.2440862789413095,0,0.4635495638132326,1,0.8996346744973518,1,0.23754319872124607,0,0.8936664747119217,1,
0806033720484,S14,UBE 850T-2,1,,PLC_COMMUNICATION_FAILED_PLC packet timeout,,2026-09-12 09:11:03.499495+00:00,,,,,,,0.4897405568183501,1,0.25469412600995806,0,0.6111299233328809,1,0.8855204868468884,1,0.7092955550377427,1,0.858492853843012,1,
0806030820461,S14,UBE 850T-2,1,,PLC_COMMUNICATION_FAILED_PLC circuit open until 2026-08-06T03:49:20.702Z,,2026-09-12 09:11:24.079680+00:00,,,,,,,0.38139188626262555,0,0.2221387745526959,0,0.6086840741589604,1,0.882864765332709,1,0.41811994803711017,1,0.8693196511661495,1,
0806033420481,S14,UBE 850T-2,1,,PLC_COMMUNICATION_FAILED_PLC circuit open until 2026-08-06T03:44:11.710Z,,2026-09-12 09:11:44.327632+00:00,,,,,,,0.17715390255205626,0,0.7055243787330789,1,0.5569654453637085,1,0.8362931189963708,1,0.19776312377809135,0,0.8804807188535608,1,
0806030620459,S14,UBE 850T-2,1,,PLC_COMMUNICATION_FAILED_PLC circuit open until 2026-08-06T03:34:17.669Z,,2026-09-12 09:12:04.896207+00:00,,,,,,,0.4776367623632799,1,0.25283000374594167,0,0.4519549168845059,1,0.8969683548049603,1,0.25295388312095446,0,0.8654039542478332,1,
0806032620475,S14,UBE 850T-2,1,,PLC_COMMUNICATION_FAILED_PLC circuit open until 2026-08-06T03:56:17.976Z,,2026-09-12 09:12:25.160171+00:00,,,,,,,0.17888339362858932,0,0.24576181560289462,0,0.578935079603573,1,0.819713909434431,1,0.2588179738708124,0,0.8869908489284221,1,
0806030920462,S14,UBE 850T-2,1,,PLC_COMMUNICATION_FAILED_PLC circuit open until 2026-08-06T03:35:17.079Z,,2026-09-12 09:12:45.728312+00:00,,,,,,,0.3827571140810419,0,0.2356832255352381,0,0.49774716089735477,1,0.8848113056003165,1,0.4635199265073192,1,0.8604402500963358,1,
0806032120471,S14,UBE 850T-2,1,,PLC_COMMUNICATION_FAILED_PLC packet timeout,,2026-09-12 09:13:05.987840+00:00,,,,,,,0.058915191713411676,0,0.23088632320959224,0,0.6114782977530133,1,0.895043026698908,1,0.24327988795386923,0,0.8896329445018858,1,
0806031920470,S14,UBE 850T-2,1,,PLC_COMMUNICATION_FAILED_PLC packet timeout,,2026-09-12 09:13:42.658402+00:00,,,,,,,0.1776037991654801,0,0.24916080972390478,0,0.47088822268022745,1,0.7232744385227126,1,0.24143260238221492,0,0.8920376320562701,1,
0806030720460,S14,UBE 850T-2,1,,PLC_COMMUNICATION_FAILED_PLC circuit open until 2026-08-06T03:49:20.702Z,,2026-09-12 09:14:03.241402+00:00,,,,,,,0.29342123343679233,0,0.23998247494608765,0,0.480876993001263,1,0.9038549111513767,1,0.23866882977741904,0,0.8930982023656725,1,
0806022420428,S14,UBE 850T-2,1,,PLC_COMMUNICATION_FAILED_PLC circuit open until 2026-08-06T03:23:23.600Z,,2026-09-12 09:14:23.552620+00:00,,,,,,,0.16523432497376717,0,0.23062704714361593,0,0.7448762505526481,1,0.7986155741809792,1,0.242075023999397,0,0.8865922668690578,1,
0806024420443,S14,UBE 850T-2,1,,PLC_COMMUNICATION_FAILED_PLC packet timeout,,2026-09-12 09:14:44.165309+00:00,,,,,,,0.06299367963372496,0,0.2457594239924388,0,0.43216429440389287,1,0.888856342547669,1,0.200244149662274,0,0.8991545092202352,1,
0806023620437,S14,UBE 850T-2,1,,Porosity,,2026-09-12 09:15:00.436647+00:00,,CRAM,P,P-2,Front,Porosity,0.09564549597846093,0,0.24244567318579996,0,0.7774528996750179,1,0.8781764617750477,1,0.29461445393976315,0,0.884155078914694,1,1.0
0806012720397,S14,UBE 850T-2,1,,PLC_COMMUNICATION_FAILED_PLC packet timeout,,2026-09-12 09:15:41.289303+00:00,,,,,,,0.06195386083648254,0,0.2325459843725804,0,0.4322910814695285,1,0.9021038709784266,1,0.20566463586620087,0,0.8932714934442569,1,
0806022020425,S14,UBE 850T-2,1,,PLC_COMMUNICATION_FAILED_PLC packet timeout,,2026-09-12 09:16:01.574590+00:00,,,,,,,0.4965576228531134,1,0.25282425240019624,0,0.4537371765832694,1,0.8094346320933662,1,0.7354714098923593,1,0.7655813807573931,1,
0806014720411,S14,UBE 850T-2,1,,PLC_COMMUNICATION_FAILED_PLC packet timeout,,2026-09-12 09:16:22.162020+00:00,,,,,,,0.05710691066134737,0,0.22924549136164435,0,0.46225454445911507,1,0.895073680735411,1,0.3951849920573709,0,0.8909056428583614,1,
0806012320394,S14,UBE 850T-2,1,,PLC_COMMUNICATION_FAILED_PLC packet timeout,,2026-09-12 09:16:42.433470+00:00,,,,,,,0.06598717758963339,0,0.212042189834426,0,0.6082242799893604,1,0.8877849527181008,1,0.18369068402113672,0,0.8986561338909883,1,
0806021920424,S14,UBE 850T-2,1,,PLC_COMMUNICATION_FAILED_PLC packet timeout,,2026-09-12 09:17:03.025134+00:00,,,,,,,0.33297358439324126,0,0.7897361866482681,1,0.3233670750719599,0,0.9117427600282945,1,0.3822140087981689,0,0.8656818859256299,1,
0806021320419,S14,UBE 850T-2,1,,PLC_COMMUNICATION_FAILED_PLC circuit open until 2026-08-06T03:19:51.783Z,,2026-09-12 09:17:23.290392+00:00,,,,,,,0.17523399252443636,0,0.2346345890180888,0,0.32333800419593944,0,0.7372254173090044,1,0.2799109115169362,0,0.8702479752249047,1,
0806023120433,S14,UBE 850T-2,1,,PLC_COMMUNICATION_FAILED_PLC packet timeout,,2026-09-12 09:17:43.865924+00:00,,,,,,,0.06429279996973358,0,0.23868906575884333,0,0.5402113893934336,1,0.8761578923160355,1,0.2031807741694944,0,0.8924359423257976,1,
0806021820423,S14,UBE 850T-2,1,,PLC_COMMUNICATION_FAILED_PLC packet timeout,,2026-09-12 09:18:04.153491+00:00,,,,,,,0.23899149779199838,0,0.2571467659092516,0,0.5097177929135508,1,0.8740360517124011,1,0.24798978280161538,0,0.8613592027862595,1,
0806023420435,S14,UBE 850T-2,1,,PLC_COMMUNICATION_FAILED_PLC packet timeout,,2026-09-12 09:18:24.726277+00:00,,,,,,,0.07086206103936607,0,0.21526390279609448,0,0.6082780494506829,1,0.8802943342228148,1,0.21157727264827983,0,0.87326449883909,1,
0806022720430,S14,UBE 850T-2,1,,PLC_COMMUNICATION_FAILED_PLC circuit open until 2026-08-06T03:35:17.079Z,,2026-09-12 09:18:44.993273+00:00,,,,,,,0.0594737183188324,0,0.23860711139133844,0,0.5275818960954863,1,0.8858630019034701,1,0.20905409428755156,0,0.8954523203791933,1,
0806014820412,S14,UBE 850T-2,1,,PLC_COMMUNICATION_FAILED_PLC circuit open until 2026-08-06T03:38:50.714Z,,2026-09-12 09:19:05.610937+00:00,,,,,,,0.05480476269820185,0,0.21831867166216548,0,0.46750940604264357,1,0.9034718629693782,1,0.287882240179267,0,0.8987162004539724,1,
0806025520450,S14,UBE 850T-2,1,,PLC_COMMUNICATION_FAILED_PLC packet timeout,,2026-09-12 09:19:25.890595+00:00,,,,,,,0.28767807545834717,0,0.26840595844358595,0,0.6063454273244367,1,0.8362938764898802,1,0.32269218813704853,0,0.8551705170286374,1,
0806010420385,S14,UBE 850T-2,1,,PLC_COMMUNICATION_FAILED_PLC packet timeout,,2026-09-12 09:20:02.511635+00:00,,,,,,,0.28778874942369004,0,0.26044761175204606,0,0.3757215590688627,0,0.8657780469141368,1,0.7445349378267963,1,0.7710923567175259,1,
0806022820431,S14,UBE 850T-2,1,,PLC_COMMUNICATION_FAILED_PLC packet timeout,,2026-09-12 09:20:23.044210+00:00,,,,,,,0.07026984382397307,0,0.20693102434271166,0,0.35848363161225694,0,0.8847839995201686,1,0.20852594836930166,0,0.8777521004920449,1,
0806014420409,S14,UBE 850T-2,1,,PLC_COMMUNICATION_FAILED_PLC packet timeout,,2026-09-12 09:20:43.268101+00:00,,,,,,,0.062391212941031005,0,0.23125679421243847,0,0.4586482504859689,1,0.8069190201085382,1,0.2039172368653704,0,0.8931781472410242,1,
0806021420420,S14,UBE 850T-2,1,,PLC_COMMUNICATION_FAILED_PLC packet timeout,,2026-09-12 09:21:03.855058+00:00,,,,,,,0.07883782831672023,0,0.2365762650294032,0,0.5328974598475971,1,0.7555182265061554,1,0.241290529733254,0,0.8661751728218353,1,
0806012820398,S14,UBE 850T-2,1,,PLC_COMMUNICATION_FAILED_PLC circuit open until 2026-08-06T08:31:19.167Z,,2026-09-12 09:21:24.084179+00:00,,,,,,,0.06827103113358601,0,0.25503862327609883,0,0.5569689210673632,1,0.819376311746784,1,0.2374374137048163,0,0.8781853194724074,1,
0806010620386,S14,UBE 850T-2,1,,PLC_COMMUNICATION_FAILED_PLC circuit open until 2026-08-06T08:51:23.925Z,,2026-09-12 09:22:00.687270+00:00,,,,,,,0.7564336336521644,1,0.29105119712026584,0,0.5196800815287957,1,0.4522388323073899,1,0.7082294927612921,1,0.46607580126837655,1,
0806013120400,S14,UBE 850T-2,1,,PLC_COMMUNICATION_FAILED_PLC packet timeout,,2026-09-12 09:22:37.290719+00:00,,,,,,,0.31870148020010547,0,0.7534266515780759,1,0.6113547224506015,1,0.9166525659324569,1,0.5631351512743906,1,0.766134614154975,1,
0806030220456,S14,UBE 850T-2,1,,Porosity,,2026-09-12 09:22:53.810673+00:00,,CRAM,P,P-2,Front,Porosity,0.08438957610818064,0,0.24611543356405263,0,0.37272156949503904,0,0.8785430218372936,1,0.197885580116277,0,0.895970912631568,1,1.0
0806004620373,S14,UBE 850T-2,1,,PLC_COMMUNICATION_FAILED_PLC packet timeout,,2026-09-12 09:23:14.056912+00:00,,,,,,,0.2745337234899255,0,0.2390634781967242,0,0.443797993864249,1,0.869363172517431,1,0.2785648691492981,0,0.8534927775712706,1,
0806013420402,S14,UBE 850T-2,1,,PLC_COMMUNICATION_FAILED_PLC circuit open until 2026-08-06T09:36:06.597Z,,2026-09-12 09:23:34.633508+00:00,,,,,,,0.1751340362710618,0,0.8533905425241927,1,0.7809561595872077,1,0.8029571456031657,1,0.27893534999245295,0,0.8656952880044065,1,
0806013220401,S14,UBE 850T-2,1,,PLC_COMMUNICATION_FAILED_PLC circuit open until 2026-08-06T08:46:39.213Z,,2026-09-12 09:23:54.909899+00:00,,,,,,,0.1895623339042224,0,0.2536045572044534,0,0.6140553700191601,1,0.6227391714002052,1,0.2378212895121662,0,0.87654942162852,1,
0806014020406,S14,UBE 850T-2,1,,PLC_COMMUNICATION_FAILED_PLC packet timeout,,2026-09-12 09:24:15.543847+00:00,,,,,,,0.05523792436919788,0,0.7078608493508292,1,0.4292067728241396,1,0.9262549269994637,1,0.20307698326911702,0,0.9043052855497974,1,
0806014520410,S14,UBE 850T-2,1,,PLC_COMMUNICATION_FAILED_PLC packet timeout,,2026-09-12 09:24:35.855981+00:00,,,,,,,0.05920460740732476,0,0.24125063737146138,0,0.4585695068606631,1,0.9008830694615442,1,0.1996969192713164,0,0.9012875790439714,1,
0806040420505,S14,UBE 850T-2,1,,PLC_COMMUNICATION_FAILED_PLC circuit open until 2026-08-06T17:54:47.036Z,,2026-09-12 09:04:04.469017+00:00,,,,,,,0.2390219981314953,0,0.26578442795036183,0,0.5815659714063389,1,0.6633239725692388,1,0.5270166105736853,1,0.7786648308735661,1,
0806034020486,S14,UBE 850T-2,1,,PLC_COMMUNICATION_FAILED_PLC packet timeout,,2026-09-12 09:04:45.361130+00:00,,,,,,,0.16268196288038295,0,0.25688410055655647,0,0.5820518887583558,1,0.6717771995325093,1,0.7388955655012184,1,0.7094947286137132,1,
0806034620491,S14,UBE 850T-2,1,,PLC_COMMUNICATION_FAILED_PLC circuit open until 2026-08-06T16:29:37.188Z,,2026-09-12 09:05:05.627986+00:00,,,,,,,0.21534447324576086,0,0.7098519175107565,1,0.5163734413451594,1,0.8395844198449907,1,0.24790608307229137,0,0.8741693901443491,1,
0806022520429,S14,UBE 850T-2,1,,M14 Face Blow Hole,,2026-09-12 09:05:22.174142+00:00,,CRAM,E,E-2,Bottom View,Blow_Hole,0.06539417908219772,0,0.2544357920412338,0,0.5315664201217087,1,0.7995580316444375,1,0.19659530200471143,0,0.8981577805347228,1,0.0
0806023820438,S14,UBE 850T-2,1,,PLC_COMMUNICATION_FAILED_PLC circuit open until 2026-08-06T15:38:58.108Z,,2026-09-12 09:05:42.426228+00:00,,,,,,,0.06259119084129348,0,0.24228720209331434,0,0.2899560691221835,0,0.8852175602076491,1,0.21109865414991225,0,0.8833537253070561,1,
0806010720387,S14,UBE 850T-2,1,,PLC_COMMUNICATION_FAILED_PLC packet timeout,,2026-09-12 09:06:02.954194+00:00,,,,,,,0.26080845492614624,0,0.254810633401726,0,0.4554522484499825,1,0.7233513586228082,1,0.2474521996512256,0,0.8659637545888536,1,
0806032820477,S14,UBE 850T-2,1,,PLC_COMMUNICATION_FAILED_PLC circuit open until 2026-08-06T12:57:04.402Z,,2026-09-12 09:06:23.213881+00:00,,,,,,,0.4791239081952213,1,0.26360250864930845,0,0.7825587885938619,1,0.8629622399295365,1,0.24289204656747776,0,0.8584787175279308,1,
0806004720374,S14,UBE 850T-2,1,,PLC_COMMUNICATION_FAILED_PLC circuit open until 2026-08-06T15:25:06.399Z,,2026-09-12 09:06:43.792135+00:00,,,,,,,0.49382695862165565,1,0.25081496182494634,0,0.46803329538989796,1,0.8876917124244148,1,0.7267941540477114,1,0.8599767990182868,1,
0806033620483,S14,UBE 850T-2,1,,PLC_COMMUNICATION_FAILED_PLC circuit open until 2026-08-06T15:20:11.865Z,,2026-09-12 09:07:04.059281+00:00,,,,,,,0.09623625046894806,0,0.24130759337150803,0,0.5549706771837144,1,0.8948397121320439,1,0.23908949041101807,0,0.8932105006717078,1,
0806022920432,S14,UBE 850T-2,1,,PLC_COMMUNICATION_FAILED_PLC packet timeout,,2026-09-12 09:07:24.629810+00:00,,,,,,,0.07273890364436025,0,0.24335786371823803,0,0.5129700689035994,1,0.8397729952279375,1,0.2051227522825252,0,0.8797967928824943,1,
0806022120426,S14,UBE 850T-2,1,,PLC_COMMUNICATION_FAILED_PLC packet timeout,,2026-09-12 09:07:44.903217+00:00,,,,,,,0.5197474244300404,1,0.26605214640260655,0,0.53858357422389,1,0.5247492987448422,1,0.4193702971276067,1,0.8553551923463173,1,
0806032720476,S14,UBE 850T-2,1,,PLC_COMMUNICATION_FAILED_PLC packet timeout,,2026-09-12 09:08:48.839254+00:00,,,,,,,0.1292251915491882,0,0.2605673272189788,0,0.7775317794703408,1,0.8804204292315635,1,0.24266958860179388,0,0.8835337414905257,1,
0806031220464,S14,UBE 850T-2,1,,Chip-off,,2026-09-12 09:09:05.071264+00:00,,CR,C,C-1,Top View,Chipoff,0.6011635808483922,1,0.2822149064581751,0,0.34977242739537057,0,0.5089204053887678,1,0.27664070887209385,0,0.8304223171155186,1,1.0
0806031820469,S14,UBE 850T-2,1,,PLC_COMMUNICATION_FAILED_PLC packet timeout,,2026-09-12 09:09:25.591704+00:00,,,,,,,0.1773840318593421,0,0.25655106218189094,0,0.7187917405892162,1,0.8057092345750778,1,0.20973427379643028,0,0.8692487178136838,1,
0806011220391,S14,UBE 850T-2,1,,Shrinkage,,2026-09-12 09:09:41.824005+00:00,,CR,J,J-1,Left Side,Shrinkage,0.3811635116679537,0,0.2836150971814937,0,0.46594588846062523,1,0.8094907141592511,1,0.4702994503565582,1,0.7821031316636688,1,1.0
0806021020417,S14,UBE 850T-2,1,,PLC_COMMUNICATION_FAILED_PLC circuit open until 2026-08-06T03:25:52.290Z,,2026-09-12 09:15:20.707922+00:00,,,,,,,0.1812101716664762,0,0.2387673120082917,0,0.45395190412958586,1,0.7544807144298729,1,0.24901339064325778,0,0.8686603942250876,1,
0826041422733,S14,UBE 850T-2,1,,Black Mark,,2026-09-14 15:03:45.072686+00:00,,CR,A,A-1,Top View,,0.17388657598533763,0,0.7118535963745719,1,0.14517120637792083,0,0.2995357419065877,0,0.2007517548373866,0,0.7115768183935395,1,
0826040322724,S14,UBE 850T-2,1,,Black Mark,,2026-09-14 15:03:57.272860+00:00,,CR,A,A-1,Top View,,0.23954398809806157,0,0.7125621551475677,1,0.37217034026109713,0,0.17739415312575807,0,0.21389536392327196,0,0.16923227805662905,0,
0818021920099,S14,UBE 850T-2,1,,Black Mark,,2026-09-14 15:20:47.288254+00:00,,CR,A,A-1,Top View,,0.7236706120401315,1,0.7643474333017066,1,0.7218151231958965,1,0.5104343941444013,1,0.7160932443515605,1,0.30510202628852157,0,
0818022120101,S14,UBE 850T-2,1,,Black Mark,,2026-09-14 15:21:24.133817+00:00,,CR,A,A-1,Top View,,0.5327041659283129,1,0.7672715408132937,1,0.37673528203939477,0,0.8653161606884701,1,0.7008482848509703,1,0.783351691323015,1,
0805225520292,S14,UBE 850T-2,1,,PLC_COMMUNICATION_FAILED_PLC circuit open until 2026-08-06T07:54:21.563Z,,2026-09-12 09:27:11.073507+00:00,,,,,,,0.06734909228641175,0,0.2282335306984852,0,0.5920035737273021,1,0.8758241236697607,1,0.20501871551892809,0,0.8819965388943634,1,
0805225620293,S14,UBE 850T-2,1,,PLC_COMMUNICATION_FAILED_PLC packet timeout,,2026-09-12 09:27:52.170478+00:00,,,,,,,0.06583134061835566,0,0.21234417313553997,0,0.46361327042074685,1,0.878503142287039,1,0.20070047893727433,0,0.8879437016280011,1,
0806000120342,S14,UBE 850T-2,1,,PLC_COMMUNICATION_FAILED_PLC packet timeout,,2026-09-12 09:28:33.335439+00:00,,,,,,,0.05996487204500173,0,0.2497965765206135,0,0.5919832500780575,1,0.9040896751739836,1,0.2086749779965789,0,0.895274187845954,1,
0806002120358,S14,UBE 850T-2,1,,PLC_COMMUNICATION_FAILED_PLC circuit open until 2026-08-06T08:48:14.827Z,,2026-09-12 09:28:53.762373+00:00,,,,,,,0.0739501273651498,0,0.2228723720169633,0,0.3232928503870163,0,0.8936954725780605,1,0.24871866112060986,0,0.8992967375886476,1,
0806002520361,S14,UBE 850T-2,1,,PLC_COMMUNICATION_FAILED_PLC circuit open until 2026-08-06T08:00:23.735Z,,2026-09-12 09:29:30.716016+00:00,,,,,,,0.22717792434854603,0,0.23751827677456605,0,0.41553405840823643,1,0.5379436274084488,1,0.27858691745019515,0,0.860286113941486,1,
0805231620307,S14,UBE 850T-2,1,,PLC_COMMUNICATION_FAILED_PLC packet timeout,,2026-09-12 09:30:11.890213+00:00,,,,,,,0.2684239186881132,0,0.25766070494720383,0,0.5240814607578258,1,0.7347865042891126,1,0.24773181946023892,0,0.8658699637972467,1,
0805231820308,S14,UBE 850T-2,1,,PLC_COMMUNICATION_FAILED_PLC packet timeout,,2026-09-12 09:30:32.602401+00:00,,,,,,,0.1702750801422137,0,0.23969145863981925,0,0.3469363755293458,0,0.898703749365541,1,0.29604683374165863,0,0.8847782380521372,1,
0806001620354,S14,UBE 850T-2,1,,PLC_COMMUNICATION_FAILED_PLC packet timeout,,2026-09-12 09:30:53.027374+00:00,,,,,,,0.763924970407227,1,0.26384574103124875,0,0.6090378547654128,1,0.5674681952898433,1,0.24728967873285734,0,0.7822385962172794,1,
0805231320304,S14,UBE 850T-2,1,,PLC_COMMUNICATION_FAILED_PLC circuit open until 2026-08-06T08:01:29.901Z,,2026-09-12 09:31:33.892729+00:00,,,,,,,0.49498874201041965,1,0.2705153950127442,0,0.6084353059672698,1,0.8864926237759977,1,0.29561596675349866,0,0.8820102221683445,1,
0805222520270,S14,UBE 850T-2,1,,PLC_COMMUNICATION_FAILED_PLC circuit open until 2026-08-06T08:57:22.597Z,,2026-09-12 09:31:54.630894+00:00,,,,,,,0.0852435584370507,0,0.20432296115776316,0,0.5283733801367685,1,0.9092614198992959,1,0.2799810837084521,0,0.8827672777707024,1,
0805231920309,S14,UBE 850T-2,1,,PLC_COMMUNICATION_FAILED_PLC packet timeout,,2026-09-12 09:32:15.064670+00:00,,,,,,,0.33307978290427015,0,0.27070707003360406,0,0.35537311897690294,0,0.8905039138280032,1,0.3954994214996394,0,0.8717397585392485,1,
0806002920364,S14,UBE 850T-2,1,,PLC_COMMUNICATION_FAILED_PLC packet timeout,,2026-09-12 09:32:35.791441+00:00,,,,,,,0.33276838879445625,0,0.21556848786191365,0,0.4153637672765241,1,0.8754774777146405,1,0.736690548590718,1,0.8561185519329405,1,
0805232920317,S14,UBE 850T-2,1,,PLC_COMMUNICATION_FAILED_PLC circuit open until 2026-08-06T01:56:54.787Z,,2026-09-12 09:33:28.959451+00:00,,,,,,,0.6134694374418885,1,0.26971873589855566,0,0.46121613921950744,1,0.8662600389333652,1,0.2769164287825852,0,0.7799549298830144,1,
0805230320298,S14,UBE 850T-2,1,,PLC_COMMUNICATION_FAILED_PLC circuit open until 2026-08-06T01:35:45.041Z,,2026-09-12 09:33:49.709348+00:00,,,,,,,0.05822802863302401,0,0.24419119951014578,0,0.37210349853944646,0,0.897129941013393,1,0.1952109128293601,0,0.9023835147902559,1,
0805233520322,S14,UBE 850T-2,1,,PLC_COMMUNICATION_FAILED_PLC packet timeout,,2026-09-12 09:34:10.148261+00:00,,,,,,,0.5198911537040731,1,0.27944610022201466,0,0.6089608532646051,1,0.8855128678514426,1,0.20334660339492583,0,0.8702465658353072,1,
0806000320344,S14,UBE 850T-2,1,,PLC_COMMUNICATION_FAILED_PLC circuit open until 2026-08-06T02:04:09.140Z,,2026-09-12 09:34:30.873427+00:00,,,,,,,0.062246033617465085,0,0.24076275291050303,0,0.43716728717462494,1,0.8780026456980874,1,0.24424721786322248,0,0.8817426569322743,1,
0805222320268,S14,UBE 850T-2,1,,PLC_COMMUNICATION_FAILED_PLC circuit open until 2026-08-06T01:40:26.541Z,,2026-09-12 09:34:51.293636+00:00,,,,,,,0.275431813126339,0,0.25801761389162925,0,0.37315249090942737,0,0.8828525657512121,1,0.2765791820301108,0,0.8574986096061616,1,
0805233620323,S14,UBE 850T-2,1,,PLC_COMMUNICATION_FAILED_PLC packet timeout,,2026-09-12 09:35:12.021238+00:00,,,,,,,0.3815971564087788,0,0.2573524325098156,0,0.35770600421171084,0,0.8385753569382862,1,0.24948034355574888,0,0.8724210253482599,1,
0805230820300,S14,UBE 850T-2,1,,PLC_COMMUNICATION_FAILED_PLC circuit open until 2026-08-06T02:19:15.835Z,,2026-09-12 09:35:32.450987+00:00,,,,,,,0.053416046342514956,0,0.20294847392012313,0,0.023709887552100278,0,0.9004432007327643,1,0.14441465444601287,0,0.3076955617972121,0,
0805235620338,S14,UBE 850T-2,1,,PLC_COMMUNICATION_FAILED_PLC packet timeout,,2026-09-12 09:35:53.156377+00:00,,,,,,,0.3115742852169301,0,0.2565317103038601,0,0.47970235455551063,1,0.9258110392031695,1,0.24861643974295602,0,0.8746029418624386,1,
0806000820348,S14,UBE 850T-2,1,,PLC_COMMUNICATION_FAILED_PLC packet timeout,,2026-09-12 09:36:13.536771+00:00,,,,,,,0.2272562155347944,0,0.24935935591443179,0,0.5816678568176409,1,0.805542545314523,1,0.7093400253748676,1,0.782444626404654,1,
0806003020365,S14,UBE 850T-2,1,,PLC_COMMUNICATION_FAILED_PLC circuit open until 2026-08-06T01:42:11.236Z,,2026-09-12 09:36:34.320568+00:00,,,,,,,0.3124071694899169,0,0.24839342530423014,0,0.6134035504691463,1,0.798325677276976,1,0.4185337100813094,1,0.7613978328878249,1,
0806002420360,S14,UBE 850T-2,1,,PLC_COMMUNICATION_FAILED_PLC circuit open until 2026-08-06T02:18:11.146Z,,2026-09-12 09:36:54.717150+00:00,,,,,,,0.08078236285247745,0,0.24505476584853259,0,0.4362076105390491,1,0.8906770113967012,1,0.20895013540950302,0,0.8840510579486497,1,
0805234020326,S14,UBE 850T-2,1,,PLC_COMMUNICATION_FAILED_PLC circuit open until 2026-08-06T02:16:44.994Z,,2026-09-12 09:37:15.420757+00:00,,,,,,,0.2748607244242819,0,0.2313120340537143,0,0.49724938012061226,1,0.7567934942704486,1,0.2799664647041393,0,0.8606143961559437,1,
0805225920295,S14,UBE 850T-2,1,,PLC_COMMUNICATION_FAILED_PLC packet timeout,,2026-09-12 09:37:35.825441+00:00,,,,,,,0.0699115046865604,0,0.23146748996848424,0,0.356012808753549,0,0.8386762533127101,1,0.24718197571276085,0,0.8616339423797752,1,
0805230220297,S14,UBE 850T-2,1,,PLC_COMMUNICATION_FAILED_PLC circuit open until 2026-08-06T01:43:10.062Z,,2026-09-12 09:37:56.574119+00:00,,,,,,,0.0600763948448499,0,0.23035233373148406,0,0.4613218208030482,1,0.8953293134912361,1,0.19126653180664263,0,0.9033953461517839,1,
0806003120366,S14,UBE 850T-2,1,,PLC_COMMUNICATION_FAILED_PLC packet timeout,,2026-09-12 09:38:17.002553+00:00,,,,,,,0.17748175443248587,0,0.24708872625766362,0,0.811835231260323,1,0.8390392292182733,1,0.23860489579590347,0,0.8893814389172321,1,
0805230020296,S14,UBE 850T-2,1,,PLC_COMMUNICATION_FAILED_PLC packet timeout,,2026-09-12 09:38:37.750288+00:00,,,,,,,0.06077676413677651,0,0.2729482670873615,0,0.5156612099294514,1,0.8928510959985829,1,0.20356015416813092,0,0.8970391542751116,1,
0806003220367,S14,UBE 850T-2,1,,PLC_COMMUNICATION_FAILED_PLC packet timeout,,2026-09-12 09:38:58.175551+00:00,,,,,,,0.06240211219011975,0,0.22354955866320947,0,0.44951827605644074,1,0.8984452199270855,1,0.19984291769712903,0,0.894567811939845,1,
0805232520314,S14,UBE 850T-2,1,,PLC_COMMUNICATION_FAILED_PLC packet timeout,,2026-09-12 09:39:18.900954+00:00,,,,,,,0.40191371379551644,1,0.2636853464076663,0,0.48105749236712797,1,0.7347743176523795,1,0.24871616346270375,0,0.8675642567763168,1,
0806002720363,S14,UBE 850T-2,1,,PLC_COMMUNICATION_FAILED_PLC circuit open until 2026-08-06T01:36:47.929Z,,2026-09-12 09:39:39.301389+00:00,,,,,,,0.28238570876812713,0,0.22630798132203034,0,0.4810347202151273,1,0.8729050877370265,1,0.5276255180901355,1,0.7845220874970495,1,
0805232620315,S14,UBE 850T-2,1,,PLC_COMMUNICATION_FAILED_PLC circuit open until 2026-08-06T02:16:44.994Z,,2026-09-12 09:40:00.038123+00:00,,,,,,,0.6988899006002741,1,0.24939273772187542,0,0.5097238884430336,1,0.6306895917032687,1,0.25121533656154893,0,0.785709422544798,1,
0805232820316,S14,UBE 850T-2,1,,PLC_COMMUNICATION_FAILED_PLC circuit open until 2026-08-06T04:20:13.901Z,,2026-09-12 09:40:20.477684+00:00,,,,,,,0.7638602870880848,1,0.2631451587004472,0,0.45900993363163956,1,0.5582060891253299,1,0.25143065926992614,0,0.786994332817945,1,
0805210820219,S14,UBE 850T-2,1,,PLC_COMMUNICATION_FAILED_PLC circuit open until 2026-08-06T03:16:52.094Z,,2026-09-12 09:40:57.593211+00:00,,,,,,,0.3360414144185182,0,0.21292592978953565,0,0.46361031013952925,1,0.5104299765438445,1,0.41808307330798755,1,0.7658417693199729,1,
0805203920196,S14,UBE 850T-2,1,,PLC_COMMUNICATION_FAILED_PLC packet timeout,,2026-09-12 09:41:24.399971+00:00,,,,,,,0.4660474909630575,1,0.25228238030137295,0,0.521793517904916,1,0.8807512586821354,1,0.25047085200112906,0,0.7123585090942769,1,
0805215820248,S14,UBE 850T-2,1,,PLC_COMMUNICATION_FAILED_PLC packet timeout,,2026-09-12 09:41:45.143494+00:00,,,,,,,0.17275030628253435,0,0.2546070405740334,0,0.6135749313138404,1,0.8872859586643383,1,0.41923458112915996,1,0.8750912448933182,1,
0805213620230,S14,UBE 850T-2,1,,PLC_COMMUNICATION_FAILED_PLC packet timeout,,2026-09-12 09:42:05.591209+00:00,,,,,,,0.2919012230535601,0,0.26195393241915765,0,0.35600235011818293,0,0.7058971430205209,1,0.23700134383787713,0,0.5750298138718047,1,
0805205220206,S14,UBE 850T-2,1,,PLC_COMMUNICATION_FAILED_PLC circuit open until 2026-08-06T01:55:57.350Z,,2026-09-12 09:42:26.342288+00:00,,,,,,,0.7693580490514966,1,0.7104086231247185,1,0.650239744585609,1,0.6325671076398969,1,0.24754939192061653,0,0.7782139648340777,1,
0805214220235,S14,UBE 850T-2,1,,PLC_COMMUNICATION_FAILED_PLC circuit open until 2026-08-06T00:58:17.797Z,,2026-09-12 09:42:46.770189+00:00,,,,,,,0.7986058212930155,1,0.2907849711250683,0,0.7949137171261547,1,0.2557805197002284,0,0.3823716381198139,0,0.19661749011052557,0,
0805204420200,S14,UBE 850T-2,1,,PLC_COMMUNICATION_FAILED_PLC circuit open until 2026-08-06T00:58:17.797Z,,2026-09-12 09:43:07.518488+00:00,,,,,,,0.40890278026684546,1,0.246706133964591,0,0.4518056046697324,1,0.865424409451076,1,0.2943531712837797,0,0.7974491708158489,1,
0805214720239,S14,UBE 850T-2,1,,PLC_COMMUNICATION_FAILED_PLC packet timeout,,2026-09-12 09:43:27.958536+00:00,,,,,,,0.07028393069314995,0,0.2622088397117243,0,0.3031975448704722,0,0.897643232140348,1,0.4189999753116705,1,0.8843574980983406,1,
0805221120258,S14,UBE 850T-2,1,,PLC_COMMUNICATION_FAILED_PLC packet timeout,,2026-09-12 09:43:48.715227+00:00,,,,,,,0.2390062511005665,0,0.23770545619942537,0,0.5174110362907229,1,0.8869224537656927,1,0.7383739643327863,1,0.8786521177661184,1,
0805200820171,S14,UBE 850T-2,1,,PLC_COMMUNICATION_FAILED_PLC packet timeout,,2026-09-12 09:44:09.113274+00:00,,,,,,,0.4376158934960105,1,0.2510352653238621,0,0.361651231185506,0,0.7612619370074621,1,0.7490841550592054,1,0.7737095835277272,1,
0805190120127,S14,UBE 850T-2,1,,PLC_COMMUNICATION_FAILED_PLC circuit open until 2026-08-06T02:05:09.242Z,,2026-09-12 09:44:45.989209+00:00,,,,,,,0.1739182547486983,0,0.27706059979094066,0,0.6954743502355443,1,0.799508203556781,1,0.2039703495141086,0,0.7393859292616872,1,
0805192020139,S14,UBE 850T-2,1,,PLC_COMMUNICATION_FAILED_PLC packet timeout,,2026-09-12 09:45:06.677816+00:00,,,,,,,0.06946718676300107,0,0.26734094701262334,0,0.5581893552947592,1,0.8065355814156855,1,0.20563484607490864,0,0.8752787748017941,1,
0805201220175,S14,UBE 850T-2,1,,PLC_COMMUNICATION_FAILED_PLC circuit open until 2026-08-06T01:22:00.496Z,,2026-09-12 09:45:27.056978+00:00,,,,,,,0.5993335453310095,1,0.2786885376796792,0,0.55829295777922,1,0.7567456149846638,1,0.24927020635910863,0,0.7849171295229936,1,
0805175320073,S14,UBE 850T-2,1,,PLC_COMMUNICATION_FAILED_PLC packet timeout,,2026-09-12 09:45:47.754358+00:00,,,,,,,0.7156857686495979,1,0.29428391491259565,0,0.6363010258336701,1,0.8621287514437073,1,0.24755048735944687,0,0.7119016658266513,1,
0805174320065,S14,UBE 850T-2,1,,PLC_COMMUNICATION_FAILED_PLC circuit open until 2026-08-06T01:01:01.712Z,,2026-09-12 09:46:08.176692+00:00,,,,,,,0.4119373525541126,1,0.24248582911650957,0,0.35770903296947476,0,0.7567463549190449,1,0.7480941105339817,1,0.4661923243498572,1,
0805174720068,S14,UBE 850T-2,1,,PLC_COMMUNICATION_FAILED_PLC circuit open until 2026-08-06T01:19:03.130Z,,2026-09-12 09:46:28.889085+00:00,,,,,,,0.570612159017073,1,0.2528735699606477,0,0.3717435294562845,0,0.868466254721129,1,0.7113431494191499,1,0.8022628954587462,1,
0805235820340,S14,UBE 850T-2,1,,PLC_COMMUNICATION_FAILED_PLC circuit open until 2026-08-06T08:39:40.010Z,,2026-09-12 09:25:53.372022+00:00,,,,,,,0.06238002995619236,0,0.2519338756667641,0,0.513052496615644,1,0.8963037628446624,1,0.19516820358686193,0,0.8934297467714386,1,
0805220320252,S14,UBE 850T-2,1,,Porosity,,2026-09-12 09:26:30.227345+00:00,,CRAM,P,P-2,Front,Porosity,0.16834053419167608,0,0.24880911431780595,0,0.44389457560500595,1,0.883793815807737,1,0.7265725066193514,1,0.8730216999738569,1,1.0
0805235120334,S14,UBE 850T-2,1,,PLC_COMMUNICATION_FAILED_PLC packet timeout,,2026-09-12 09:26:50.491657+00:00,,,,,,,0.5528935236623589,1,0.2780481752686136,0,0.46288983695199704,1,0.7522283634383771,1,0.2946463548934286,0,0.7098840708312703,1,
0805225020289,S14,UBE 850T-2,1,,PLC_COMMUNICATION_FAILED_PLC circuit open until 2026-08-06T08:35:02.565Z,,2026-09-12 09:28:12.603892+00:00,,,,,,,0.06872664931470973,0,0.22760044661217657,0,0.2899148282359347,0,0.8192503428829896,1,0.20278756009448282,0,0.8800483183173821,1,
0818024420121,S14,UBE 850T-2,1,,Crack,,2026-09-14 15:23:38.359523+00:00,,CR,L,L-1,Left Side,Crack,0.46555681507703234,1,0.7690636419424637,1,0.3232234767781066,0,0.6709285806973289,1,0.6700040334893709,1,0.821518961566589,1,1.0
0818024320120,S14,UBE 850T-2,1,,Non-Filling,,2026-09-14 15:24:26.927341+00:00,,CR,L,L-1,Left Side,Non_filling,0.6877714093937591,1,0.7693117470248128,1,0.557460566667823,1,0.5811003199695186,1,0.4756087156408185,1,0.1574529029585909,0,1.0
0818023820116,S14,UBE 850T-2,1,,Non-Filling,,2026-09-14 15:24:51.433528+00:00,,CR,L,L-1,Left Side,Non_filling,0.37938155643990434,0,0.7641449080898327,1,0.6721254933849817,1,0.8605855673314362,1,0.5834539782970187,1,0.16241145880063224,0,1.0
0818022620105,S14,UBE 850T-2,1,,Black Mark,,2026-09-14 15:26:24.364896+00:00,,CR,R,R-3,Rear,,0.8605868065385972,1,0.7680347812025372,1,0.6268397354452186,1,0.46773010125018355,1,0.5742218792756657,1,0.13665668473055276,0,
0805155929982,S14,UBE 850T-2,1,,PLC_COMMUNICATION_FAILED_PLC packet timeout,,2026-09-12 09:48:27.508696+00:00,,,,,,,0.7687884350340333,1,0.22968594926708857,0,0.5336853918238907,1,0.86150663623127,1,0.4210393239828137,1,0.7664649140220211,1,
0805144529931,S14,UBE 850T-2,1,,PLC_COMMUNICATION_FAILED_PLC packet timeout,,2026-09-12 09:49:08.354251+00:00,,,,,,,0.5543229982943662,1,0.27833821052257846,0,0.4884762932460338,1,0.879027491725403,1,0.23658160872445427,0,0.8303208027465366,1,
0805133529874,S14,UBE 850T-2,1,,PLC_COMMUNICATION_FAILED_PLC packet timeout,,2026-09-12 09:49:49.310910+00:00,,,,,,,0.7952006503005694,1,0.7181632064431216,1,0.5009164135114572,1,0.6788383408754232,1,0.20961994486868116,0,0.6130203067041038,1,
0805121629809,S14,UBE 850T-2,1,,PLC_COMMUNICATION_FAILED_PLC circuit open until 2026-08-06T01:03:22.369Z,,2026-09-12 09:50:09.655997+00:00,,,,,,,0.6476315181659141,1,0.2950616457888808,0,0.6200309574992136,1,0.5106053672647473,1,0.2476901643035143,0,0.8299974312505941,1,
0805121329807,S14,UBE 850T-2,1,,PLC_COMMUNICATION_FAILED_PLC circuit open until 2026-08-06T01:32:02.984Z,,2026-09-12 09:50:30.333323+00:00,,,,,,,0.5578017848954824,1,0.712550901975454,1,0.49859085688775845,1,0.8586651989513576,1,0.24966290338311387,0,0.7119126050163811,1,
0805143429922,S14,UBE 850T-2,1,,PLC_COMMUNICATION_FAILED_PLC circuit open until 2026-08-06T01:03:22.369Z,,2026-09-12 09:51:11.346328+00:00,,,,,,,0.6307803315997438,1,0.25522986048806207,0,0.5336083730221455,1,0.8785153525894567,1,0.2476328130967062,0,0.8023806527299687,1,
0805145329938,S14,UBE 850T-2,1,,PLC_COMMUNICATION_FAILED_PLC packet timeout,,2026-09-12 09:51:31.742294+00:00,,,,,,,0.5314508234337166,1,0.27831037899506195,0,0.5218952952304744,1,0.5089988645451264,1,0.2527736326354654,0,0.17652403093820435,0,
0805142429914,S14,UBE 850T-2,1,,PLC_COMMUNICATION_FAILED_PLC packet timeout,,2026-09-12 09:51:52.471983+00:00,,,,,,,0.71506969919744,1,0.24970181755663434,0,0.7126197546484971,1,0.590462324288925,1,0.7083521052769597,1,0.8023236905736936,1,
0805130729851,S14,UBE 850T-2,1,,PLC_COMMUNICATION_FAILED_PLC packet timeout,,2026-09-12 09:52:12.887137+00:00,,,,,,,0.6401201592078858,1,0.2755625838481093,0,0.49650341676315574,1,0.35968126330816735,0,0.46353591436211,1,0.1615708406595626,0,
0805133429873,S14,UBE 850T-2,1,,PLC_COMMUNICATION_FAILED_PLC circuit open until 2026-08-06T19:19:36.404Z,,2026-09-12 09:52:33.604648+00:00,,,,,,,0.6241772077535868,1,0.2944393262645396,0,0.5549732938249163,1,0.8595510566460977,1,0.29640454886205375,0,0.8200985959959293,1,
0805140329897,S14,UBE 850T-2,1,,PLC_COMMUNICATION_FAILED_PLC circuit open until 2026-08-06T18:25:29.476Z,,2026-09-12 09:52:54.017268+00:00,,,,,,,0.6450121671144662,1,0.7618031635212715,1,0.7175862793347677,1,0.8921279573271879,1,0.203436568091452,0,0.44369114024633594,1,
0805133629875,S14,UBE 850T-2,1,,PLC_COMMUNICATION_FAILED_PLC packet timeout,,2026-09-12 09:53:14.732348+00:00,,,,,,,0.682935006775459,1,0.26830599978545666,0,0.8120930218418527,1,0.1652028397374015,0,0.24812444257260052,0,0.820464625231471,1,
0805134929885,S14,UBE 850T-2,1,,PLC_COMMUNICATION_FAILED_PLC packet timeout,,2026-09-12 09:53:35.139678+00:00,,,,,,,0.5542338733927403,1,0.3021039391227882,0,0.4996149765017213,1,0.8676906226242125,1,0.6692855708194358,1,0.7876236685417183,1,
0805140029894,S14,UBE 850T-2,1,,PLC_COMMUNICATION_FAILED_PLC packet timeout,,2026-09-12 09:53:55.857447+00:00,,,,,,,0.5166761921289443,1,0.27851248771231857,0,0.3777344846240258,0,0.836525150334893,1,0.707495199906477,1,0.8209549716432747,1,
0805141329905,S14,UBE 850T-2,1,,PLC_COMMUNICATION_FAILED_PLC circuit open until 2026-08-06T17:36:56.557Z,,2026-09-12 09:54:16.267673+00:00,,,,,,,0.5775567912158748,1,0.3028723659680127,0,0.5569047800194538,1,0.3506576805139643,0,0.24835947498284805,0,0.1707688881110624,0,
0805131829860,S14,UBE 850T-2,1,,PLC_COMMUNICATION_FAILED_PLC packet timeout,,2026-09-12 09:54:36.997114+00:00,,,,,,,0.6110443260669003,1,0.7592979722188029,1,0.776546194687532,1,0.8927510210412113,1,0.24830276161259737,0,0.16565095742842437,0,
0805141129903,S14,UBE 850T-2,1,,PLC_COMMUNICATION_FAILED_PLC packet timeout,,2026-09-12 09:54:57.405889+00:00,,,,,,,0.5695777257460648,1,0.7050995551884317,1,0.6462507683231173,1,0.35088607092485624,0,0.7437713350495698,1,0.71317436007423,1,
0805135329889,S14,UBE 850T-2,1,,PLC_COMMUNICATION_FAILED_PLC circuit open until 2026-08-06T18:14:19.203Z,,2026-09-12 09:55:18.128295+00:00,,,,,,,0.600341511148343,1,0.26650012796139433,0,0.4884707652079414,1,0.7242607628559954,1,0.24892135260321624,0,0.44360525476653584,1,
0805135029886,S14,UBE 850T-2,1,,PLC_COMMUNICATION_FAILED_PLC packet timeout,,2026-09-12 09:55:38.539972+00:00,,,,,,,0.7949651036440744,1,0.746251911216286,1,0.5474634414303883,1,0.7347427343625418,1,0.3210009297934429,0,0.17060263632443934,0,
0805132529866,S14,UBE 850T-2,1,,PLC_COMMUNICATION_FAILED_PLC packet timeout,,2026-09-12 09:55:59.258271+00:00,,,,,,,0.6738067687023883,1,0.2713196498937581,0,0.5746450282808389,1,0.8484102908221509,1,0.4629797812163236,1,0.1550019403164295,0,
0805130629850,S14,UBE 850T-2,1,,PLC_COMMUNICATION_FAILED_PLC circuit open until 2026-08-06T17:56:00.758Z,,2026-09-12 09:56:19.668549+00:00,,,,,,,0.7052784163808279,1,0.7422127760098932,1,0.7844500767988787,1,0.5851007461354802,1,0.2413939287917116,0,0.23204612564410393,0,
0805132729867,S14,UBE 850T-2,1,,PLC_COMMUNICATION_FAILED_PLC circuit open until 2026-08-06T17:33:36.277Z,,2026-09-12 09:56:40.409418+00:00,,,,,,,0.6641267622025377,1,0.7450383812765665,1,0.7448558176453104,1,0.7991332416561336,1,0.20627442631245413,0,0.7616895515626937,1,
0805131329856,S14,UBE 850T-2,1,,PLC_COMMUNICATION_FAILED_PLC circuit open until 2026-08-06T20:15:24.288Z,,2026-09-12 09:57:00.826099+00:00,,,,,,,0.5871717649758594,1,0.7653775059294233,1,0.7859713409060052,1,0.512569561152308,1,0.2958991853459919,0,0.17406042166220173,0,
0805135729892,S14,UBE 850T-2,1,,PLC_COMMUNICATION_FAILED_PLC circuit open until 2026-08-06T17:57:41.586Z,,2026-09-12 09:57:21.541218+00:00,,,,,,,0.5370990653200263,1,0.7467961844631309,1,0.5781915092633589,1,0.9183434826956576,1,0.21104861368341316,0,0.7130712514530603,1,
0805131929861,S14,UBE 850T-2,1,,PLC_COMMUNICATION_FAILED_PLC circuit open until 2026-08-06T19:49:13.665Z,,2026-09-12 09:57:41.943392+00:00,,,,,,,0.4063282456131228,1,0.29483029441509195,0,0.4522962593026811,1,0.7555422986777932,1,0.2500060190324477,0,0.5125413710216258,1,
0805133129871,S14,UBE 850T-2,1,,PLC_COMMUNICATION_FAILED_PLC circuit open until 2026-08-06T19:17:24.185Z,,2026-09-12 09:58:02.619780+00:00,,,,,,,0.597139978753506,1,0.2944425492971623,0,0.45221209288408476,1,0.7545838144829699,1,0.24111282762440228,0,0.7722119726869575,1,
0805082329623,S14,UBE 850T-2,1,,PLC_COMMUNICATION_FAILED_PLC packet timeout,,2026-09-12 10:01:38.634467+00:00,,,,,,,0.798436679931731,1,0.7600348703684366,1,0.6484845178709371,1,0.8605350628021019,1,0.25207774186169557,0,0.19773805525809152,0,
0805084029637,S14,UBE 850T-2,1,,PLC_COMMUNICATION_FAILED_PLC packet timeout,,2026-09-12 10:01:59.293697+00:00,,,,,,,0.4118250544522618,1,0.7670583696261171,1,0.52538503794418,1,0.9194564592775795,1,0.20088042338775763,0,0.8593445539195791,1,
0805081729618,S14,UBE 850T-2,1,,PLC_COMMUNICATION_FAILED_PLC packet timeout,,2026-09-12 10:02:19.637698+00:00,,,,,,,0.7950650373810721,1,0.7418079554010957,1,0.5549566318772726,1,0.3515788759337257,0,0.2762983767545678,0,0.8197563933765739,1,
0805085029645,S14,UBE 850T-2,1,,PLC_COMMUNICATION_FAILED_PLC packet timeout,,2026-09-12 10:02:40.290635+00:00,,,,,,,0.38109978021953383,0,0.2697854244529588,0,0.4985476931951966,1,0.8382993990078502,1,0.7390302652004167,1,0.8480514089723225,1,
0805082229622,S14,UBE 850T-2,1,,PLC_COMMUNICATION_FAILED_PLC circuit open until 2026-08-06T16:24:50.216Z,,2026-09-12 10:03:00.635532+00:00,,,,,,,0.48085365581659545,1,0.2813977578412752,0,0.4753760687747717,1,0.8382805021841803,1,0.20702339423878882,0,0.7927904822194886,1,
0805072829577,S14,UBE 850T-2,1,,PLC_COMMUNICATION_FAILED_PLC packet timeout,,2026-09-12 10:03:21.228428+00:00,,,,,,,0.38216922628198524,0,0.7794159124152052,1,0.6461270016540874,1,0.916480539432196,1,0.25002376688667444,0,0.8650945214202598,1,
0805074029587,S14,UBE 850T-2,1,,PLC_COMMUNICATION_FAILED_PLC packet timeout,,2026-09-12 10:03:41.518625+00:00,,,,,,,0.7232358493267211,1,0.2821445789365565,0,0.647318626217217,1,0.7591154014256746,1,0.5638115906567903,1,0.777852601123528,1,
0805073629584,S14,UBE 850T-2,1,,PLC_COMMUNICATION_FAILED_PLC packet timeout,,2026-09-12 10:04:02.117868+00:00,,,,,,,0.312442801503848,0,0.7055664004880766,1,0.5115236150757937,1,0.8800823220459228,1,0.5297839269453885,1,0.8728902715604328,1,
0805090129651,S14,UBE 850T-2,1,,PLC_COMMUNICATION_FAILED_PLC packet timeout,,2026-09-12 10:04:22.400217+00:00,,,,,,,0.8918694217141019,1,0.8533908286842227,1,0.7046374538068585,1,0.46767767707540464,1,0.7424452551783628,1,0.08878386918316018,0,
0805082729626,S14,UBE 850T-2,1,,PLC_COMMUNICATION_FAILED_PLC packet timeout,,2026-09-12 10:04:43.403604+00:00,,,,,,,0.5970395520227788,1,0.7135841667836513,1,0.6687591448592058,1,0.7237649600718646,1,0.41904301966722735,1,0.7093492828103616,1,
0805083429632,S14,UBE 850T-2,1,,PLC_COMMUNICATION_FAILED_PLC packet timeout,,2026-09-12 10:05:03.743997+00:00,,,,,,,0.7564849979336293,1,0.24967666593215315,0,0.4568332815968359,1,0.6227685808981177,1,0.7476340076971069,1,0.7107180885658598,1,
0805080329606,S14,UBE 850T-2,1,,PLC_COMMUNICATION_FAILED_PLC packet timeout,,2026-09-12 10:05:24.397641+00:00,,,,,,,0.7637731433125644,1,0.706028216833512,1,0.531677413893889,1,0.63269189226534,1,0.726658487661123,1,0.7926431226050691,1,
0805082629625,S14,UBE 850T-2,1,,PLC_COMMUNICATION_FAILED_PLC packet timeout,,2026-09-12 10:05:44.734107+00:00,,,,,,,0.4681454858324205,1,0.44886259553001584,1,0.5782902126779073,1,0.5313422533581058,1,0.2800092099944023,0,0.7780568329615507,1,
0805084329639,S14,UBE 850T-2,1,,PLC_COMMUNICATION_FAILED_PLC packet timeout,,2026-09-12 10:06:05.398435+00:00,,,,,,,0.45544364138244553,1,0.24988404603420158,0,0.40487068979213525,1,0.759768964324308,1,0.7132563340511214,1,0.8022911912512952,1,
0805082829627,S14,UBE 850T-2,1,,PLC_COMMUNICATION_FAILED_PLC circuit open until 2026-08-06T15:30:16.067Z,,2026-09-12 10:06:25.731861+00:00,,,,,,,0.6985549970260582,1,0.26863100797945794,0,0.32146014794882716,0,0.8447539080559584,1,0.5281050257109692,1,0.7114273904958508,1,
0805073229581,S14,UBE 850T-2,1,,PLC_COMMUNICATION_FAILED_PLC circuit open until 2026-08-06T01:58:59.517Z,,2026-09-12 10:06:46.383452+00:00,,,,,,,0.46546835181708274,1,0.7349825705644399,1,0.5897590652917177,1,0.8730089424347025,1,0.1923856592718775,0,0.8725160418921657,1,
0805082529624,S14,UBE 850T-2,1,,PLC_COMMUNICATION_FAILED_PLC circuit open until 2026-08-06T09:29:17.843Z,,2026-09-12 10:07:06.720943+00:00,,,,,,,0.6133010586443957,1,0.23845983702070464,0,0.5196266543696603,1,0.5248435102704758,1,0.4209575216097863,1,0.7135315294200024,1,
0805080829610,S14,UBE 850T-2,1,,PLC_COMMUNICATION_FAILED_PLC circuit open until 2026-08-06T04:09:47.371Z,,2026-09-12 10:07:27.364982+00:00,,,,,,,0.7688738698266406,1,0.2943724093498098,0,0.33389087170448084,0,0.7233499652787336,1,0.421186581065469,1,0.7832717097252292,1,
0805053529497,S14,UBE 850T-2,1,,PLC_COMMUNICATION_FAILED_PLC packet timeout,,2026-09-12 10:08:10.004222+00:00,,,,,,,0.16952555070706435,0,0.2944348551223414,0,0.5853721370847496,1,0.8854863230711502,1,0.2794124702844544,0,0.8856159252603704,1,
0805053729499,S14,UBE 850T-2,1,,PLC_COMMUNICATION_FAILED_PLC circuit open until 2026-08-06T17:20:49.842Z,,2026-09-12 10:08:31.543168+00:00,,,,,,,0.7038743786583228,1,0.2704603502815076,0,0.5441147664248988,1,0.6306762733468778,1,0.7371368299395483,1,0.7090809852932782,1,
0805063429535,S14,UBE 850T-2,1,,PLC_COMMUNICATION_FAILED_PLC circuit open until 2026-08-06T17:51:26.228Z,,2026-09-12 10:08:53.351139+00:00,,,,,,,0.769864544047121,1,0.2466243329463373,0,0.5739817723357327,1,0.8091760760557047,1,0.7435773011354245,1,0.8020856087261193,1,
0805051929489,S14,UBE 850T-2,1,,PLC_COMMUNICATION_FAILED_PLC packet timeout,,2026-09-12 10:09:14.830440+00:00,,,,,,,0.6919822062780546,1,0.3394913243638612,0,0.4909754320876166,1,0.8061447651945519,1,0.42379459186107515,1,0.7142802310772441,1,
0805064629543,S14,UBE 850T-2,1,,Blow Hole M8,,2026-09-12 10:09:49.569328+00:00,,CRAM,B,B-1,Top View,Blow_Hole,0.7609156467580531,1,0.853389942154118,1,0.8073002795389721,1,0.5989077816023682,1,0.23770294365284583,0,0.16698298446480286,0,1.0
0805052529494,S14,UBE 850T-2,1,,PLC_COMMUNICATION_FAILED_PLC circuit open until 2026-08-06T17:28:41.601Z,,2026-09-12 10:10:11.052387+00:00,,,,,,,0.4595914614528,1,0.7199997272993187,1,0.49863580716876055,1,0.7565118901668834,1,0.277531033744496,0,0.7613274911431771,1,
0805175220072,S14,UBE 850T-2,1,,PLC_COMMUNICATION_FAILED_PLC circuit open until 2026-08-06T00:59:16.738Z,,2026-09-12 09:47:26.046300+00:00,,,,,,,0.7002369940227304,1,0.2584294153778067,0,0.5302309555654616,1,0.5276915175362237,1,0.2529559149657308,0,0.7135505979677667,1,
0805163920015,S14,UBE 850T-2,1,,PLC_COMMUNICATION_FAILED_PLC circuit open until 2026-08-06T01:52:46.569Z,,2026-09-12 09:48:06.939620+00:00,,,,,,,0.07591810169700551,0,0.2594729205526062,0,0.7847730510622724,1,0.8897683069105995,1,0.20200679218513307,0,0.8699654827854963,1,
0805143129920,S14,UBE 850T-2,1,,PLC_COMMUNICATION_FAILED_PLC packet timeout,,2026-09-12 09:48:47.783882+00:00,,,,,,,0.6985211263254839,1,0.26078002336562345,0,0.37684660976613277,0,0.5102657339120569,1,0.42390577178132366,1,0.7718836558835748,1,
0805131029853,S14,UBE 850T-2,1,,PLC_COMMUNICATION_FAILED_PLC packet timeout,,2026-09-12 09:49:28.654446+00:00,,,,,,,0.5872874097911,1,0.7427713673981444,1,0.7967668161900199,1,0.14874999750069587,0,0.2387303758967477,0,0.6320255609706031,1,
0825203122356,S14,UBE 850T-2,1,,Non-Filling,,2026-09-14 15:59:57.716122+00:00,,CR,B,B-1,Top View,Non_filling,0.41058471820905107,1,0.7196094909727999,1,0.4115940095103898,1,0.187181121410259,0,0.1851547012090923,0,0.16379834170585866,0,1.0
0826011622577,S14,UBE 850T-2,1,,Blow Hole M8,,2026-09-14 16:34:22.233517+00:00,,CRAM,B,B-1,Top View,Blow_Hole,0.08066126996854525,0,0.2622758761391937,0,0.08650001697309495,0,0.5126922400230067,1,0.23748769105064743,0,0.7099288380404051,1,0.0
0801015626279,S14,UBE 850T-2,1,,PLC_COMMUNICATION_FAILED_PLC packet timeout,,2026-09-22 00:01:08.971702+00:00,,,,,,,0.5969682517626776,1,0.7645086232362994,1,0.5785768103594359,1,0.35487053618059217,0,0.24931213908993544,0,0.08768058850968885,0,
0802183627529,S14,UBE 850T-2,1,,PLC_COMMUNICATION_FAILED_PLC circuit open until 2026-08-06T07:46:55.084Z,,2026-09-12 10:41:56.249318+00:00,,,,,,,0.18153207594576395,0,0.7507206943308122,1,0.44482033787824937,1,0.182479700784649,0,0.7389287776207866,1,0.1397229394704459,0,
0801161526776,S14,UBE 850T-2,1,,PLC_COMMUNICATION_FAILED_PLC circuit open until 2026-08-06T16:26:18.673Z,,2026-09-12 10:42:57.050897+00:00,,,,,,,0.1699322973910407,0,0.7510641189686578,1,0.5604004994882961,1,0.15117721664313158,0,0.24741544396980958,0,0.13366708797765287,0,
0801021426294,S14,UBE 850T-2,1,,PLC_COMMUNICATION_FAILED_PLC packet timeout,,2026-09-22 00:02:51.021592+00:00,,,,,,,0.7565211652997625,1,0.7621507108359628,1,0.41903441739637454,1,0.18374356085182092,0,0.24947581285405634,0,0.09867900925076947,0,
0801020726288,S14,UBE 850T-2,1,,PLC_COMMUNICATION_FAILED_PLC packet timeout,,2026-09-22 00:04:12.562484+00:00,,,,,,,0.28754176333875203,0,0.7075568948158459,1,0.5076109679187243,1,0.35663325647073046,0,0.4630776712408904,1,0.10622774911170646,0,
0803173428500,S14,UBE 850T-2,1,,PLC_COMMUNICATION_FAILED_PLC packet timeout,,2026-09-12 10:37:49.036244+00:00,,,,,,,0.5327105300400387,1,0.27444525154825816,0,0.41879861336135865,1,0.18640616235635846,0,0.27969978972018983,0,0.1394087932315047,0,
0803134228311,S14,UBE 850T-2,1,,PLC_COMMUNICATION_FAILED_PLC packet timeout,,2026-09-12 10:38:09.223244+00:00,,,,,,,0.1692530920713762,0,0.7195996196911895,1,0.6687821395938507,1,0.1494202893987996,0,0.20087209824125107,0,0.7831635694981416,1,
0803132928300,S14,UBE 850T-2,1,,PLC_COMMUNICATION_FAILED_PLC circuit open until 2026-08-06T16:18:30.892Z,,2026-09-12 10:38:29.716033+00:00,,,,,,,0.32671124477030167,0,0.290990222127869,0,0.44912994098476555,1,0.14973693776527477,0,0.19008824805189947,0,0.374735177212616,0,
0802180327501,S14,UBE 850T-2,1,,PLC_COMMUNICATION_FAILED_PLC circuit open until 2026-08-06T08:08:54.108Z,,2026-09-12 10:40:18.754258+00:00,,,,,,,0.40188248351082045,1,0.7628804656865952,1,0.46766553136987854,1,0.29929863412930546,0,0.24719647394000271,0,0.11440917924974778,0,
0802175927498,S14,UBE 850T-2,1,,PLC_COMMUNICATION_FAILED_PLC circuit open until 2026-08-06T08:04:54.740Z,,2026-09-12 10:41:19.819996+00:00,,,,,,,0.19649217462673674,0,0.26736527150177075,0,0.49129152874193094,1,0.20869167777011194,0,0.7481152714380812,1,0.1391665878827294,0,
0802165627445,S14,UBE 850T-2,1,,PLC_COMMUNICATION_FAILED_PLC packet timeout,,2026-09-12 10:42:16.397821+00:00,,,,,,,0.23970125762498148,0,0.7492345037406313,1,0.31052859986997805,0,0.1511672367965051,0,0.5272202383821839,1,0.1710911090352343,0,
0731234926173,S14,UBE 850T-2,1,,PLC_COMMUNICATION_FAILED_PLC packet timeout,,2026-09-22 00:10:19.061191+00:00,,,,,,,0.38096253536062524,0,0.7504632254607546,1,0.6048130644552,1,0.1943259589899906,0,0.5355530077256789,1,0.111367360873151,0,
0804212929154,S14,UBE 850T-2,1,,PLC_COMMUNICATION_FAILED_PLC packet timeout,,2026-09-12 10:27:21.899355+00:00,,,,,,,0.36939534713304795,0,0.7658891568934403,1,0.7133353923112419,1,0.1543470189954574,0,0.7158852316636193,1,0.19742908884508753,0,
0803234528713,S14,UBE 850T-2,1,,Bend,,2026-09-12 10:28:47.689524+00:00,,CR,G,G-1,Bottom View,,0.46815137052778033,1,0.27873873553477857,0,0.6133204098276264,1,0.17645956245126893,0,0.24953513134824645,0,0.10867100724946879,0,
0804084829069,S14,UBE 850T-2,1,,PLC_COMMUNICATION_FAILED_PLC packet timeout,,2026-09-12 10:35:43.009719+00:00,,,,,,,0.8588519570419989,1,0.2599158588413441,0,0.7836062901078089,1,0.26822276241962767,0,0.7282525466936969,1,0.8241029748960438,1,
0803220428634,S14,UBE 850T-2,1,,PLC_COMMUNICATION_FAILED_PLC packet timeout,,2026-09-12 10:36:27.582431+00:00,,,,,,,0.07603552799695665,0,0.6618577833171733,1,0.4976455895414113,1,0.4683446991306624,1,0.17635844563802336,0,0.15459916662608178,0,
0803180128512,S14,UBE 850T-2,1,,PLC_COMMUNICATION_FAILED_PLC circuit open until 2026-08-06T16:03:49.561Z,,2026-09-12 10:37:08.336111+00:00,,,,,,,0.4558962972228435,1,0.7200706550321829,1,0.44181916269184285,1,0.18490435914012632,0,0.5280881447540118,1,0.11521433377139251,0,
0805065529551,S14,UBE 850T-2,1,,PLC_COMMUNICATION_FAILED_PLC circuit open until 2026-08-06T19:34:06.421Z,,2026-09-12 10:11:55.064953+00:00,,,,,,,0.6884487905026575,1,0.853390120866958,1,0.8124470671763513,1,0.6937985529810888,1,0.2047684902986205,0,0.23174536084371072,0,
0805064829545,S14,UBE 850T-2,1,,PLC_COMMUNICATION_FAILED_PLC circuit open until 2026-08-06T17:58:47.236Z,,2026-09-12 10:12:38.343495+00:00,,,,,,,0.5195901263989855,1,0.6621977372607841,1,0.520547599743408,1,0.8058595879127559,1,0.5269355309730475,1,0.7719987439263082,1,
0805065829553,S14,UBE 850T-2,1,,PLC_COMMUNICATION_FAILED_PLC packet timeout,,2026-09-12 10:13:21.616408+00:00,,,,,,,0.7666093121699094,1,0.7073651151413101,1,0.6756386540667589,1,0.5851551707306752,1,0.4634306876370208,1,0.6407287469755649,1,
0805061029526,S14,UBE 850T-2,1,,PLC_COMMUNICATION_FAILED_PLC packet timeout,,2026-09-12 10:13:43.087392+00:00,,,,,,,0.0551060324378038,0,0.4490103329454894,1,0.5943162368712616,1,0.8896716393205042,1,0.19888576659016344,0,0.9076982821480479,1,
0805054429505,S14,UBE 850T-2,1,,PLC_COMMUNICATION_FAILED_PLC packet timeout,,2026-09-12 10:14:04.688615+00:00,,,,,,,0.7953051592870037,1,0.8533889114488874,1,0.8104830415444075,1,0.5109181550921403,1,0.20923118914637096,0,0.17372085288694333,0,
0805055529514,S14,UBE 850T-2,1,,PLC_COMMUNICATION_FAILED_PLC packet timeout,,2026-09-12 10:14:25.056277+00:00,,,,,,,0.23559901060882982,0,0.7083131679106897,1,0.5820682094696396,1,0.8277900354778469,1,0.4205649779002252,1,0.8555711101350209,1,
0805070429558,S14,UBE 850T-2,1,,PLC_COMMUNICATION_FAILED_PLC packet timeout,,2026-09-12 10:15:01.867999+00:00,,,,,,,0.6875907727765456,1,0.3449107407632408,0,0.8098777052774987,1,0.4518671929694319,1,0.24158922224382012,0,0.612957693926993,1,
0804080629036,S14,UBE 850T-2,1,,PLC_COMMUNICATION_FAILED_PLC circuit open until 2026-08-06T03:26:54.961Z,,2026-09-12 10:15:58.704713+00:00,,,,,,,0.6832464898742967,1,0.6621854019825831,1,0.718756484466381,1,0.19128072967017837,0,0.7004273952411912,1,0.4820979404032492,1,
0805050229475,S14,UBE 850T-2,1,,PLC_COMMUNICATION_FAILED_PLC circuit open until 2026-08-06T11:38:29.856Z,,2026-09-12 10:16:51.873427+00:00,,,,,,,0.4812721412605786,1,0.2809228583141231,0,0.5348176867983441,1,0.8028827836896758,1,0.27877730497787123,0,0.8486745333701077,1,
0805035729422,S14,UBE 850T-2,1,,PLC_COMMUNICATION_FAILED_PLC packet timeout,,2026-09-12 10:17:12.184156+00:00,,,,,,,0.7563926903260264,1,0.25759054644155055,0,0.3215164185743685,0,0.38404569135239897,0,0.5787122008797355,1,0.4864089579979036,1,
0805045929473,S14,UBE 850T-2,1,,PLC_COMMUNICATION_FAILED_PLC packet timeout,,2026-09-12 10:17:44.749702+00:00,,,,,,,0.17432172599250542,0,0.24880672951184096,0,0.5097487316020326,1,0.9046191035865314,1,0.25304144322334404,0,0.8954621630833548,1,
0805044729463,S14,UBE 850T-2,1,,PLC_COMMUNICATION_FAILED_PLC circuit open until 2026-08-06T09:52:13.108Z,,2026-09-12 10:18:53.643124+00:00,,,,,,,0.17879826353794265,0,0.7065667100135917,1,0.42775408267223464,1,0.9275627369228523,1,0.39482948865897705,0,0.8895300662636665,1,
0805043729455,S14,UBE 850T-2,1,,PLC_COMMUNICATION_FAILED_PLC circuit open until 2026-08-06T11:19:42.080Z,,2026-09-12 10:19:38.301914+00:00,,,,,,,0.5945689318408107,1,0.7641001558824668,1,0.32160425347456717,0,0.42714876647731137,1,0.20955635206057327,0,0.8473292372112659,1,
0805050429477,S14,UBE 850T-2,1,,Porosity,,2026-09-12 10:19:54.536529+00:00,,CRAM,P,P-2,Front,Porosity,0.18149882384599703,0,0.7085453522406762,1,0.28979290512306916,0,0.9268869677093101,1,0.24270896489223504,0,0.891027859473064,1,1.0
0805041629438,S14,UBE 850T-2,1,,PLC_COMMUNICATION_FAILED_PLC packet timeout,,2026-09-12 10:20:15.105530+00:00,,,,,,,0.5173490990991338,1,0.7096988029233174,1,0.35759341557786883,0,0.6326002375731168,1,0.2397714491424045,0,0.7839676166700876,1,
0804233929259,S14,UBE 850T-2,1,,PLC_COMMUNICATION_FAILED_PLC circuit open until 2026-08-06T01:00:00.779Z,,2026-09-12 10:25:52.041097+00:00,,,,,,,0.46675438086258286,1,0.7478655048467254,1,0.5820664729633167,1,0.8055129214888122,1,0.24904216283556468,0,0.7610819376920547,1,
0804225429224,S14,UBE 850T-2,1,,PLC_COMMUNICATION_FAILED_PLC circuit open until 2026-08-06T01:49:43.073Z,,2026-09-12 10:26:12.663682+00:00,,,,,,,0.7767149243605956,1,0.7062126347048013,1,0.7123053448177625,1,0.2595225291411655,0,0.7459643789228225,1,0.7072134001791912,1,
0803221128640,S14,UBE 850T-2,1,,PLC_COMMUNICATION_FAILED_PLC circuit open until 2026-08-06T01:29:09.199Z,,2026-09-12 10:36:47.832968+00:00,,,,,,,0.4900093599951668,1,0.26264114495294477,0,0.467880505316826,1,0.6326038068625162,1,0.2772018277082564,0,0.1760766608656328,0,
0803134128310,S14,UBE 850T-2,1,,PLC_COMMUNICATION_FAILED_PLC circuit open until 2026-08-06T16:16:52.380Z,,2026-09-12 10:37:28.531271+00:00,,,,,,,0.3819714586310041,0,0.30276168434619,0,0.4437114014086012,1,0.5105142944271913,1,0.27914950791019666,0,0.13905895858381884,0,
0805052629495,S14,UBE 850T-2,1,,PLC_COMMUNICATION_FAILED_PLC packet timeout,,2026-09-12 10:11:16.213278+00:00,,,,,,,0.32264976648997845,0,0.7589144273694853,1,0.4003133330825421,1,0.8915199076277905,1,0.23899937973948437,0,0.8790061267730908,1,
0805052129491,S14,UBE 850T-2,1,,PLC_COMMUNICATION_FAILED_PLC packet timeout,,2026-09-12 10:12:59.815262+00:00,,,,,,,0.2156374183295629,0,0.277693149443075,0,0.46563582601144876,1,0.8199349796904112,1,0.6689087433847535,1,0.8591395062048319,1,
0731231126149,S14,UBE 850T-2,1,,PLC_COMMUNICATION_FAILED_PLC packet timeout,,2026-09-22 00:12:01.115678+00:00,,,,,,,0.22748576410359292,0,0.7523719102189509,1,0.415530215899604,1,0.16090631397468574,0,0.7445652322537207,1,0.10181796284730503,0,
0801010126233,S14,UBE 850T-2,1,,PLC_COMMUNICATION_FAILED_PLC circuit open until 2026-08-06T03:17:53.057Z,,2026-09-22 00:12:21.788432+00:00,,,,,,,0.1995801457496011,0,0.7136189413225125,1,0.4437500334172944,1,0.18149124808606315,0,0.42147418163560024,1,0.1600345431300873,0,
0801002526204,S14,UBE 850T-2,1,,PLC_COMMUNICATION_FAILED_PLC circuit open until 2026-08-06T03:18:50.354Z,,2026-09-22 00:12:54.564090+00:00,,,,,,,0.2356616235690264,0,0.765237566026125,1,0.34692824256363136,0,0.3554767795565009,0,0.2786311959787917,0,0.09682617549557124,0,
0801002926207,S14,UBE 850T-2,1,,PLC_COMMUNICATION_FAILED_PLC packet timeout,,2026-09-22 00:13:55.535555+00:00,,,,,,,0.08326739325946925,0,0.2635051615867446,0,0.331683131251136,0,0.14979657720625375,0,0.6946738739795486,1,0.21229132471857823,0,
0801014126266,S14,UBE 850T-2,1,,PLC_COMMUNICATION_FAILED_PLC packet timeout,,2026-09-21 23:59:14.757821+00:00,,,,,,,0.2744533829084733,0,0.7268138603529006,1,0.38920941946692517,0,0.35468947410009105,0,0.7371724669663914,1,0.10420504916968051,0,
0801014726271,S14,UBE 850T-2,1,,PLC_COMMUNICATION_FAILED_PLC packet timeout,,2026-09-21 23:59:35.113755+00:00,,,,,,,0.21538748337002206,0,0.7474149233950648,1,0.6048388381600563,1,0.5986954206789268,1,0.21978690825338254,0,0.21212783823971318,0,
0807100921819,S14,UBE 850T-2,1,,Non-Filling,,2026-09-12 10:52:30.041369+00:00,,CR,A,A-1,Top View,Non_filling,0.6886371931403004,1,0.2936956228072271,0,0.6830105679319578,1,0.7150048876176159,1,0.278836194835167,0,0.7296322727583638,1,1.0
0807074821703,S14,UBE 850T-2,1,,M14 Face Blow Hole,,2026-09-12 10:52:54.692690+00:00,,CRAM,E,E-2,Bottom View,Blow_Hole,0.8589801133222436,1,0.29055278035046406,0,0.7108392375888759,1,0.1538135161668523,0,0.7353452492329057,1,0.30371896499737605,0,1.0
0807095821810,S14,UBE 850T-2,1,,Non-Filling,,2026-09-12 10:53:06.941117+00:00,,CR,A,A-1,Top View,Non_filling,0.7985454916787126,1,0.8533897429643396,1,0.7797741617510814,1,0.4245592495134979,1,0.29570988094445316,0,0.13949629404299024,0,1.0
0807090221764,S14,UBE 850T-2,1,,Non-Filling,,2026-09-12 10:55:21.170313+00:00,,CR,S,S-2,Rear,Non_filling,0.2875222363666645,0,0.24355395211767317,0,0.43273718659154203,1,0.835763354833901,1,0.7270420282497021,1,0.7399043432723377,1,1.0
0807091821777,S14,UBE 850T-2,1,,Non-Filling,,2026-09-12 10:55:33.385412+00:00,,CR,A,A-4,Top View,Non_filling,0.6180927716627632,1,0.26997868021940946,0,0.6738733303499203,1,0.8590152152221205,1,0.2795996419617117,0,0.5125051699066936,1,1.0
0807092321781,S14,UBE 850T-2,1,,Non-Filling,,2026-09-12 10:58:52.166345+00:00,,CR,A,A-4,Top View,Non_filling,0.7151038161454915,1,0.27037080200788965,0,0.5278245625102472,1,0.754687938088592,1,0.42001780728435506,1,0.8212228120230306,1,1.0
0807092421782,S14,UBE 850T-2,1,,Non-Filling,,2026-09-12 10:59:04.409230+00:00,,CR,A,A-4,Top View,Non_filling,0.5313009604055414,1,0.2627245261818708,0,0.6321728001928464,1,0.45154927556395785,1,0.527821520809022,1,0.16261585627205521,0,1.0
0807101021820,S14,UBE 850T-2,1,,Non-Filling,,2026-09-12 11:01:02.365083+00:00,,CR,A,A-4,Top View,Non_filling,0.6777295265637687,1,0.25839704673387115,0,0.4291961259584217,1,0.8778454040586641,1,0.27652725593690114,0,0.713719820642816,1,1.0
0805065929554,S14,UBE 850T-2,1,,PLC_COMMUNICATION_FAILED_PLC circuit open until 2026-08-06T17:19:09.338Z,,2026-09-12 10:10:54.369159+00:00,,,,,,,0.3565493738996124,0,0.26317328949492785,0,0.5385904346866528,1,0.7372950922199814,1,0.2519681073005569,0,0.7855045792265214,1,
0824080720664,S14,UBE 850T-2,1,,Dent,,2026-09-14 18:22:50.732615+00:00,,CR,H,H-1,Bottom View,,0.4087817498137767,1,0.8040332571749671,1,0.37284640165948923,0,0.15778064532283098,0,0.20598085472214595,0,0.4864151989908617,1,
0827135623923,S14,UBE 850T-2,1,,Non-Filling,,2026-09-14 18:57:02.690112+00:00,,CR,K,K-1,Left Side,Non_filling,0.1690940234646963,0,0.791723045094195,1,0.4932401291138972,1,0.17303891400734261,0,0.19498317327925307,0,0.7081705429060272,1,1.0
0817101129355,S14,UBE 850T-2,1,,Non-Filling,,2026-09-14 19:04:20.752230+00:00,,CR,L,L-1,Left Side,Non_filling,0.8656931165007946,1,0.7670123578017611,1,0.7875599337476838,1,0.15101084025564462,0,0.5789283585672802,1,0.10842305819997494,0,1.0
0825062821703,S14,UBE 850T-2,1,,Black Mark,,2026-09-14 19:26:51.359535+00:00,,CR,B,B-1,Top View,,0.2391573058969458,0,0.8533893172493616,1,0.609364999737671,1,0.20154548557873603,0,0.19196275841582808,0,0.15825055274378644,0,
0825065821729,S14,UBE 850T-2,1,,Chip-off,,2026-09-14 19:29:05.692421+00:00,,CR,O,O-2,Front,Chipoff,0.11579522028297312,0,0.27210142451340774,0,0.3358626168327798,0,0.2976013811440739,0,0.2043322835688638,0,0.7140107918392695,1,1.0
0805173620060,S14,UBE 850T-2,1,,PLC_COMMUNICATION_FAILED_PLC circuit open until 2026-08-07T03:22:50.001Z,,2026-09-12 12:08:34.791053+00:00,,,,,,,0.71536135425223,1,0.2764429625353899,0,0.6043311742568462,1,0.8605312213083356,1,0.5300775159722221,1,0.6406404516051439,1,
0805032329394,S14,UBE 850T-2,1,,PLC_COMMUNICATION_FAILED_PLC circuit open until 2026-08-07T02:01:50.399Z,,2026-09-12 12:08:56.133292+00:00,,,,,,,0.5078641323341314,1,0.7093862676591896,1,0.8125056175799985,1,0.29336681273918186,0,0.417946929746488,1,0.6408050887474621,1,
0805024929372,S14,UBE 850T-2,1,,Non-Filling,,2026-09-12 12:09:26.259588+00:00,,CR,H,H-1,Bottom View,Non_filling,0.2755414829077175,0,0.25673835324597893,0,0.5297096931141618,1,0.8383677765389662,1,0.739367658843861,1,0.7661643257947278,1,1.0
0807101921827,S14,UBE 850T-2,1,,Porosity,,2026-09-12 13:21:21.028804+00:00,,CRAM,E,E-2,Bottom View,Porosity,0.6477287690904789,1,0.24872112511072014,0,0.35636550760123253,0,0.8811969938711579,1,0.2517474631707583,0,0.7137891996542338,1,1.0
0806223821321,S14,UBE 850T-2,1,,Black Mark,,2026-09-12 11:47:37.491108+00:00,,CRAM,M,M-1,Right Side,,0.4911191344174109,1,0.2686762705451522,0,0.554901428299339,1,0.6975183890195922,1,0.24835391462572637,0,0.4264625483763079,1,
0806183721130,S14,UBE 850T-2,1,,PLC_COMMUNICATION_FAILED_PLC circuit open until 2026-08-07T03:43:43.820Z,,2026-09-12 11:49:41.809937+00:00,,,,,,,0.43775449301067887,1,0.2463152554750937,0,0.45720652283991664,1,0.8738433107565273,1,0.419134630111901,1,0.8500385592449304,1,
0806224221324,S14,UBE 850T-2,1,,PLC_COMMUNICATION_FAILED_PLC circuit open until 2026-08-07T03:41:56.690Z,,2026-09-12 11:50:15.661158+00:00,,,,,,,0.2921584557656357,0,0.22763815592975317,0,0.5302456181201846,1,0.8390869944331394,1,0.7450371423820802,1,0.773647973288967,1,
0806195221192,S14,UBE 850T-2,1,,PLC_COMMUNICATION_FAILED_PLC circuit open until 2026-08-07T03:42:55.827Z,,2026-09-12 11:50:49.203599+00:00,,,,,,,0.47927814073607133,1,0.2946075779958873,0,0.8122854193336583,1,0.4861234943721599,1,0.2803816020755593,0,0.1569206847812793,0,
0806210821247,S14,UBE 850T-2,1,,PLC_COMMUNICATION_FAILED_PLC packet timeout,,2026-09-12 11:51:22.972187+00:00,,,,,,,0.34014122590848317,0,0.24312711056869163,0,0.44580153921787075,1,0.8686714916788653,1,0.6953614859705917,1,0.7837375000194892,1,
0806194021182,S14,UBE 850T-2,1,,PLC_COMMUNICATION_FAILED_PLC circuit open until 2026-08-07T03:40:29.620Z,,2026-09-12 11:51:41.925321+00:00,,,,,,,0.5050613184594279,1,0.7519643657765539,1,0.48890002605753696,1,0.5535537416437512,1,0.24271402253862728,0,0.4434826950939367,1,
0806211821255,S14,UBE 850T-2,1,,Porosity,,2026-09-12 11:52:17.299255+00:00,,CRAM,P,P-2,Front,Porosity,0.5527311042613327,1,0.7088614378423251,1,0.6377541013002664,1,0.8188919400955735,1,0.24994228927948525,0,0.7707948259665262,1,1.0
0806202821218,S14,UBE 850T-2,1,,Chip-off,,2026-09-12 11:52:32.319734+00:00,,CR,P,P-2,Front,Chipoff,0.48145897073598937,1,0.23725908984784794,0,0.6123517986362942,1,0.8840847715599811,1,0.2436216153947547,0,0.8649877216145593,1,1.0
0806210221242,S14,UBE 850T-2,1,,PLC_COMMUNICATION_FAILED_PLC packet timeout,,2026-09-12 11:53:06.220655+00:00,,,,,,,0.7036703878289348,1,0.7509676710050459,1,0.5228942621520906,1,0.8620734104028234,1,0.7382289573522707,1,0.7126180944295974,1,
0806203321222,S14,UBE 850T-2,1,,PLC_COMMUNICATION_FAILED_PLC circuit open until 2026-08-07T03:29:20.487Z,,2026-09-12 11:53:27.279260+00:00,,,,,,,0.7949358528341866,1,0.7528454555892429,1,0.6043765672709438,1,0.8360754295971076,1,0.2087202449806269,0,0.7072611945045597,1,
0806193421177,S14,UBE 850T-2,1,,PLC_COMMUNICATION_FAILED_PLC packet timeout,,2026-09-12 11:53:46.005543+00:00,,,,,,,0.8627594321084674,1,0.7537386128689574,1,0.7131820580506425,1,0.8593913330358752,1,0.20593257450811367,0,0.7721448988116019,1,
0806222521310,S14,UBE 850T-2,1,,PLC_COMMUNICATION_FAILED_PLC packet timeout,,2026-09-12 11:54:05.178789+00:00,,,,,,,0.7657684450545348,1,0.7087457937257896,1,0.675820375342263,1,0.7350946307276078,1,0.21208481603472557,0,0.773539563174162,1,
0806220721295,S14,UBE 850T-2,1,,PLC_COMMUNICATION_FAILED_PLC circuit open until 2026-08-07T03:54:36.586Z,,2026-09-12 11:54:24.906436+00:00,,,,,,,0.795285051574847,1,0.7640221178111357,1,0.7961365412953468,1,0.7151254430235626,1,0.563278548197057,1,0.1740965055699184,0,
0806225421333,S14,UBE 850T-2,1,,PLC_COMMUNICATION_FAILED_PLC packet timeout,,2026-09-12 11:54:44.940967+00:00,,,,,,,0.08145053593590611,0,0.2761878647546377,0,0.6681644072577017,1,0.8386873932091445,1,0.18293127489913244,0,0.8775364032941702,1,
0806183921132,S14,UBE 850T-2,1,,PLC_COMMUNICATION_FAILED_PLC circuit open until 2026-08-07T03:32:25.336Z,,2026-09-12 11:55:04.682795+00:00,,,,,,,0.8712175563759096,1,0.8533834502164236,1,0.8057965543092371,1,0.18193596847402094,0,0.24852146839035436,0,0.12481857479722325,0,
0806194321185,S14,UBE 850T-2,1,,PLC_COMMUNICATION_FAILED_PLC packet timeout,,2026-09-12 11:55:40.401514+00:00,,,,,,,0.5992563717113777,1,0.8533892883171589,1,0.7854500571519683,1,0.5087761793907639,1,0.21202577061430092,0,0.7969481622355067,1,
0806215521285,S14,UBE 850T-2,1,,PLC_COMMUNICATION_FAILED_PLC packet timeout,,2026-09-12 11:56:00.015404+00:00,,,,,,,0.1623678382380645,0,0.23535613847765985,0,0.8008212520141185,1,0.7348697841382306,1,0.7076328787482074,1,0.8493610403411966,1,
0806220121290,S14,UBE 850T-2,1,,Shrinkage,,2026-09-12 11:56:15.302877+00:00,,CRAM,P,P-2,Front,Shrinkage,0.3330289965056621,0,0.2559207745073839,0,0.5283970208291776,1,0.755060278828885,1,0.7369618598872661,1,0.6901472442455672,1,1.0
0806230121338,S14,UBE 850T-2,1,,PLC_COMMUNICATION_FAILED_PLC packet timeout,,2026-09-12 11:56:35.082711+00:00,,,,,,,0.06978979650336163,0,0.23055025040840987,0,0.6485402699606408,1,0.8907748216092912,1,0.2011615388847459,0,0.8878506936065051,1,
0806193621179,S14,UBE 850T-2,1,,Porosity,,2026-09-12 11:56:51.734133+00:00,,CRAM,P,P-2,Front,Porosity,0.4898833414643934,1,0.2727919259464708,0,0.2897910141080605,0,0.6980150817393571,1,0.24743129009862247,0,0.7712853791271401,1,1.0
0806184021133,S14,UBE 850T-2,1,,PLC_COMMUNICATION_FAILED_PLC packet timeout,,2026-09-12 11:57:28.605692+00:00,,,,,,,0.8653069176884457,1,0.27616843955222264,0,0.6878264965525926,1,0.15424726845509623,0,0.7447570313153541,1,0.1391513978775362,0,
0806193721180,S14,UBE 850T-2,1,,PLC_COMMUNICATION_FAILED_PLC circuit open until 2026-08-07T02:21:30.406Z,,2026-09-12 11:58:09.533329+00:00,,,,,,,0.5775450467480493,1,0.271923605962593,0,0.5536610176627697,1,0.8212255083080807,1,0.236796082357694,0,0.7137855361463009,1,
0806192021166,S14,UBE 850T-2,1,,PLC_COMMUNICATION_FAILED_PLC packet timeout,,2026-09-12 11:58:50.613526+00:00,,,,,,,0.6478941094345634,1,0.24024441770447325,0,0.38574658283316465,0,0.5581801073955293,1,0.420207635748096,1,0.7616405673735123,1,
0806203521224,S14,UBE 850T-2,1,,PLC_COMMUNICATION_FAILED_PLC packet timeout,,2026-09-12 11:59:10.988147+00:00,,,,,,,0.45131575749805364,1,0.2584855195180085,0,0.3895939652397104,0,0.35065991323366813,0,0.5832593237773214,1,0.7092978345245771,1,
0806201221205,S14,UBE 850T-2,1,,PLC_COMMUNICATION_FAILED_PLC packet timeout,,2026-09-12 11:59:31.668958+00:00,,,,,,,0.7172821268573681,1,0.25296362836451836,0,0.6376218181025561,1,0.759637291679497,1,0.5630633010188406,1,0.7770148872470551,1,
0806202721217,S14,UBE 850T-2,1,,PLC_COMMUNICATION_FAILED_PLC packet timeout,,2026-09-12 11:59:52.058384+00:00,,,,,,,0.5829395723054102,1,0.24871566532231565,0,0.4364548908696004,1,0.6795822551521743,1,0.6856264336094465,1,0.7831801115683867,1,
0806203421223,S14,UBE 850T-2,1,,Cold Shut,,2026-09-12 12:00:08.707501+00:00,,CRAM,G,G-1,Bottom View,,0.7203380943284177,1,0.662207973095624,1,0.5085556639564146,1,0.18473278877640026,0,0.6867863593165319,1,0.16142420213458084,0,
0806213221267,S14,UBE 850T-2,1,,PLC_COMMUNICATION_FAILED_PLC circuit open until 2026-08-07T03:30:08.991Z,,2026-09-12 12:00:29.096731+00:00,,,,,,,0.35323394552564386,0,0.8018331408059418,1,0.8048322824402065,1,0.5247726706375861,1,0.1960824898964469,0,0.8663281748219612,1,
0806174121084,S14,UBE 850T-2,1,,PLC_COMMUNICATION_FAILED_PLC packet timeout,,2026-09-12 12:01:42.710489+00:00,,,,,,,0.7156933653246287,1,0.25573448980239233,0,0.32631313922668315,0,0.42757013330127824,1,0.7395994366665705,1,0.6895571098341932,1,
0806211521253,S14,UBE 850T-2,1,,PLC_COMMUNICATION_FAILED_PLC circuit open until 2026-08-07T03:17:11.305Z,,2026-09-12 12:02:23.378693+00:00,,,,,,,0.7238458895535125,1,0.7573143789979982,1,0.7611844195178807,1,0.424345005941303,1,0.6945862310957289,1,0.31013793737273365,0,
0806204721234,S14,UBE 850T-2,1,,Face Blow Hole,,2026-09-12 12:02:39.643808+00:00,,CRAM,F,F-2,Bottom View,Blow_Hole,0.7698853705821908,1,0.3017925965456728,0,0.5684966521842735,1,0.8087958430591273,1,0.732562407224854,1,0.7144114295011708,1,1.0
0806212521261,S14,UBE 850T-2,1,,PLC_COMMUNICATION_FAILED_PLC packet timeout,,2026-09-12 12:03:00.209891+00:00,,,,,,,0.43609597662116445,1,0.2483216331321924,0,0.7967032623279621,1,0.7988844506523938,1,0.7372369749741264,1,0.7837733621834734,1,
0806210921248,S14,UBE 850T-2,1,,PLC_COMMUNICATION_FAILED_PLC packet timeout,,2026-09-12 12:03:20.524183+00:00,,,,,,,0.5139249000242448,1,0.2558739818157866,0,0.45376872833809556,1,0.6792178731396523,1,0.7133680359097037,1,0.19679938063372007,0,
0806203221221,S14,UBE 850T-2,1,,Dent,,2026-09-12 12:03:53.344654+00:00,,MR,E,E-2,Bottom View,,0.4375923721210675,1,0.24137945105647762,0,0.5274559587203668,1,0.8588092565259007,1,0.6956935183727972,1,0.7894223743102042,1,
0806205621237,S14,UBE 850T-2,1,,PLC_COMMUNICATION_FAILED_PLC packet timeout,,2026-09-12 12:04:14.037279+00:00,,,,,,,0.23947505976578382,0,0.2339719878539997,0,0.43715828188394035,1,0.42796616123217723,1,0.24408989729465685,0,0.7149153371259187,1,
0806104920820,S14,UBE 850T-2,1,,PLC_COMMUNICATION_FAILED_PLC packet timeout,,2026-09-12 12:05:29.345976+00:00,,,,,,,0.5544836916959816,1,0.8226179389068514,1,0.6960180701153719,1,0.8944571865070432,1,0.25287370544620325,0,0.8640355329133077,1,
0806105720827,S14,UBE 850T-2,1,,PLC_COMMUNICATION_FAILED_PLC circuit open until 2026-08-07T01:12:47.685Z,,2026-09-12 12:05:51.202772+00:00,,,,,,,0.600624225848918,1,0.33948234633078045,0,0.8096034314569793,1,0.8613038340843647,1,0.24906928987842866,0,0.7083450411399183,1,
0806101120787,S14,UBE 850T-2,1,,PLC_COMMUNICATION_FAILED_PLC packet timeout,,2026-09-12 12:06:12.682731+00:00,,,,,,,0.7940797822505842,1,0.25000291440327166,0,0.3351636897248118,0,0.6714435520568327,1,0.5276239085051995,1,0.3701866005912208,0,
0806104320815,S14,UBE 850T-2,1,,Chip-off,,2026-09-12 12:06:30.145603+00:00,,CR,J,J-1,Left Side,Chipoff,0.49401292755036597,1,0.8110873897821447,1,0.8097513927052611,1,0.8777579326572366,1,0.5744499447367006,1,0.8641630801961929,1,1.0
0806152220971,S14,UBE 850T-2,1,,PLC_COMMUNICATION_FAILED_PLC packet timeout,,2026-09-12 12:06:51.491891+00:00,,,,,,,0.5234756603288562,1,0.6618523894961075,1,0.3893710284308857,0,0.3508897473616611,0,0.24991365060962417,0,0.6407087048909919,1,
0806061920598,S14,UBE 850T-2,1,,PLC_COMMUNICATION_FAILED_PLC packet timeout,,2026-09-12 12:07:30.101358+00:00,,,,,,,0.3771164444073074,0,0.2547458533082757,0,0.4423566936385507,1,0.8627960152547848,1,0.7269942121728219,1,0.7926198029957282,1,
0806001520353,S14,UBE 850T-2,1,,PLC_COMMUNICATION_FAILED_PLC circuit open until 2026-08-07T03:21:56.885Z,,2026-09-12 12:07:51.771257+00:00,,,,,,,0.4377564432306163,1,0.2759743459003236,0,0.4689558343993244,1,0.7987403781052766,1,0.28794527810343096,0,0.8578549594326327,1,
0805232020310,S14,UBE 850T-2,1,,PLC_COMMUNICATION_FAILED_PLC circuit open until 2026-08-07T03:15:29.374Z,,2026-09-12 12:08:13.133366+00:00,,,,,,,0.6671370579839488,1,0.29137193858995847,0,0.6410193575179071,1,0.8592072986913487,1,0.2942142367760344,0,0.8569042837097913,1,
0807101621825,S14,UBE 850T-2,1,,Non-Filling,,2026-09-12 11:11:10.641552+00:00,,CR,O,O-1,Front,Non_filling,0.7150689537620962,1,0.2521468892923046,0,0.4884561684478935,1,0.8061791958092274,1,0.2527383757992604,0,0.7074856577996902,1,1.0
0807112821882,S14,UBE 850T-2,1,,Bend,,2026-09-12 11:16:00.198257+00:00,,CR,A,A-3,Top View,,0.7169332982261267,1,0.24859104678595711,0,0.6546330512679823,1,0.6939046279213328,1,0.28763677185887215,0,0.8024559532427241,1,
0806075920676,S14,UBE 850T-2,1,,Face Blow Hole,,2026-09-12 11:39:25.675686+00:00,,CRAM,P,P-2,Front,Blow_Hole,0.859054235812651,1,0.7079487028544496,1,0.5400128519630214,1,0.14936496137509508,0,0.4215937768839121,1,0.15379805296201896,0,1.0
0806102920803,S14,UBE 850T-2,1,,PLC_COMMUNICATION_FAILED_PLC circuit open until 2026-08-07T03:23:55.620Z,,2026-09-12 11:45:48.717447+00:00,,,,,,,0.765894476016953,1,0.7133124169479599,1,0.7183649478392727,1,0.809107090312884,1,0.7400682510658068,1,0.17792100849790096,0,
0806190121150,S14,UBE 850T-2,1,,"PLC_COMMUNICATION_FAILED_PLC SLMP START_ACK timeout (expected 1,1,2)",,2026-09-12 11:47:56.498875+00:00,,,,,,,0.8588264383663166,1,0.8533900965453597,1,0.8038502072230889,1,0.8680567385320361,1,0.18426546806171032,0,0.15571141391548957,0,
0806221421301,S14,UBE 850T-2,1,,PLC_COMMUNICATION_FAILED_PLC circuit open until 2026-08-07T03:42:55.827Z,,2026-09-12 11:48:30.362551+00:00,,,,,,,0.8601506904718518,1,0.8064343878221745,1,0.4693259697115611,1,0.4677535491097909,1,0.24765474975016918,0,0.19662507561886886,0,
0806220821296,S14,UBE 850T-2,1,,PLC_COMMUNICATION_FAILED_PLC circuit open until 2026-08-07T03:39:35.361Z,,2026-09-12 11:48:49.102550+00:00,,,,,,,0.7265304606465225,1,0.7201094838794404,1,0.7745921687403438,1,0.3513901241568004,0,0.3950029655701589,0,0.6411932443862769,1,
0806211921256,S14,UBE 850T-2,1,,PLC_COMMUNICATION_FAILED_PLC packet timeout,,2026-09-12 11:58:29.911174+00:00,,,,,,,0.6478680148296108,1,0.23161819246967585,0,0.4177894909638802,1,0.8211182094068882,1,0.463233420243751,1,0.7830376265113472,1,
0825060821685,S14,UBE 850T-2,1,,Black Mark,,2026-09-14 19:30:07.010533+00:00,,CR,D,D-4,Top View,,0.12940793220373492,0,0.2496471621550026,0,0.37297968344577004,0,0.2982559016960043,0,0.24707468121408344,0,0.7655189822584718,1,
0817114929440,S14,UBE 850T-2,1,,Black Mark,,2026-09-14 19:37:54.452457+00:00,,CR,R,R-2,Rear,,0.7174366743213701,1,0.2906941521076071,0,0.5131216274951029,1,0.759421932106549,1,0.5794991178266083,1,0.13711461024176025,0,
0817113629428,S14,UBE 850T-2,1,,Black Mark,,2026-09-14 19:43:53.535019+00:00,,CR,Q,Q-1,Rear,,0.6479900713040144,1,0.4495728275961127,1,0.35518340969591133,0,0.7986638801093807,1,0.7153495584168847,1,0.17656436871296444,0,
0827093523829,S14,UBE 850T-2,1,,Non-Filling,,2026-09-14 20:02:15.325401+00:00,,CR,S,S-1,Rear,Non_filling,0.4897534674618244,1,0.2767653410326344,0,0.3730026514068308,0,0.15859753476442146,0,0.19588611239307496,0,0.15875746447633748,0,0.0
0827080323751,S14,UBE 850T-2,1,,Dent,,2026-09-14 20:05:59.182590+00:00,,CR,O,O-2,Front,,0.12889926707453375,0,0.26318429373729635,0,0.23541334512499454,0,0.2964628432799655,0,0.24288507147753474,0,0.7654265788100963,1,
0826233523463,S14,UBE 850T-2,1,,Chip-off,,2026-09-14 21:00:46.859879+00:00,,CR,O,O-2,Front,Chipoff,0.17037210851908785,0,0.7529944685099275,1,0.1833666799864663,0,0.2963780008331755,0,0.18175514151692795,0,0.7830875407333439,1,1.0
0826235423480,S14,UBE 850T-2,1,,Porosity,,2026-09-14 21:01:03.396221+00:00,,CRAM,E,E-3,Bottom View,Porosity,0.0881341338798725,0,0.26832369786343246,0,0.10942272538604189,0,0.15151105245452318,0,0.211506899360407,0,0.7109903902512991,1,0.0
0817115529445,S14,UBE 850T-2,1,,Porosity,,2026-09-14 21:04:17.582732+00:00,,CRAM,E,E-3,Bottom View,Porosity,0.5622674592155523,1,0.44976838895454085,1,0.46120346082223573,1,0.5240711099029015,1,0.6964108983104818,1,0.6319778970561751,1,1.0
0826170323177,S14,UBE 850T-2,1,,Black Mark,,2026-09-14 21:05:42.425832+00:00,,CR,Q,Q-1,Rear,,0.17483556585487448,0,0.2828455672170309,0,0.10925004621843623,0,0.5973141131805346,1,0.18801834844928325,0,0.47718994708997026,1,
0826171523188,S14,UBE 850T-2,1,,M14 Face Blow Hole,,2026-09-14 21:08:07.571057+00:00,,CRAM,E,E-3,Bottom View,Blow_Hole,0.4944902724519743,1,0.7815630453368122,1,0.1776334976103596,0,0.4280790625765519,1,0.1887283820386194,0,0.20286748341789074,0,1.0
0826052622797,S14,UBE 850T-2,1,,Blow Hole M8,,2026-09-14 21:45:37.869441+00:00,,CRAM,E,E-3,Bottom View,Blow_Hole,0.08453328223355853,0,0.2716168283700752,0,0.17732320730264467,0,0.18424849967430545,0,0.20872347240419914,0,0.780682818847071,1,0.0
0817062229189,S14,UBE 850T-2,1,,Non-Filling,,2026-09-14 22:39:37.086574+00:00,,CR,K,K-1,Left Side,Non_filling,0.5050879408681828,1,0.7482485944369642,1,0.6449994312637484,1,0.3572479967716592,0,0.6858136047768918,1,0.13717810315285023,0,1.0
0801173126796,S14,UBE 850T-2,1,,PLC_COMMUNICATION_FAILED_PLC circuit open until 2026-08-06T04:43:23.776Z,,2026-09-22 06:55:39.345140+00:00,,,,,,,0.22664619962419064,0,0.7133304487220543,1,0.6087806548305891,1,0.3154856953309513,0,0.21929546619590376,0,0.11817804099152342,0,
0803233828707,S14,UBE 850T-2,1,,Bend,,2026-09-11 12:53:11.789509+00:00,,CR,A,A-2,Top View,,0.23474731562246148,0,0.7074558770593659,1,0.17624759267451373,0,0.18398845482043652,0,0.6960825724911949,1,0.10866395760412645,0,
0803195428592,S14,UBE 850T-2,1,,Bend,,2026-09-11 13:01:31.390989+00:00,,CR,P,P-2,Front,,0.3473781928202611,0,0.27203531134831965,0,0.42381364497185914,1,0.29868746047823463,0,0.5278002163802278,1,0.10661113808571401,0,
0803213928614,S14,UBE 850T-2,1,,Bend,,2026-09-11 13:13:34.814835+00:00,,CR,O,O-1,Front,,0.4061791960719134,1,0.7611768558482134,1,0.5042443227536042,1,0.3566292342808868,0,0.7321490742931868,1,0.0923067803211673,0,
0803214428618,S14,UBE 850T-2,1,,Bend,,2026-09-11 13:14:31.666080+00:00,,CRAM,O,O-2,Front,,0.27545276476463765,0,0.27928818857948845,0,0.447361193993873,1,0.15343488546578746,0,0.4188109506422692,1,0.30899684113541553,0,
0803213828613,S14,UBE 850T-2,1,,Non-filling,,2026-09-11 13:18:02.579010+00:00,,CRAM,G,G-2,Bottom View,Non_filling,0.4900682128989361,1,0.7085671611994261,1,0.5087177187848559,1,0.5987162966348686,1,0.7086329480321996,1,0.16192969534912302,0,1.0
0803214228616,S14,UBE 850T-2,1,,Bend,,2026-09-11 13:18:15.098502+00:00,,CRAM,O,O-1,Front,,0.6641902730348134,1,0.7105034006166865,1,0.610436802821873,1,0.19409283759226642,0,0.20998290671903158,0,0.14403888930617414,0,
0803141528337,S14,UBE 850T-2,1,,Non-filling,,2026-09-11 13:29:47.662587+00:00,,CRAM,O,O-1,Front,Non_filling,0.6879587077799242,1,0.7074794240761207,1,0.6046098314016441,1,0.27013825863626406,0,0.5273455329908242,1,0.0990488012765485,0,1.0
0803142728347,S14,UBE 850T-2,1,,Blow Hole M8,,2026-09-11 13:34:29.720485+00:00,,CRAM,E,E-2,Bottom View,Blow_Hole,0.5504101591543918,1,0.2606809424111656,0,0.44097933873337175,1,0.2963575711562558,0,0.7353780811240967,1,0.10995613445857186,0,1.0
0803133928308,S14,UBE 850T-2,1,,M14 Face Blow Hole,,2026-09-11 13:36:02.508830+00:00,,CRAM,E,E-2,Bottom View,Blow_Hole,0.678225395447774,1,0.7513118311399104,1,0.39256080731965537,0,0.3559888485829192,0,0.24727717728568127,0,0.12208508923407735,0,1.0
0803180228513,S14,UBE 850T-2,1,,Bend,,2026-09-11 13:43:09.866186+00:00,,CRAM,O,O-1,Front,,0.6090017711931923,1,0.25543307243048574,0,0.4240513193641622,1,0.2859365515407983,0,0.42214174188735826,1,0.1113853022484323,0,
0803144828364,S14,UBE 850T-2,1,,M14 Face Blow Hole,,2026-09-11 13:48:15.858351+00:00,,CRAM,E,E-2,Bottom View,Blow_Hole,0.4384454882022383,1,0.25172292043734296,0,0.46149784276533734,1,0.1762894900198239,0,0.7389021540256426,1,0.11956861843625702,0,1.0
0803140928332,S14,UBE 850T-2,1,,Non-filling,,2026-09-11 13:49:04.092339+00:00,,CRAM,O,O-1,Front,Non_filling,0.2918144928561541,0,0.25545256639107594,0,0.5721502731796704,1,0.39785742874175134,0,0.2770676147021829,0,0.30626535117876647,0,1.0
0803144428360,S14,UBE 850T-2,1,,Porosity,,2026-09-11 13:52:34.045529+00:00,,CRAM,E,E-2,Bottom View,Porosity,0.21561793497555934,0,0.27723951990741175,0,0.465397559365592,1,0.6894060078558075,1,0.2523018636761177,0,0.1536298703089685,0,1.0
0803130728282,S14,UBE 850T-2,1,,Non-filling,,2026-09-11 13:56:40.976991+00:00,,CRAM,O,O-1,Front,Non_filling,0.22731214528029126,0,0.26567672180588486,0,0.5075962302653364,1,0.15431148924934882,0,0.2794532135577215,0,0.12863365713387095,0,1.0
0803182028528,S14,UBE 850T-2,1,,Chipoff on M8.0,,2026-09-11 14:01:10.630916+00:00,,CRAM,E,E-2,Bottom View,Chipoff,0.07495950489021375,0,0.25862781075034674,0,0.3981225215253179,0,0.724081958458861,1,0.2000403170293996,0,0.8473479298538382,1,1.0
0803182728532,S14,UBE 850T-2,1,,M14 Face Blow Hole,,2026-09-11 14:05:05.346858+00:00,,CRAM,E,E-2,Bottom View,Blow_Hole,0.2941235484290882,0,0.2746826683581676,0,0.4900819265311641,1,0.1825424903679111,0,0.19912391109031072,0,0.16272908522262347,0,0.0
0803192628568,S14,UBE 850T-2,1,,Bend,,2026-09-11 14:11:41.197603+00:00,,CRAM,O,O-2,Front,,0.8650657131924638,1,0.26705710860647464,0,0.3315637277849548,0,0.18114052674707015,0,0.2958928536074784,0,0.10162854870834243,0,
0803090428130,S14,UBE 850T-2,1,,Bend,,2026-09-11 14:14:45.871934+00:00,,CRAM,O,O-2,Front,,0.1718049849902051,0,0.27234996544913265,0,0.3284232969381921,0,0.8673640988081335,1,0.2121865294429339,0,0.7972920897783908,1,
0803090128127,S14,UBE 850T-2,1,,M14 Face Blow Hole,,2026-09-11 14:19:49.688300+00:00,,CRAM,E,E-2,Bottom View,Blow_Hole,0.5817927263144166,1,0.2791433019280967,0,0.4491013586472644,1,0.29789158287420303,0,0.5345417095421193,1,0.11656068118881865,0,1.0
0803090328129,S14,UBE 850T-2,1,,Non-Filling,,2026-09-11 14:27:09.667339+00:00,,CR,O,O-1,Front,Non_filling,0.17873557339467927,0,0.2751325174499959,0,0.4021104814855863,1,0.5120049858235916,1,0.7007149616122421,1,0.17097670096204176,0,1.0
0803171728486,S14,UBE 850T-2,1,,"PLC_COMMUNICATION_FAILED_PLC SLMP START_ACK timeout (expected 1,1,2)",,2026-09-11 14:33:22.582974+00:00,,,,,,,0.272811580425182,0,0.27230218819869245,0,0.45958436082165943,1,0.1549452737016105,0,0.24874073811473557,0,0.1554644876067546,0,
0803160728427,S14,UBE 850T-2,1,,M14 Face Blow Hole,,2026-09-11 14:40:28.901139+00:00,,CRAM,E,E-2,Bottom View,Blow_Hole,0.5545308869275953,1,0.8533893348840699,1,0.6360581163423349,1,0.2840052390517525,0,0.20515549078468576,0,0.1092564828689013,0,1.0
0803171628485,S14,UBE 850T-2,1,,Non-Filling,,2026-09-11 14:43:10.743531+00:00,,CR,A,A-1,Top View,Non_filling,0.3792947176001048,0,0.4488067008483677,1,0.41542709729194804,1,0.16160066042807758,0,0.2468520854097479,0,0.10608126704039893,0,1.0
0803170828478,S14,UBE 850T-2,1,,Non-Filling,,2026-09-11 14:46:28.582577+00:00,,CR,A,A-1,Top View,Non_filling,0.17714093224851063,0,0.27037777506677096,0,0.5279052561737069,1,0.16162252887990486,0,0.7374607956641492,1,0.3079695954662413,0,1.0
0803162628443,S14,UBE 850T-2,1,,Porosity,,2026-09-11 14:47:09.078865+00:00,,CRAM,E,E-2,Bottom View,Porosity,0.5949900409561848,1,0.24065757812326594,0,0.46157783160979204,1,0.17722365444880156,0,0.5301462213191651,1,0.1061896343396889,0,0.0
0803165928471,S14,UBE 850T-2,1,,Non-Filling,,2026-09-11 14:47:21.237281+00:00,,CR,A,A-2,Top View,Non_filling,0.48079328475219285,1,0.29054380317896733,0,0.5742204112357464,1,0.25581542422912795,0,0.32288243083739643,0,0.15871876657845924,0,1.0
0803153828403,S14,UBE 850T-2,1,,Non-Filling,,2026-09-11 14:47:33.396105+00:00,,CR,R,R-2,Rear,Non_filling,0.7637460165632174,1,0.259947059698516,0,0.48068358786226933,1,0.30011152904288685,0,0.5275652305053882,1,0.10726380120071766,0,1.0
0803153428400,S14,UBE 850T-2,1,,Non-Filling,,2026-09-11 14:51:47.873549+00:00,,CR,O,O-1,Front,Non_filling,0.7832153471413077,1,0.853388852141057,1,0.8120042025410732,1,0.26755974330073806,0,0.1995607230593961,0,0.08541194622092771,0,1.0
0803164828461,S14,UBE 850T-2,1,,Non-Filling,,2026-09-11 14:52:00.040594+00:00,,CR,D,D-4,Top View,Non_filling,0.40797947033375714,1,0.26336547535393073,0,0.3315713364191652,0,0.28583865359422983,0,0.5789501491303494,1,0.12690949840663113,0,0.0
0803150428377,S14,UBE 850T-2,1,,M14 Face Blow Hole,,2026-09-11 14:54:33.533627+00:00,,CRAM,E,E-2,Bottom View,Blow_Hole,0.7687636610064413,1,0.25353559007452287,0,0.44694420807941626,1,0.34157151525401114,0,0.24071078261474227,0,0.13860738352680474,0,1.0
0803154328407,S14,UBE 850T-2,1,,Porosity,,2026-09-11 14:59:07.360925+00:00,,CRAM,E,E-2,Bottom View,Porosity,0.12889912185947014,0,0.21501510731439208,0,0.45519691844290183,1,0.7450267857841187,1,0.7324356648614184,1,0.1258957595393068,0,1.0
0803145128366,S14,UBE 850T-2,1,,Blow Hole M8,,2026-09-11 14:59:23.790219+00:00,,CRAM,E,E-2,Bottom View,Blow_Hole,0.700327639750618,1,0.44990127927215773,1,0.41535844277553136,1,0.16100046200205484,0,0.4213423173652161,1,0.11013055526788892,0,1.0
0803113528231,S14,UBE 850T-2,1,,Bend,,2026-09-11 15:02:00.837594+00:00,,CR,R,R-1,Rear,,0.12855962156385478,0,0.25291523913101643,0,0.17601208767494686,0,0.48593654772488043,1,0.7491069479951915,1,0.16540870325440216,0,
0803124528265,S14,UBE 850T-2,1,,Bend,,2026-09-11 15:09:51.573608+00:00,,CR,O,O-2,Front,,0.881519796078496,1,0.8199962573150967,1,0.35419885483016844,0,0.20084334947158422,0,0.7994438502590124,1,0.06090536864184073,0,
0803111128218,S14,UBE 850T-2,1,,Bend,,2026-09-11 15:10:55.447166+00:00,,CR,A,A-2,Top View,,0.2825620386938637,0,0.7131885617997675,1,0.4463651988436774,1,0.564028542742835,1,0.278478681762526,0,0.11936085373649671,0,
0803103528192,S14,UBE 850T-2,1,,Bend,,2026-09-11 15:13:32.696103+00:00,,CR,A,A-3,Top View,,0.3616386728353865,0,0.7487018611467061,1,0.30430325283491,0,0.1520741205372747,0,0.25156892663929603,0,0.15558110944249726,0,
0803113928234,S14,UBE 850T-2,1,,Extra Metal,,2026-09-11 15:19:43.768725+00:00,,CR,A,A-3,Top View,,0.2155036660614009,0,0.282450462940445,0,0.17499897398001274,0,0.5986695875248159,1,0.421433998006476,1,0.16175722542223694,0,
0803071328046,S14,UBE 850T-2,1,,Dent,,2026-09-11 15:34:38.738974+00:00,,CR,D,D-4,Top View,,0.3658155295594691,0,0.7708471945979767,1,0.4929552687598443,1,0.29320789467031716,0,0.2876832080438466,0,0.16486949138705537,0,
0802233727692,S14,UBE 850T-2,1,,Bend,,2026-09-11 15:50:16.177909+00:00,,CR,A,A-3,Top View,,0.39905939051495715,0,0.7128778266833367,1,0.3930978366340044,0,0.18669818606358043,0,0.24785073672490526,0,0.1429119799059517,0,
0803051927958,S14,UBE 850T-2,1,,Bend,,2026-09-11 16:09:03.480980+00:00,,CR,O,O-1,Front,,0.28845365629824793,0,0.2543456994357508,0,0.17583058542248206,0,0.1489945934155255,0,0.5354020255638496,1,0.16901719821077935,0,
0802230827672,S14,UBE 850T-2,1,,Bend,,2026-09-11 16:22:19.671963+00:00,,CR,A,A-1,Top View,,0.5521542379987006,1,0.8533904077086074,1,0.5621213252288951,1,0.1830010746013677,0,0.1834130972833184,0,0.1275466480819676,0,
0803220228633,S14,UBE 850T-2,1,,PLC_COMMUNICATION_FAILED_PLC packet timeout,,2026-09-11 19:46:37.517306+00:00,,,,,,,0.06588634029907237,0,0.2816189759753474,0,0.498132584502142,1,0.7347389420622488,1,0.17601764214746526,0,0.7651475518605684,1,
0803131328287,S14,UBE 850T-2,1,,Porosity,,2026-09-11 19:51:28.994009+00:00,,CRAM,E,E-2,Bottom View,Porosity,0.1771433469312332,0,0.26878190835264615,0,0.30471482225204616,0,0.2957266335387846,0,0.7131030146402781,1,0.11445240390618669,0,0.0
0803140528329,S14,UBE 850T-2,1,,PLC_COMMUNICATION_FAILED_PLC packet timeout,,2026-09-11 19:58:59.393491+00:00,,,,,,,0.3583558448867052,0,0.7268542249707712,1,0.42399015588400246,1,0.3006526648256771,0,0.32099391786041576,0,0.11097073507947833,0,
0803150228375,S14,UBE 850T-2,1,,M14 Face Blow Hole,,2026-09-11 20:10:08.638950+00:00,,CRAM,Q,Q-1,Rear,Blow_Hole,0.717640369555581,1,0.24209104967408557,0,0.5721555352091027,1,0.270859625591272,0,0.2527063992700159,0,0.12014032855784121,0,1.0
0803115628248,S14,UBE 850T-2,1,,Porosity,,2026-09-11 20:24:27.914213+00:00,,CRAM,C,C-1,Top View,Porosity,0.4662936424408551,1,0.7778231166014111,1,0.46807822550888545,1,0.7546974775580524,1,0.23997410054126056,0,0.1070806740279633,0,1.0
0803094428164,S14,UBE 850T-2,1,,Porosity,,2026-09-11 20:28:05.733132+00:00,,CRAM,E,E-2,Bottom View,Porosity,0.34725999825406684,0,0.762029995134059,1,0.41898786685310024,1,0.3944147245539906,0,0.23825278334747352,0,0.12888477652339908,0,0.0
0802231227675,S14,UBE 850T-2,1,,Chipoff on M8.0,,2026-09-11 20:34:37.418646+00:00,,CRAM,E,E-2,Bottom View,Chipoff,0.06990824026116052,0,0.7419349765199051,1,0.3575860472028536,0,0.44253411806144105,1,0.20850196656409437,0,0.7834475911218955,1,1.0
0824164721087,S14,UBE 850T-2,1,,Porosity,,2026-09-15 05:48:17.116774+00:00,,CRAM,E,E-2,Bottom View,Porosity,0.16243012097160758,0,0.8533912422465345,1,0.5773881118033248,1,0.8063166332086888,1,0.14649816892401962,0,0.7780595124034837,1,1.0
0817160229645,S14,UBE 850T-2,1,,Porosity,,2026-09-21 18:11:45.855174+00:00,,CRAM,E,E-2,Bottom View,Porosity,0.6461498500970011,1,0.7758070420524306,1,0.48696416907123036,1,0.6937403098660981,1,0.7501182374742932,1,0.31036791880702247,0,1.0
0802175527494,S14,UBE 850T-2,1,,PLC_COMMUNICATION_FAILED_PLC circuit open until 2026-08-06T07:53:18.781Z,,2026-09-12 10:40:39.229746+00:00,,,,,,,0.6988544787971234,1,0.7840097305768369,1,0.28990451188245697,0,0.35368450317136596,0,0.2510923133488668,0,0.10138064558297162,0,
0802174227484,S14,UBE 850T-2,1,,PLC_COMMUNICATION_FAILED_PLC circuit open until 2026-08-06T07:40:21.891Z,,2026-09-12 10:40:59.374383+00:00,,,,,,,0.7697022688739052,1,0.7609909594329344,1,0.5783626215786515,1,0.17557292975273042,0,0.41975292506204154,1,0.09058912780313369,0,
0802234027693,S14,UBE 850T-2,1,,Bend,,2026-09-11 16:22:33.648304+00:00,,CR,A,A-3,Top View,,0.16208970147430313,0,0.3448918744764885,0,0.4468861864634379,1,0.28451571819347554,0,0.7495731159501768,1,0.12900331982008414,0,
0803011627772,S14,UBE 850T-2,1,,Bend,,2026-09-11 17:02:06.767263+00:00,,CR,A,A-3,Top View,,0.1715214478267251,0,0.7466802492904474,1,0.5594336996420937,1,0.5105317447022736,1,0.7388989544193809,1,0.20271844798615404,0,
0805005129277,S14,UBE 850T-2,1,,Non-Filling,,2026-09-11 18:12:53.506852+00:00,,CR,I,I-1,Left Side,Non_filling,0.22696044651353298,0,0.2773919993543577,0,0.4513753694737313,1,0.8787933182506925,1,0.28049325737326297,0,0.8891652023780467,1,1.0
0803223228658,S14,UBE 850T-2,1,,Black Mark,,2026-09-11 18:58:13.848229+00:00,,CR,H,H-4,Bottom View,,0.340023017790442,0,0.26404745607866725,0,0.44910870366672057,1,0.5909174608934304,1,0.2801204337736345,0,0.1574946698789573,0,
0804010728770,S14,UBE 850T-2,1,,Bend,,2026-09-11 19:01:19.406461+00:00,,CR,O,O-2,Front,,0.17852749937773704,0,0.2577647746486427,0,0.3031392225516637,0,0.5646828232622199,1,0.7117580945962151,1,0.15516496697881652,0,
0804103229137,S14,UBE 850T-2,1,,Black Mark,,2026-09-11 19:04:06.428728+00:00,,CR,S,S-1,Rear,,0.08514087691991844,0,0.2643263195960801,0,0.6085702478344369,1,0.8388722656967491,1,0.38251010516670303,0,0.8859106004395724,1,
0804083729061,S14,UBE 850T-2,1,,Chipoff on M8.0,,2026-09-11 19:08:36.922711+00:00,,CRAM,E,E-2,Bottom View,Chipoff,0.7238235875817642,1,0.2940905818901284,0,0.7851437426829933,1,0.3536079947031731,0,0.7409257897153633,1,0.8200247671997808,1,1.0
0804074329017,S14,UBE 850T-2,1,,Bend,,2026-09-11 19:08:49.048214+00:00,,CR,R,R-1,Rear,,0.37607133609960974,0,0.7792274897220064,1,0.7833628986875645,1,0.8686385014777376,1,0.7371513410596762,1,0.8022820541945546,1,
0804073329009,S14,UBE 850T-2,1,,Crack,,2026-09-11 19:09:13.467248+00:00,,CR,A,A-3,Top View,Crack,0.7986245487528213,1,0.26510846525403675,0,0.36161553406666425,0,0.3513518733714228,0,0.24977926135714712,0,0.8607579775036649,1,0.0
0804073629011,S14,UBE 850T-2,1,,Bend,,2026-09-11 19:09:25.599418+00:00,,CR,R,R-1,Rear,,0.8772711990069771,1,0.8533907999962457,1,0.8025646916710529,1,0.5972298146661419,1,0.20360934658998844,0,0.824358819268653,1,
0804073729012,S14,UBE 850T-2,1,,Bend,,2026-09-11 19:10:46.231550+00:00,,CR,O,O-2,Front,,0.8601488197381844,1,0.7552041515170106,1,0.47087745029293365,1,0.18414167461236558,0,0.7428507643903124,1,0.15408790026337155,0,
0804073029006,S14,UBE 850T-2,1,,Crack,,2026-09-11 19:11:22.617219+00:00,,CR,R,R-1,Rear,Crack,0.8780326979489472,1,0.7203725712146067,1,0.43169579201430575,1,0.3985746087260369,0,0.7417904840359937,1,0.8014509609886793,1,1.0
0804081829046,S14,UBE 850T-2,1,,Porosity,,2026-09-11 19:13:15.509819+00:00,,CRAM,E,E-2,Bottom View,Porosity,0.7003075871167255,1,0.28262743462230955,0,0.4065251437302396,1,0.8681998402782257,1,0.278725676253054,0,0.8565624774053809,1,1.0
0804074029014,S14,UBE 850T-2,1,,Bend,,2026-09-11 19:13:27.681313+00:00,,CR,O,O-2,Front,,0.6627178985321235,1,0.7504245688575256,1,0.49887141254420214,1,0.35990388152352554,0,0.4207941956411579,1,0.7118202658496713,1,
0804073829013,S14,UBE 850T-2,1,,Non-Filling,,2026-09-11 19:13:40.265843+00:00,,CR,N,N-2,Right Side,Non_filling,0.6883689610997373,1,0.7498826931145213,1,0.6674834511601861,1,0.14951060098352253,0,0.42172263396835336,1,0.7102910611875043,1,1.0
0804073129007,S14,UBE 850T-2,1,,Crack,,2026-09-11 19:14:56.897212+00:00,,CR,D,D-4,Top View,Crack,0.8615486206182851,1,0.7685173347297224,1,0.6214031193715523,1,0.5639250077319106,1,0.732675888049954,1,0.16774617973146644,0,1.0
0804090929086,S14,UBE 850T-2,1,,Non-Filling,,2026-09-11 19:17:51.595958+00:00,,CR,B,B-1,Top View,Non_filling,0.4557174140288806,1,0.25519989452125,0,0.5613354540134021,1,0.8680275903001662,1,0.7131418221996417,1,0.85779894507156,1,1.0
0803045027947,S14,UBE 850T-2,1,,"PLC_COMMUNICATION_FAILED_PLC SLMP START_ACK timeout (expected 1,1,2)",,2026-09-11 19:23:03.006368+00:00,,,,,,,0.4383083882394126,1,0.2510150276151764,0,0.36710855169774215,0,0.29790942832502926,0,0.7431122714378234,1,0.12932344697625273,0,
0803214828621,S14,UBE 850T-2,1,,Porosity,,2026-09-11 19:23:43.544858+00:00,,CRAM,E,E-2,Bottom View,Porosity,0.1687862401153891,0,0.30223223039904,0,0.45537544707486954,1,0.6937060584177519,1,0.7446285796221765,1,0.1648389277604014,0,1.0
0805225820294,S14,UBE 850T-2,1,,Non-Filling,,2026-09-11 21:16:24.711794+00:00,,CR,A,A-4,Top View,Non_filling,0.058998324809332134,0,0.24453479004610595,0,0.6111680948990208,1,0.8983698678225909,1,0.1971787818549578,0,0.8989522466132046,1,1.0
0805231020302,S14,UBE 850T-2,1,,Non-Filling,,2026-09-11 21:20:31.497834+00:00,,CR,A,A-4,Top View,Non_filling,0.17204718999880217,0,0.278681533500843,0,0.6046073973692301,1,0.8968316817630939,1,0.248790647689711,0,0.8834998511770419,1,1.0
0805234520330,S14,UBE 850T-2,1,,PLC_COMMUNICATION_FAILED_PLC packet timeout,,2026-09-11 21:24:37.459186+00:00,,,,,,,0.062046924259788264,0,0.26185910769506937,0,0.6546282657454471,1,0.8912317989106175,1,0.19726039949250976,0,0.9010040530998212,1,
0805234320328,S14,UBE 850T-2,1,,PLC_COMMUNICATION_FAILED_PLC packet timeout,,2026-09-11 21:24:57.543302+00:00,,,,,,,0.43621807375507754,1,0.23976726926997144,0,0.4929633271336209,1,0.42800616132175817,1,0.4184688103372654,1,0.8596254458424508,1,
0805233820324,S14,UBE 850T-2,1,,PLC_COMMUNICATION_FAILED_PLC packet timeout,,2026-09-11 21:25:17.926342+00:00,,,,,,,0.239465682138117,0,0.21968576784658078,0,0.5897675506104433,1,0.7108141147148206,1,0.4218869366145819,1,0.7721628744738878,1,
0805215920249,S14,UBE 850T-2,1,,PLC_COMMUNICATION_FAILED_PLC packet timeout,,2026-09-11 21:28:52.016311+00:00,,,,,,,0.40893258777130914,1,0.2266969576159721,0,0.4161613122256822,1,0.8393181228382127,1,0.5278664066944218,1,0.8682997545355258,1,
0805205420208,S14,UBE 850T-2,1,,Bend,,2026-09-11 21:29:16.377898+00:00,,CR,R,R-1,Rear,,0.5969412764837136,1,0.26033353591832975,0,0.3896448552922492,0,0.4275291557235523,1,0.25000422859607463,0,0.7076372301852387,1,
0805220420253,S14,UBE 850T-2,1,,PLC_COMMUNICATION_FAILED_PLC circuit open until 2026-08-05T23:09:20.116Z,,2026-09-11 21:29:56.801249+00:00,,,,,,,0.4942480362471795,1,0.26819026626041015,0,0.34770378629209403,0,0.798625896139303,1,0.2783283192464564,0,0.8728683077374578,1,
0805022729354,S14,UBE 850T-2,1,,Porosity,,2026-09-12 00:00:32.867422+00:00,,CRAM,P,P-2,Front,Porosity,0.4019541508797575,1,0.2932483389196586,0,0.5574902529804759,1,0.8389860955707085,1,0.7377819285470391,1,0.739726183239589,1,1.0
0805021529344,S14,UBE 850T-2,1,,Chip-off,,2026-09-12 00:01:23.103230+00:00,,CR,E,E-2,Bottom View,Chipoff,0.6643427442380979,1,0.26913839582240084,0,0.3212934749625725,0,0.5727699853613732,1,0.2806389085306129,0,0.7628802076284044,1,1.0
0805022629353,S14,UBE 850T-2,1,,Non-filling,,2026-09-12 00:03:01.805569+00:00,,CRAM,I,I-1,Left Side,Non_filling,0.6948373748096305,1,0.7482503828426703,1,0.4003559655672328,1,0.6977017484941812,1,0.28731942546982525,0,0.8690472758080827,1,1.0
0805013329312,S14,UBE 850T-2,1,,Face Blow Hole,,2026-09-12 00:07:09.810587+00:00,,CRAM,P,P-2,Front,Blow_Hole,0.6007111411687405,1,0.26894494863309537,0,0.6376189948750017,1,0.8624361260218131,1,0.5801742024524033,1,0.7871287562951272,1,1.0
0805013229311,S14,UBE 850T-2,1,,Dent,,2026-09-12 00:14:14.310460+00:00,,CR,C,C-1,Top View,,0.76991953997421,1,0.2693071766201728,0,0.6485212726394056,1,0.35955074745606097,0,0.7428374443199601,1,0.7783635987812636,1,
0805005729282,S14,UBE 850T-2,1,,Blow Hole M8,,2026-09-12 00:14:30.803931+00:00,,CRAM,F,F-4,Bottom View,Blow_Hole,0.2810220525952527,0,0.27063140166082644,0,0.4590129854927063,1,0.8959232645545618,1,0.737472732702513,1,0.894775850760878,1,0.0
0804225629226,S14,UBE 850T-2,1,,Porosity,,2026-09-12 00:18:24.542220+00:00,,CRAM,E,E-1,Bottom View,Porosity,0.6479929375058201,1,0.2579731319093064,0,0.41778371203632736,1,0.8607283869753903,1,0.7136646112837505,1,0.7826997688456924,1,1.0
0804233529256,S14,UBE 850T-2,1,,Chip-off,,2026-09-12 00:22:58.431890+00:00,,CR,K,K-1,Left Side,Chipoff,0.3791541183801753,0,0.24999805073038606,0,0.3716816495470512,0,0.15370997575636333,0,0.7008883291802988,1,0.7831987633054134,1,1.0
0804232929251,S14,UBE 850T-2,1,,Shrinkage,,2026-09-12 00:28:05.078291+00:00,,CRAM,P,P-2,Front,Shrinkage,0.5706062762679494,1,0.4488340967283887,1,0.5316117870095999,1,0.6980793711367415,1,0.7427724949507628,1,0.7393901032389812,1,1.0
0804212329149,S14,UBE 850T-2,1,,Face Blow Hole,,2026-09-12 00:30:54.533153+00:00,,CRAM,H,H-2,Bottom View,Blow_Hole,0.770099632223222,1,0.7664278080184421,1,0.3776708780453181,0,0.4274640119055615,1,0.41885416209503873,1,0.8648986753346135,1,1.0
0804220529184,S14,UBE 850T-2,1,,Porosity,,2026-09-12 00:31:26.932708+00:00,,CRAM,P,P-2,Front,Porosity,0.41544237309272974,1,0.7471592652245247,1,0.44238866000371263,1,0.6976051406720156,1,0.23939362739877046,0,0.8836961845087721,1,1.0
0803234128710,S14,UBE 850T-2,1,,Shrinkage,,2026-09-12 00:42:55.111294+00:00,,CRAM,A,A-4,Top View,Shrinkage,0.23895149966633986,0,0.7054049050409353,1,0.4695712054206691,1,0.18404823713840976,0,0.2523300546711659,0,0.1264115749745513,0,0.0
0803234428712,S14,UBE 850T-2,1,,PLC_COMMUNICATION_FAILED_PLC circuit open until 2026-08-05T15:46:52.636Z,,2026-09-12 00:44:32.738251+00:00,,,,,,,0.2615408736491315,0,0.23114707440240156,0,0.39318840569638125,0,0.3022604191485188,0,0.711791524633713,1,0.10213079023121863,0,
0803235028717,S14,UBE 850T-2,1,,PLC_COMMUNICATION_FAILED_PLC packet timeout,,2026-09-12 00:44:53.357982+00:00,,,,,,,0.45559893525808914,1,0.263302617420373,0,0.31034667061669663,0,0.4242166845306753,1,0.3824388782216112,0,0.1419466310889173,0,
0803234028709,S14,UBE 850T-2,1,,PLC_COMMUNICATION_FAILED_PLC packet timeout,,2026-09-12 00:45:13.649927+00:00,,,,,,,0.27094194179904135,0,0.26232608656978224,0,0.41281660468537484,1,0.16159835314273363,0,0.5637713557614914,1,0.11920480149761206,0,
0804011228774,S14,UBE 850T-2,1,,PLC_COMMUNICATION_FAILED_PLC packet timeout,,2026-09-12 00:45:34.254634+00:00,,,,,,,0.12912128924153554,0,0.7583534960105066,1,0.30323292091424053,0,0.5978969506094611,1,0.7480799541190977,1,0.16774637413885826,0,
0804011128773,S14,UBE 850T-2,1,,PLC_COMMUNICATION_FAILED_PLC packet timeout,,2026-09-12 00:45:54.543528+00:00,,,,,,,0.11550096579244064,0,0.2479921006352569,0,0.3331398452782034,0,0.7555033304311645,1,0.5935442385825147,1,0.23181266563475184,0,
0803235728723,S14,UBE 850T-2,1,,PLC_COMMUNICATION_FAILED_PLC packet timeout,,2026-09-12 00:46:31.409999+00:00,,,,,,,0.7638660638848805,1,0.25613644088529075,0,0.3055207152906799,0,0.3018837013389973,0,0.7319819316556919,1,0.10249602469454974,0,
0804010328767,S14,UBE 850T-2,1,,PLC_COMMUNICATION_FAILED_PLC packet timeout,,2026-09-12 00:46:51.701278+00:00,,,,,,,0.3710516842969227,0,0.7461595279152013,1,0.49144800197443106,1,0.18292782618335257,0,0.7386752346326392,1,0.11464003027988434,0,
0803234328711,S14,UBE 850T-2,1,,PLC_COMMUNICATION_FAILED_PLC packet timeout,,2026-09-12 00:47:12.298348+00:00,,,,,,,0.29350998085816327,0,0.27629544281609836,0,0.41548839727484493,1,0.5581943028138456,1,0.2478170442018988,0,0.19649242916648815,0,
0804003828746,S14,UBE 850T-2,1,,PLC_COMMUNICATION_FAILED_PLC packet timeout,,2026-09-12 00:47:32.589187+00:00,,,,,,,0.620445036847106,1,0.260401343594042,0,0.38911584908892627,0,0.18776168923392836,0,0.7420002907143364,1,0.10703439335218584,0,
0803234728715,S14,UBE 850T-2,1,,PLC_COMMUNICATION_FAILED_PLC packet timeout,,2026-09-12 00:47:53.194347+00:00,,,,,,,0.7232893540693025,1,0.27926060309413014,0,0.613236334043943,1,0.17467263076631062,0,0.24953379946168847,0,0.11528501089756156,0,
0804093429106,S14,UBE 850T-2,1,,Chip-off,,2026-09-12 00:50:59.182520+00:00,,CR,J,J-1,Left Side,Chipoff,0.4085338034935182,1,0.25268084096253784,0,0.48697571588207245,1,0.8663929404568697,1,0.5862695389310593,1,0.8596488877459688,1,1.0
0804092829101,S14,UBE 850T-2,1,,Chip-off,,2026-09-12 00:51:15.318532+00:00,,CR,E,E-4,Bottom View,Chipoff,0.7659638340511364,1,0.853387999541951,1,0.8027456595128974,1,0.16522693209181716,0,0.7360201423795698,1,0.7145088192461586,1,1.0
0804084729068,S14,UBE 850T-2,1,,Face Blow Hole,,2026-09-12 00:51:31.452411+00:00,,CRAM,H,H-2,Bottom View,Blow_Hole,0.8866935620149565,1,0.2722886831578423,0,0.7903798184228581,1,0.1601179985652591,0,0.731221412057592,1,0.15758604254510158,0,1.0
0806031720468,S14,UBE 850T-2,1,,PLC_COMMUNICATION_FAILED_PLC circuit open until 2026-08-06T04:19:14.111Z,,2026-09-12 09:10:43.233251+00:00,,,,,,,0.06322037232723626,0,0.26592844391474113,0,0.35679020442646614,0,0.8913691004253815,1,0.1991735371469278,0,0.8902219586976705,1,
0806010920389,S14,UBE 850T-2,1,,PLC_COMMUNICATION_FAILED_PLC circuit open until 2026-08-06T08:50:31.628Z,,2026-09-12 09:24:56.436512+00:00,,,,,,,0.2392289763505725,0,0.23803328915468647,0,0.4913408786227948,1,0.8059389914868317,1,0.5632592196898847,1,0.7607843096519452,1,
0805235720339,S14,UBE 850T-2,1,,PLC_COMMUNICATION_FAILED_PLC packet timeout,,2026-09-12 09:26:13.676261+00:00,,,,,,,0.06334872917138254,0,0.26120501234693955,0,0.6077213233746687,1,0.8813955212039781,1,0.1785576158949418,0,0.8957081236252346,1,
0805232120311,S14,UBE 850T-2,1,,PLC_COMMUNICATION_FAILED_PLC circuit open until 2026-08-06T08:35:02.565Z,,2026-09-12 09:29:51.464679+00:00,,,,,,,0.3186304401356377,0,0.26281885085621937,0,0.4690234802173964,1,0.895765951256478,1,0.24093470723201738,0,0.8776475553850055,1,
0804081729045,S14,UBE 850T-2,1,,Non-Filling,,2026-09-12 12:09:43.359383+00:00,,CR,N,N-1,Right Side,Non_filling,0.5684516884395807,1,0.7429366519487073,1,0.6214027069650222,1,0.14909990088969874,0,0.5294799865533446,1,0.7135023333223125,1,1.0
0806030320457,S14,UBE 850T-2,1,,PLC_COMMUNICATION_FAILED_PLC circuit open until 2026-08-06T04:43:23.776Z,,2026-09-12 09:08:08.077346+00:00,,,,,,,0.32410577063273655,0,0.2444447257701449,0,0.46269755833308024,1,0.8792630815529947,1,0.5349936523508478,1,0.8481769182819197,1,
0806032520474,S14,UBE 850T-2,1,,PLC_COMMUNICATION_FAILED_PLC packet timeout,,2026-09-12 09:08:28.306973+00:00,,,,,,,0.11621276380701373,0,0.25506188911468924,0,0.5697486713744054,1,0.8918887479184177,1,0.382167050912895,0,0.8844048972740776,1,
0805214320236,S14,UBE 850T-2,1,,PLC_COMMUNICATION_FAILED_PLC circuit open until 2026-08-05T23:07:33.061Z,,2026-09-11 21:30:16.872621+00:00,,,,,,,0.7607846691596958,1,0.28314549897242536,0,0.4458614637073251,1,0.231705481329002,0,0.2475068812453472,0,0.2314576310100976,0,
0805220620254,S14,UBE 850T-2,1,,PLC_COMMUNICATION_FAILED_PLC circuit open until 2026-08-05T23:23:12.780Z,,2026-09-11 21:30:37.244821+00:00,,,,,,,0.6007094467971615,1,0.8533896771947096,1,0.5088644443228361,1,0.7059455974372284,1,0.21195734936077038,0,0.7998387764599034,1,
0805220720255,S14,UBE 850T-2,1,,PLC_COMMUNICATION_FAILED_PLC packet timeout,,2026-09-11 21:30:57.325256+00:00,,,,,,,0.4936311393458871,1,0.2593859016592308,0,0.6089225807346852,1,0.8759673084134256,1,0.2762405231048619,0,0.8754755714858242,1,
0805221220259,S14,UBE 850T-2,1,,PLC_COMMUNICATION_FAILED_PLC packet timeout,,2026-09-11 21:31:29.651327+00:00,,,,,,,0.2433475743089336,0,0.24573174807135179,0,0.43989099257617037,1,0.9049921811060222,1,0.24927942239763398,0,0.8925320589377563,1,
0805210920220,S14,UBE 850T-2,1,,PLC_COMMUNICATION_FAILED_PLC circuit open until 2026-08-05T23:07:33.061Z,,2026-09-11 21:31:49.713679+00:00,,,,,,,0.11650769243778089,0,0.2206174184570604,0,0.5545990750301006,1,0.8063187954830853,1,0.7318405250962907,1,0.8707992290909398,1,
0805203420192,S14,UBE 850T-2,1,,PLC_COMMUNICATION_FAILED_PLC circuit open until 2026-08-05T23:08:26.521Z,,2026-09-11 21:32:10.094228+00:00,,,,,,,0.1781929046384088,0,0.294136683995189,0,0.8058654500364908,1,0.7243193817625084,1,0.2806248435690891,0,0.8771797831944573,1,
0805221720263,S14,UBE 850T-2,1,,PLC_COMMUNICATION_FAILED_PLC packet timeout,,2026-09-11 21:32:30.170200+00:00,,,,,,,0.23915794475465948,0,0.25063125781678386,0,0.609147837875351,1,0.671614685967495,1,0.7467834497289793,1,0.7894563445551216,1,
0805220220251,S14,UBE 850T-2,1,,PLC_COMMUNICATION_FAILED_PLC packet timeout,,2026-09-11 21:33:10.469289+00:00,,,,,,,0.08850219039190636,0,0.44914725108664055,1,0.3467098712580229,0,0.9241151223447641,1,0.24773723959935723,0,0.8978854907566997,1,
0805211220222,S14,UBE 850T-2,1,,PLC_COMMUNICATION_FAILED_PLC packet timeout,,2026-09-11 21:33:46.819574+00:00,,,,,,,0.45317838320542925,1,0.23387494188805297,0,0.521821262098735,1,0.8056600360962868,1,0.25041494642282935,0,0.44420767611295475,1,
0805220120250,S14,UBE 850T-2,1,,PLC_COMMUNICATION_FAILED_PLC circuit open until 2026-08-05T23:17:13.005Z,,2026-09-11 21:34:07.182473+00:00,,,,,,,0.2385644057222456,0,0.2589748270380057,0,0.4809907356075027,1,0.8864292103490908,1,0.7400572646083834,1,0.8752582528852147,1,
0805210320215,S14,UBE 850T-2,1,,PLC_COMMUNICATION_FAILED_PLC circuit open until 2026-08-05T22:25:34.576Z,,2026-09-11 21:34:27.239417+00:00,,,,,,,0.17294096332058745,0,0.2670845387344793,0,0.7998864103628365,1,0.8812810010572523,1,0.20154523872416363,0,0.8700848603677586,1,
0805211120221,S14,UBE 850T-2,1,,PLC_COMMUNICATION_FAILED_PLC packet timeout,,2026-09-11 21:34:47.598116+00:00,,,,,,,0.38483722637630796,0,0.4491847819475735,1,0.785319986601528,1,0.9083248114175272,1,0.2373666845873319,0,0.7129718283674872,1,
0805221320260,S14,UBE 850T-2,1,,PLC_COMMUNICATION_FAILED_PLC packet timeout,,2026-09-11 21:35:07.672334+00:00,,,,,,,0.27528054699225035,0,0.24280198061207675,0,0.47840683755449864,1,0.8777613753910068,1,0.417857185122325,1,0.8587408318795754,1,
0805215320244,S14,UBE 850T-2,1,,PLC_COMMUNICATION_FAILED_PLC packet timeout,,2026-09-11 21:35:48.211199+00:00,,,,,,,0.08420181948121323,0,0.2492862446955931,0,0.277627188329894,0,0.8920464227482132,1,0.2191681077311647,0,0.8780577616608627,1,
0805205720210,S14,UBE 850T-2,1,,PLC_COMMUNICATION_FAILED_PLC circuit open until 2026-08-05T22:02:43.340Z,,2026-09-11 21:36:08.637373+00:00,,,,,,,0.3788800805568237,0,0.23485460336146236,0,0.49766366912968407,1,0.5727306889029197,1,0.4633370566648452,1,0.24149200052454517,0,
0805215720247,S14,UBE 850T-2,1,,PLC_COMMUNICATION_FAILED_PLC packet timeout,,2026-09-11 21:36:28.699925+00:00,,,,,,,0.17131317081224862,0,0.26158192076614284,0,0.2895402862162726,0,0.8809259289078506,1,0.7417754504201431,1,0.8568541758507405,1,
0805194320154,S14,UBE 850T-2,1,,PLC_COMMUNICATION_FAILED_PLC packet timeout,,2026-09-11 21:36:49.065345+00:00,,,,,,,0.07502577092636227,0,0.8153109150461382,1,0.8029793063836683,1,0.889943313873149,1,0.24708597270228905,0,0.8703018893383253,1,
0805195320160,S14,UBE 850T-2,1,,PLC_COMMUNICATION_FAILED_PLC packet timeout,,2026-09-11 21:37:33.327057+00:00,,,,,,,0.2808798613420392,0,0.26760418079487625,0,0.6956660733064362,1,0.5811424547970448,1,0.2040807355386836,0,0.7128080067079393,1,
0805185920125,S14,UBE 850T-2,1,,PLC_COMMUNICATION_FAILED_PLC circuit open until 2026-08-05T22:08:09.781Z,,2026-09-11 21:37:53.438735+00:00,,,,,,,0.3115692682496157,0,0.2600992976382114,0,0.7958615094820278,1,0.8389376336133516,1,0.23641345993683743,0,0.8615975130319694,1,
0805195920164,S14,UBE 850T-2,1,,Porosity,,2026-09-11 21:38:29.977528+00:00,,CRAM,E,E-2,Bottom View,Porosity,0.0850806091968237,0,0.2597820307904171,0,0.7852284170672972,1,0.8055029220256161,1,0.2107036993618609,0,0.6900897216043115,1,1.0
0805200120166,S14,UBE 850T-2,1,,PLC_COMMUNICATION_FAILED_PLC circuit open until 2026-08-05T22:08:59.072Z,,2026-09-11 21:38:50.347760+00:00,,,,,,,0.6486526981848729,1,0.8533895732278961,1,0.8017510275673021,1,0.6795713817768727,1,0.20455394873352203,0,0.16723732696374632,0,
0805193020145,S14,UBE 850T-2,1,,PLC_COMMUNICATION_FAILED_PLC packet timeout,,2026-09-11 21:39:10.412526+00:00,,,,,,,0.7564772397122249,1,0.8533869707028325,1,0.7079884195245986,1,0.18108097950943544,0,0.19723993517374055,0,0.19637969277338707,0,
0805190020126,S14,UBE 850T-2,1,,PLC_COMMUNICATION_FAILED_PLC packet timeout,,2026-09-11 21:39:30.774017+00:00,,,,,,,0.411895896926902,1,0.2714924316556022,0,0.8019281762920567,1,0.4043947580395403,1,0.23549497868505076,0,0.781791733314609,1,
0805193720151,S14,UBE 850T-2,1,,PLC_COMMUNICATION_FAILED_PLC circuit open until 2026-08-05T22:06:12.445Z,,2026-09-11 21:39:50.906545+00:00,,,,,,,0.1536361390838136,0,0.26778523019904704,0,0.785491010630158,1,0.7336259800695885,1,0.19817538150293795,0,0.7875232266993508,1,
0805202320183,S14,UBE 850T-2,1,,PLC_COMMUNICATION_FAILED_PLC circuit open until 2026-08-05T23:10:52.683Z,,2026-09-11 21:40:11.280503+00:00,,,,,,,0.11577085292752749,0,0.7696861879597167,1,0.5131391110793069,1,0.9213856468033205,1,0.1850432863036727,0,0.8713486128242904,1,
0805190820132,S14,UBE 850T-2,1,,PLC_COMMUNICATION_FAILED_PLC packet timeout,,2026-09-11 21:40:31.361567+00:00,,,,,,,0.06825942879804006,0,0.22746484779671267,0,0.4522077311056262,1,0.88676535893946,1,0.20161026973443577,0,0.880556500601466,1,
0805185220120,S14,UBE 850T-2,1,,PLC_COMMUNICATION_FAILED_PLC packet timeout,,2026-09-11 21:40:51.734925+00:00,,,,,,,0.6989540661132236,1,0.7472322706070392,1,0.5746932642137383,1,0.914734323353007,1,0.25053124990577413,0,0.803050722099486,1,
0805193220147,S14,UBE 850T-2,1,,PLC_COMMUNICATION_FAILED_PLC circuit open until 2026-08-05T23:10:07.351Z,,2026-09-11 21:41:11.805347+00:00,,,,,,,0.23470302644257252,0,0.24629207339722442,0,0.5087851760274724,1,0.7347718424450356,1,0.21164844790264445,0,0.7842749617362653,1,
0805200420168,S14,UBE 850T-2,1,,PLC_COMMUNICATION_FAILED_PLC circuit open until 2026-08-05T21:25:52.550Z,,2026-09-11 21:41:32.172792+00:00,,,,,,,0.2424304396890047,0,0.291894146658091,0,0.34677627893994956,0,0.8814417856177497,1,0.20832314923585782,0,0.8494574313205894,1,
0805200620170,S14,UBE 850T-2,1,,PLC_COMMUNICATION_FAILED_PLC packet timeout,,2026-09-11 21:41:52.238213+00:00,,,,,,,0.17902455632165176,0,0.25834064565148035,0,0.4819949744878574,1,0.8198792226831128,1,0.20839884248646356,0,0.8567280397513688,1,
0805185420121,S14,UBE 850T-2,1,,PLC_COMMUNICATION_FAILED_PLC packet timeout,,2026-09-11 21:42:12.639482+00:00,,,,,,,0.5741350301925692,1,0.26996632282835537,0,0.7122925862909156,1,0.5117051066161518,1,0.41880742436595186,1,0.16590993691022213,0,
0805192820144,S14,UBE 850T-2,1,,PLC_COMMUNICATION_FAILED_PLC packet timeout,,2026-09-11 21:42:32.770614+00:00,,,,,,,0.09631164127820663,0,0.4494444522021833,1,0.5786159912263225,1,0.630640236409878,1,0.18799982898813078,0,0.787238646528988,1,
0805192320141,S14,UBE 850T-2,1,,PLC_COMMUNICATION_FAILED_PLC circuit open until 2026-08-05T22:01:51.552Z,,2026-09-11 21:42:53.204234+00:00,,,,,,,0.07125688556637577,0,0.7904641233612067,1,0.7935520820930115,1,0.8362974266588712,1,0.42075800148142106,1,0.8856577365903916,1,
0805195220159,S14,UBE 850T-2,1,,PLC_COMMUNICATION_FAILED_PLC packet timeout,,2026-09-11 21:43:13.328602+00:00,,,,,,,0.06529885576473729,0,0.25979283454475355,0,0.5401565599718527,1,0.9030772413856983,1,0.18984767056033233,0,0.8749853082833298,1,
0805194620156,S14,UBE 850T-2,1,,PLC_COMMUNICATION_FAILED_PLC circuit open until 2026-08-05T21:54:12.546Z,,2026-09-11 21:43:41.778520+00:00,,,,,,,0.0736192843130242,0,0.8175026105719027,1,0.7962498970848328,1,0.9004713792619795,1,0.21173024343340283,0,0.8797496355958915,1,
0805190420129,S14,UBE 850T-2,1,,PLC_COMMUNICATION_FAILED_PLC packet timeout,,2026-09-11 21:44:38.329449+00:00,,,,,,,0.2935350191956373,0,0.23524191887380863,0,0.800730418896882,1,0.8389943158364667,1,0.24407417810582988,0,0.8704703020777196,1,
0805191620137,S14,UBE 850T-2,1,,PLC_COMMUNICATION_FAILED_PLC circuit open until 2026-08-05T21:03:29.948Z,,2026-09-11 21:44:58.784005+00:00,,,,,,,0.07020147320815723,0,0.7698564004358948,1,0.7963077107763232,1,0.8976106279364835,1,0.27921030127670216,0,0.8744348844995277,1,
0805190320128,S14,UBE 850T-2,1,,PLC_COMMUNICATION_FAILED_PLC circuit open until 2026-08-05T21:27:17.921Z,,2026-09-11 21:45:18.921272+00:00,,,,,,,0.0831720126836861,0,0.26576550896476575,0,0.5281793922584564,1,0.8798797971590031,1,0.18788617671384872,0,0.8673337988352712,1,
0805200020165,S14,UBE 850T-2,1,,PLC_COMMUNICATION_FAILED_PLC packet timeout,,2026-09-11 21:45:39.355782+00:00,,,,,,,0.5100119096963451,1,0.8533897744749831,1,0.8070503479798306,1,0.8665556519991473,1,0.2019979588601141,0,0.7652710255774523,1,
0805185520122,S14,UBE 850T-2,1,,Non-Filling,,2026-09-11 21:46:03.484641+00:00,,CR,A,A-4,Top View,Non_filling,0.2877978416159865,0,0.2281582489455706,0,0.5232999358808182,1,0.1540700300612256,0,0.7117055079439896,1,0.45420264806658106,1,1.0
0805190520130,S14,UBE 850T-2,1,,Bend,,2026-09-11 21:46:15.924418+00:00,,CR,R,R-1,Rear,,0.12886690523217692,0,0.24569365184323627,0,0.7857535703899703,1,0.8361254261829227,1,0.5299002389313969,1,0.857619130725934,1,
0805195020158,S14,UBE 850T-2,1,,Bend,,2026-09-11 21:46:28.056331+00:00,,CR,O,O-2,Front,,0.07493131621312736,0,0.7838682372824194,1,0.704867221256869,1,0.8999799502491044,1,0.2500955633210144,0,0.8678570648182062,1,
0805192120140,S14,UBE 850T-2,1,,Non-Filling,,2026-09-11 21:46:40.193928+00:00,,CR,D,D-1,Top View,Non_filling,0.08281344834919836,0,0.2696617136787624,0,0.7961789871322719,1,0.8821526385683114,1,0.20288010029765513,0,0.787467812651727,1,1.0
0805194120153,S14,UBE 850T-2,1,,PLC_COMMUNICATION_FAILED_PLC circuit open until 2026-08-05T21:15:01.859Z,,2026-09-11 21:47:00.619482+00:00,,,,,,,0.06974313487302547,0,0.8064060383678818,1,0.8051914574932222,1,0.9011578208131564,1,0.29498184560641916,0,0.8927971806233032,1,
0805191420136,S14,UBE 850T-2,1,,PLC_COMMUNICATION_FAILED_PLC circuit open until 2026-08-05T20:21:38.646Z,,2026-09-11 21:47:33.031659+00:00,,,,,,,0.07799986280887578,0,0.7755975410585275,1,0.7963746129486887,1,0.8837183739917195,1,0.279749045140394,0,0.8600170814670124,1,
0805203020189,S14,UBE 850T-2,1,,PLC_COMMUNICATION_FAILED_PLC packet timeout,,2026-09-11 21:47:53.158548+00:00,,,,,,,0.49503090494257757,1,0.7710036305746902,1,0.8127292590886093,1,0.9160167088737923,1,0.18428360330687343,0,0.8632127468219489,1,
0805203220190,S14,UBE 850T-2,1,,PLC_COMMUNICATION_FAILED_PLC packet timeout,,2026-09-11 21:48:13.587971+00:00,,,,,,,0.08837759468191723,0,0.44940222890312576,1,0.7903404564511479,1,0.806627473286499,1,0.18263590847283645,0,0.8616208802837012,1,
0805202420184,S14,UBE 850T-2,1,,PLC_COMMUNICATION_FAILED_PLC packet timeout,,2026-09-11 21:48:45.684019+00:00,,,,,,,0.18951040729373897,0,0.27443804573095026,0,0.8040636400644154,1,0.8762642242640096,1,0.19832760841691935,0,0.8759496628925489,1,
0805180420082,S14,UBE 850T-2,1,,PLC_COMMUNICATION_FAILED_PLC packet timeout,,2026-09-11 21:50:51.419656+00:00,,,,,,,0.7956068992587156,1,0.7101631699544776,1,0.6955148162742066,1,0.14958228918868452,0,0.3950481762165462,0,0.3701263025909644,0,
0805181720092,S14,UBE 850T-2,1,,PLC_COMMUNICATION_FAILED_PLC circuit open until 2026-08-05T22:16:19.086Z,,2026-09-11 21:52:28.363921+00:00,,,,,,,0.2253665976253706,0,0.23341359190042332,0,0.4510791818152836,1,0.8395283628739181,1,0.41840632526456023,1,0.7900954108100742,1,
0805173920062,S14,UBE 850T-2,1,,PLC_COMMUNICATION_FAILED_PLC packet timeout,,2026-09-11 21:52:48.425127+00:00,,,,,,,0.85845527439307,1,0.7447063341832318,1,0.6954344731910325,1,0.46842662336798346,1,0.2764013157336329,0,0.17576433369202416,0,
0805172420050,S14,UBE 850T-2,1,,PLC_COMMUNICATION_FAILED_PLC packet timeout,,2026-09-11 21:53:52.230935+00:00,,,,,,,0.3493022116264607,0,0.2574485314156727,0,0.7175931880361786,1,0.8121942387304565,1,0.25173455241898846,0,0.7096268444570009,1,
0805174920070,S14,UBE 850T-2,1,,PLC_COMMUNICATION_FAILED_PLC packet timeout,,2026-09-11 21:54:12.288690+00:00,,,,,,,0.4103577526474857,1,0.25536522886579355,0,0.8048572876351554,1,0.7240795750520134,1,0.20270985559935298,0,0.8646390317098509,1,
0805180620084,S14,UBE 850T-2,1,,PLC_COMMUNICATION_FAILED_PLC circuit open until 2026-08-05T23:09:20.116Z,,2026-09-11 21:54:32.659460+00:00,,,,,,,0.7861967517708561,1,0.7710194626124334,1,0.5083368565492921,1,0.35720031859291046,0,0.24748663850581276,0,0.7654758655506317,1,
0805071629568,S14,UBE 850T-2,1,,PLC_COMMUNICATION_FAILED_PLC circuit open until 2026-08-05T22:05:05.058Z,,2026-09-11 21:54:52.731414+00:00,,,,,,,0.1730400500221456,0,0.24799510833586608,0,0.3562520406159818,0,0.8651232822547018,1,0.7327025151358053,1,0.874722314262213,1,
0805054329504,S14,UBE 850T-2,1,,PLC_COMMUNICATION_FAILED_PLC packet timeout,,2026-09-11 21:55:13.106708+00:00,,,,,,,0.5969423184972759,1,0.8533875782087121,1,0.8021552266049479,1,0.14953862244410412,0,0.2874318163080987,0,0.5748841663478615,1,
0805184520114,S14,UBE 850T-2,1,,PLC_COMMUNICATION_FAILED_PLC packet timeout,,2026-09-11 21:55:33.168978+00:00,,,,,,,0.3757256646095104,0,0.7420598808360167,1,0.4405462611782059,1,0.5909582987024224,1,0.24719418854020356,0,0.8214548869051953,1,
0805184220112,S14,UBE 850T-2,1,,PLC_COMMUNICATION_FAILED_PLC circuit open until 2026-08-05T21:18:33.520Z,,2026-09-11 21:56:05.495898+00:00,,,,,,,0.38131511939286167,0,0.2451542705857121,0,0.7716387692114468,1,0.524795640924136,1,0.23821400731010647,0,0.7842818765249763,1,
0805173420058,S14,UBE 850T-2,1,,PLC_COMMUNICATION_FAILED_PLC packet timeout,,2026-09-12 09:47:46.675994+00:00,,,,,,,0.6449447413598269,1,0.2911499749761317,0,0.7050557145226427,1,0.3628505226023192,0,0.24412401670896317,0,0.19628744466588802,0,
0805175020071,S14,UBE 850T-2,1,,PLC_COMMUNICATION_FAILED_PLC packet timeout,,2026-09-11 21:56:25.860410+00:00,,,,,,,0.4363469570744196,1,0.28327348579102213,0,0.5626726806410015,1,0.9179935032482108,1,0.29429615844984847,0,0.7129250408202567,1,
0805185020118,S14,UBE 850T-2,1,,PLC_COMMUNICATION_FAILED_PLC packet timeout,,2026-09-11 21:56:45.928824+00:00,,,,,,,0.647649002400585,1,0.27401945191539834,0,0.7716058631260225,1,0.5810658511901755,1,0.7368164650152995,1,0.6409689176976742,1,
0805183620107,S14,UBE 850T-2,1,,PLC_COMMUNICATION_FAILED_PLC packet timeout,,2026-09-11 21:57:06.295861+00:00,,,,,,,0.29207334035899357,0,0.2647130410374465,0,0.7985086926350966,1,0.8591145610588766,1,0.23886327646047661,0,0.7134918800218392,1,
0805181320089,S14,UBE 850T-2,1,,Non-Filling,,2026-09-11 21:57:18.395596+00:00,,CR,D,D-1,Top View,Non_filling,0.2917819976906314,0,0.2581116065229526,0,0.7074391142408913,1,0.8449280173436535,1,0.3948152539356159,0,0.7818814917067086,1,1.0
0805182820101,S14,UBE 850T-2,1,,Non-Filling,,2026-09-11 21:57:30.493478+00:00,,CR,A,A-1,Top View,Non_filling,0.07445742376757515,0,0.2811626506834438,0,0.6957619747306436,1,0.880109199268713,1,0.18159747393397846,0,0.8829861858622604,1,1.0
0805180820085,S14,UBE 850T-2,1,,PLC_COMMUNICATION_FAILED_PLC circuit open until 2026-08-05T20:17:49.563Z,,2026-09-11 21:57:50.863888+00:00,,,,,,,0.16136337210228113,0,0.25102798064130205,0,0.5163646000436085,1,0.8815497777702307,1,0.6688368229083662,1,0.8661302796308101,1,
0805180520083,S14,UBE 850T-2,1,,PLC_COMMUNICATION_FAILED_PLC packet timeout,,2026-09-11 21:58:10.929724+00:00,,,,,,,0.8601892206253441,1,0.70576731056569,1,0.5820796475465937,1,0.16148785527549644,0,0.21209705837006965,0,0.6082717196636884,1,
0805182020095,S14,UBE 850T-2,1,,PLC_COMMUNICATION_FAILED_PLC circuit open until 2026-08-05T20:03:01.518Z,,2026-09-11 21:58:31.297269+00:00,,,,,,,0.1739542048567497,0,0.23279582500950463,0,0.5196552151979129,1,0.8200683523693055,1,0.2799305889097095,0,0.8810792459712201,1,
0805182720100,S14,UBE 850T-2,1,,PLC_COMMUNICATION_FAILED_PLC packet timeout,,2026-09-11 21:58:51.365852+00:00,,,,,,,0.05592071914205582,0,0.22353312877808434,0,0.5234415568991712,1,0.8878871134067753,1,0.3210447028385237,0,0.8931353731384426,1,
0805181220088,S14,UBE 850T-2,1,,PLC_COMMUNICATION_FAILED_PLC circuit open until 2026-08-05T20:06:20.732Z,,2026-09-11 21:59:39.924871+00:00,,,,,,,0.08086121282815772,0,0.8533840059708563,1,0.7992993822675087,1,0.4515923749391967,1,0.18765138116645144,0,0.7898122011362522,1,
0805180020079,S14,UBE 850T-2,1,,Non-Filling,,2026-09-11 21:59:52.024938+00:00,,CR,D,D-1,Top View,Non_filling,0.7156433789978898,1,0.7069636942055374,1,0.7856778160616873,1,0.45219040813463696,1,0.4192861165028695,1,0.4326202231616269,1,1.0
0805181820093,S14,UBE 850T-2,1,,PLC_COMMUNICATION_FAILED_PLC circuit open until 2026-08-05T20:07:14.610Z,,2026-09-11 22:00:12.081960+00:00,,,,,,,0.3181124587503832,0,0.22410136466640868,0,0.46744868004504847,1,0.8896272236215927,1,0.7418645625784552,1,0.7623667132745395,1,
0805173120056,S14,UBE 850T-2,1,,PLC_COMMUNICATION_FAILED_PLC packet timeout,,2026-09-11 22:00:32.442336+00:00,,,,,,,0.8612090868219656,1,0.749275796865773,1,0.7962547390656765,1,0.35685953794703396,0,0.2099659177706767,0,0.7300877105074485,1,
0805172920054,S14,UBE 850T-2,1,,PLC_COMMUNICATION_FAILED_PLC packet timeout,,2026-09-11 22:00:53.145557+00:00,,,,,,,0.2936619224771024,0,0.2502144358669875,0,0.5684959872258142,1,0.6306686761090868,1,0.5821618364254589,1,0.7114689234974225,1,
0805182220096,S14,UBE 850T-2,1,,PLC_COMMUNICATION_FAILED_PLC packet timeout,,2026-09-11 22:01:29.988804+00:00,,,,,,,0.1779067890614367,0,0.2518857980752748,0,0.6757584723708572,1,0.9039411115829036,1,0.238648830542026,0,0.875981499827287,1,
0805180220080,S14,UBE 850T-2,1,,PLC_COMMUNICATION_FAILED_PLC packet timeout,,2026-09-11 22:01:53.225387+00:00,,,,,,,0.6541178083930976,1,0.6618866364424699,1,0.5316862981352042,1,0.5579408244400774,1,0.21104901637099321,0,0.7294693302997367,1,
0805174420066,S14,UBE 850T-2,1,,PLC_COMMUNICATION_FAILED_PLC packet timeout,,2026-09-11 22:02:16.109121+00:00,,,,,,,0.5048839194813756,1,0.8533896988682554,1,0.7717034185144058,1,0.29701252867359296,0,0.25139014971460294,0,0.3051938423034426,0,
0805180920086,S14,UBE 850T-2,1,,PLC_COMMUNICATION_FAILED_PLC packet timeout,,2026-09-11 22:02:39.337849+00:00,,,,,,,0.33093423341876604,0,0.23414771980117727,0,0.5131356504050666,1,0.862672827356317,1,0.5857375254921687,1,0.6410047447047021,1,
0805174020063,S14,UBE 850T-2,1,,PLC_COMMUNICATION_FAILED_PLC circuit open until 2026-08-05T21:08:38.821Z,,2026-09-11 22:03:02.225748+00:00,,,,,,,0.4214846226153359,1,0.2936617968292139,0,0.4521936597307858,1,0.6713656563583484,1,0.2588070830241993,0,0.8589497489150882,1,
0805175420074,S14,UBE 850T-2,1,,PLC_COMMUNICATION_FAILED_PLC packet timeout,,2026-09-11 22:03:25.467653+00:00,,,,,,,0.5045242191026441,1,0.24715688045975767,0,0.7219645144558874,1,0.1488339055406755,0,0.25264070869851857,0,0.4437250079628248,1,
0805174520067,S14,UBE 850T-2,1,,PLC_COMMUNICATION_FAILED_PLC packet timeout,,2026-09-11 22:03:48.366830+00:00,,,,,,,0.40447986909670336,1,0.2436014177499047,0,0.5816190031392073,1,0.7370423269661641,1,0.7007711021780317,1,0.7972623585023536,1,
0805174220064,S14,UBE 850T-2,1,,PLC_COMMUNICATION_FAILED_PLC packet timeout,,2026-09-11 22:04:11.595843+00:00,,,,,,,0.16474803766014368,0,0.7138941620460242,1,0.808051547139873,1,0.8990214942347082,1,0.2476365323850716,0,0.8559600369817654,1,
0805184720116,S14,UBE 850T-2,1,,PLC_COMMUNICATION_FAILED_PLC circuit open until 2026-08-05T19:38:08.112Z,,2026-09-11 22:04:34.462394+00:00,,,,,,,0.5521484839608992,1,0.7477922425232509,1,0.5569549806582532,1,0.5908144927799819,1,0.7088119552846037,1,0.4802400134015734,1,
0805103929730,S14,UBE 850T-2,1,,PLC_COMMUNICATION_FAILED_PLC packet timeout,,2026-09-11 22:04:57.687275+00:00,,,,,,,0.6039906476557093,1,0.2616143314545103,0,0.5400905850051736,1,0.678555694790404,1,0.7266622580554919,1,0.16023850103214846,0,
0805101229708,S14,UBE 850T-2,1,,PLC_COMMUNICATION_FAILED_PLC packet timeout,,2026-09-11 22:05:20.558823+00:00,,,,,,,0.8694310397197577,1,0.7089874980125892,1,0.7176586862430916,1,0.2950020257522001,0,0.2485605975655641,0,0.16369833361021774,0,
0805095729696,S14,UBE 850T-2,1,,PLC_COMMUNICATION_FAILED_PLC packet timeout,,2026-09-11 22:05:57.404161+00:00,,,,,,,0.8810056532515881,1,0.28320098540017924,0,0.5739691548950017,1,0.14950022588706754,0,0.24372892529535603,0,0.8139560255631384,1,
0805090529654,S14,UBE 850T-2,1,,PLC_COMMUNICATION_FAILED_PLC packet timeout,,2026-09-11 22:06:34.239778+00:00,,,,,,,0.8619148490037002,1,0.7725590304150985,1,0.7842604509574866,1,0.5851498657342156,1,0.47030270064217866,1,0.1593529252460603,0,
0805103029723,S14,UBE 850T-2,1,,PLC_COMMUNICATION_FAILED_PLC packet timeout,,2026-09-11 22:06:57.114319+00:00,,,,,,,0.7238029731623155,1,0.7614963604608738,1,0.7126360006740167,1,0.42813176567677236,1,0.7430529786452438,1,0.7837868491999425,1,
0805172620052,S14,UBE 850T-2,1,,PLC_COMMUNICATION_FAILED_PLC circuit open until 2026-08-05T19:15:44.137Z,,2026-09-11 22:07:20.338955+00:00,,,,,,,0.6011631047421089,1,0.28181710920221736,0,0.4154278151311836,1,0.889771680323024,1,0.4703013989509804,1,0.7891484961310156,1,
0805171520043,S14,UBE 850T-2,1,,PLC_COMMUNICATION_FAILED_PLC packet timeout,,2026-09-11 22:07:43.209888+00:00,,,,,,,0.08325822898067363,0,0.21149702725283143,0,0.4372706597784432,1,0.8894859482606918,1,0.242499060832673,0,0.8999413024985935,1,
0805172820053,S14,UBE 850T-2,1,,PLC_COMMUNICATION_FAILED_PLC packet timeout,,2026-09-11 22:08:06.424771+00:00,,,,,,,0.659063582418848,1,0.2938795411092747,0,0.5385795080555897,1,0.8663639606854641,1,0.24873330269110897,0,0.1656969030425763,0,
0805171120040,S14,UBE 850T-2,1,,Bend,,2026-09-11 22:08:43.439231+00:00,,CR,H,H-1,Bottom View,,0.1753417736148302,0,0.2375883098229742,0,0.7615428919185219,1,0.8908612118631176,1,0.19387729908770235,0,0.8851393408779221,1,
0805165520028,S14,UBE 850T-2,1,,PLC_COMMUNICATION_FAILED_PLC packet timeout,,2026-09-11 22:09:06.307631+00:00,,,,,,,0.12911203882809472,0,0.2678416805788913,0,0.7835969013227031,1,0.8446886434355354,1,0.1838454038112941,0,0.7872582171519544,1,
0805171320042,S14,UBE 850T-2,1,,PLC_COMMUNICATION_FAILED_PLC packet timeout,,2026-09-11 22:09:29.514668+00:00,,,,,,,0.17815311137728576,0,0.26087406893108006,0,0.7977007888762304,1,0.8869159572029206,1,0.2398845974699215,0,0.8810782161499504,1,
0805171720045,S14,UBE 850T-2,1,,PLC_COMMUNICATION_FAILED_PLC packet timeout,,2026-09-11 22:09:52.383934+00:00,,,,,,,0.07133527457756471,0,0.2629629363800725,0,0.36154065415791026,0,0.8881866676294237,1,0.18028793332967313,0,0.8854829335072434,1,
0805164920023,S14,UBE 850T-2,1,,PLC_COMMUNICATION_FAILED_PLC circuit open until 2026-08-05T23:20:59.086Z,,2026-09-11 22:10:15.601419+00:00,,,,,,,0.7277411787536586,1,0.2736940312195272,0,0.5475169524891248,1,0.15422298928865805,0,0.2498599305862213,0,0.7874684234156489,1,
0805164020016,S14,UBE 850T-2,1,,PLC_COMMUNICATION_FAILED_PLC circuit open until 2026-08-05T23:30:20.552Z,,2026-09-11 22:10:38.475051+00:00,,,,,,,0.11689558608926322,0,0.7475870859778075,1,0.8068112707166546,1,0.9261013892410199,1,0.19258989883154704,0,0.8823302404337942,1,
0805172120048,S14,UBE 850T-2,1,,PLC_COMMUNICATION_FAILED_PLC packet timeout,,2026-09-11 22:11:01.694890+00:00,,,,,,,0.06853822257310833,0,0.2617746527974883,0,0.7133601852766168,1,0.7108544448748554,1,0.2443411202923989,0,0.8765529336582863,1,
0805170820038,S14,UBE 850T-2,1,,PLC_COMMUNICATION_FAILED_PLC circuit open until 2026-08-06T00:06:11.390Z,,2026-09-11 22:11:24.564860+00:00,,,,,,,0.17425729378691657,0,0.7627424035167581,1,0.7847674851402009,1,0.9073995290656577,1,0.17760454623339092,0,0.7800133383250522,1,
0805171920046,S14,UBE 850T-2,1,,PLC_COMMUNICATION_FAILED_PLC circuit open until 2026-08-05T23:56:51.035Z,,2026-09-11 22:11:47.786887+00:00,,,,,,,0.07152090893303845,0,0.2357392143582047,0,0.5188561073662037,1,0.9098443212216512,1,0.19825916646182262,0,0.8727219403676746,1,
0805170320034,S14,UBE 850T-2,1,,PLC_COMMUNICATION_FAILED_PLC packet timeout,,2026-09-11 22:12:10.660541+00:00,,,,,,,0.2355902199927333,0,0.7111668225541712,1,0.4500503609400065,1,0.7065477161082228,1,0.3824081082285206,0,0.1588521301598608,0,
0805170020032,S14,UBE 850T-2,1,,PLC_COMMUNICATION_FAILED_PLC packet timeout,,2026-09-11 22:12:32.153636+00:00,,,,,,,0.3813273913638481,0,0.2744648198841614,0,0.8032774537981793,1,0.8064647181684129,1,0.20047717273605814,0,0.8570965859227138,1,
0805164120017,S14,UBE 850T-2,1,,Non-Filling,,2026-09-11 22:12:44.378299+00:00,,CR,R,R-2,Rear,Non_filling,0.16209682924729887,0,0.261908555688847,0,0.8027524589165425,1,0.8788438006150889,1,0.2437207913185686,0,0.8701224323799323,1,1.0
0805172020047,S14,UBE 850T-2,1,,Non-Filling,,2026-09-11 22:12:56.607614+00:00,,CR,R,R-3,Rear,Non_filling,0.07337205912258926,0,0.24024540558331053,0,0.6527309483845513,1,0.5908459541180993,1,0.23662702022537535,0,0.8775451968547991,1,1.0
0805172320049,S14,UBE 850T-2,1,,PLC_COMMUNICATION_FAILED_PLC circuit open until 2026-08-05T23:16:26.032Z,,2026-09-11 22:13:17.208913+00:00,,,,,,,0.07423474939216934,0,0.30163774494662876,0,0.785599624764969,1,0.9199987265310547,1,0.2028073457811774,0,0.8473010764963734,1,
0805162720006,S14,UBE 850T-2,1,,PLC_COMMUNICATION_FAILED_PLC packet timeout,,2026-09-11 22:13:37.485879+00:00,,,,,,,0.6835367576161585,1,0.3394226616353918,0,0.6301362667591632,1,0.15478762711982968,0,0.29496520559198036,0,0.19750741485986262,0,
0805161329993,S14,UBE 850T-2,1,,PLC_COMMUNICATION_FAILED_PLC packet timeout,,2026-09-11 22:14:10.210207+00:00,,,,,,,0.889783976999126,1,0.7092446160116681,1,0.49657805567648106,1,0.1866782086414175,0,0.2762489655589184,0,0.12531254720630525,0,
0805162029999,S14,UBE 850T-2,1,,PLC_COMMUNICATION_FAILED_PLC circuit open until 2026-08-05T23:08:26.521Z,,2026-09-11 22:14:51.080176+00:00,,,,,,,0.7955902974542005,1,0.2833655727835708,0,0.5791381671211135,1,0.5121418705183398,1,0.23661131444168934,0,0.7831243448037666,1,
0805151329954,S14,UBE 850T-2,1,,Non-Filling,,2026-09-11 22:15:03.315193+00:00,,CR,R,R-3,Rear,Non_filling,0.48120034305723,1,0.23213944323867997,0,0.609221458653855,1,0.8191213860387203,1,0.7269052350491112,1,0.7620931652027463,1,1.0
0805155729980,S14,UBE 850T-2,1,,PLC_COMMUNICATION_FAILED_PLC circuit open until 2026-08-05T23:53:45.229Z,,2026-09-11 22:15:23.955023+00:00,,,,,,,0.50296628542044,1,0.2648099692976867,0,0.7960351792679311,1,0.8624786559792265,1,0.5345616307754715,1,0.5748528351910457,1,
0805151129953,S14,UBE 850T-2,1,,Non-Filling,,2026-09-11 22:15:36.212893+00:00,,CR,A,A-4,Top View,Non_filling,0.4082795504256398,1,0.2457684318059401,0,0.43215942857292877,1,0.8367972878406892,1,0.5354951546266143,1,0.8756476429208605,1,1.0
0805183320105,S14,UBE 850T-2,1,,Non-Filling,,2026-09-11 22:16:00.881443+00:00,,CR,A,A-4,Top View,Non_filling,0.49405483285451995,1,0.25375837905714466,0,0.8061713664771724,1,0.5725502572661219,1,0.38225210148253774,0,0.7135172342631012,1,1.0
0805161629996,S14,UBE 850T-2,1,,PLC_COMMUNICATION_FAILED_PLC packet timeout,,2026-09-11 22:16:33.305836+00:00,,,,,,,0.4664737027415537,1,0.7521819885906464,1,0.6956978348661842,1,0.7991699939727772,1,0.2349493729407365,0,0.7831321410725859,1,
0805163320011,S14,UBE 850T-2,1,,PLC_COMMUNICATION_FAILED_PLC circuit open until 2026-08-05T23:31:06.475Z,,2026-09-11 22:17:06.038300+00:00,,,,,,,0.37586249828123924,0,0.2900907500800187,0,0.47531044863670663,1,0.73501941254955,1,0.24262874605097667,0,0.7872681802892262,1,
0805164420019,S14,UBE 850T-2,1,,Non-Filling,,2026-09-11 22:17:30.701458+00:00,,CR,A,A-4,Top View,Non_filling,0.17823562600340281,0,0.2326132381299706,0,0.7857525334254418,1,0.8935923225191627,1,0.23643970568710976,0,0.8746739050766446,1,1.0
0805171220041,S14,UBE 850T-2,1,,PLC_COMMUNICATION_FAILED_PLC circuit open until 2026-08-05T23:24:05.569Z,,2026-09-11 22:17:51.029895+00:00,,,,,,,0.47765027070993915,1,0.28200992406655623,0,0.8038401801558912,1,0.8363638831799618,1,0.2879100193335762,0,0.7656090850740904,1,
0805153629971,S14,UBE 850T-2,1,,PLC_COMMUNICATION_FAILED_PLC packet timeout,,2026-09-11 22:18:23.757008+00:00,,,,,,,0.7658080993547249,1,0.2563654872723863,0,0.5188554721508934,1,0.8057594754719885,1,0.7437250870595006,1,0.6406347835586909,1,
0805165920031,S14,UBE 850T-2,1,,Non-Filling,,2026-09-11 22:18:36.015556+00:00,,CR,A,A-4,Top View,Non_filling,0.240372012155072,0,0.7428561442272613,1,0.8068804781225518,1,0.9184988493986674,1,0.1997208130783938,0,0.8684484433075391,1,1.0
0805154129975,S14,UBE 850T-2,1,,PLC_COMMUNICATION_FAILED_PLC packet timeout,,2026-09-11 22:19:20.957488+00:00,,,,,,,0.17864311821734172,0,0.26556126138381164,0,0.23476520114966593,0,0.8665276155638502,1,0.2960236159338131,0,0.8832901301485424,1,
0805153129967,S14,UBE 850T-2,1,,Non-Filling,,2026-09-11 22:19:33.089315+00:00,,CR,S,S-2,Rear,Non_filling,0.7701345933141815,1,0.24894519851878666,0,0.6546285654266413,1,0.5245447942405809,1,0.7390481475991222,1,0.7098356627066148,1,1.0
0805152229960,S14,UBE 850T-2,1,,PLC_COMMUNICATION_FAILED_PLC circuit open until 2026-08-05T23:18:15.331Z,,2026-09-11 22:19:53.198940+00:00,,,,,,,0.5139099599405774,1,0.8533908791314523,1,0.8136596794461459,1,0.3519683265328234,0,0.669433115408352,1,0.8204907424583703,1,
0805152729964,S14,UBE 850T-2,1,,Non-Filling,,2026-09-11 22:20:05.622418+00:00,,CR,O,O-2,Front,Non_filling,0.3707960687992894,0,0.2610691583819624,0,0.6461083942090774,1,0.5812460763096698,1,0.7372288412324405,1,0.8246726307650694,1,1.0
0805153229968,S14,UBE 850T-2,1,,PLC_COMMUNICATION_FAILED_PLC packet timeout,,2026-09-11 22:20:25.680992+00:00,,,,,,,0.5314136186491483,1,0.7556074909606222,1,0.6158263026604409,1,0.706080780745542,1,0.24236061498564834,0,0.17796048446767357,0,
0805153829973,S14,UBE 850T-2,1,,PLC_COMMUNICATION_FAILED_PLC circuit open until 2026-08-05T22:20:31.033Z,,2026-09-11 22:20:46.041656+00:00,,,,,,,0.29171943395347866,0,0.24504072934013518,0,0.6473219571068882,1,0.5849438835764906,1,0.7167541726673802,1,0.7826388648550492,1,
0805151929959,S14,UBE 850T-2,1,,PLC_COMMUNICATION_FAILED_PLC packet timeout,,2026-09-11 22:21:06.103448+00:00,,,,,,,0.5861520609718295,1,0.26306976549352806,0,0.8118070963694681,1,0.5112355448939682,1,0.5639426602021106,1,0.8244347117661793,1,
0805161029991,S14,UBE 850T-2,1,,PLC_COMMUNICATION_FAILED_PLC circuit open until 2026-08-05T20:22:51.268Z,,2026-09-11 22:21:26.466992+00:00,,,,,,,0.5313588695195871,1,0.26306083046219497,0,0.4365149025950649,1,0.34003508460542375,0,0.4183313838940071,1,0.7291627978475591,1,
0805153329969,S14,UBE 850T-2,1,,PLC_COMMUNICATION_FAILED_PLC circuit open until 2026-08-05T20:27:22.280Z,,2026-09-11 22:21:46.566143+00:00,,,,,,,0.17142518838136087,0,0.22281288431864693,0,0.35532664470862696,0,0.56737540537237,1,0.7460411367203933,1,0.8818562122534144,1,
0805153729972,S14,UBE 850T-2,1,,Non-Filling,,2026-09-11 22:21:58.663214+00:00,,CR,A,A-4,Top View,Non_filling,0.6177495578019204,1,0.2473265137289672,0,0.3614431844974622,0,0.7452442193437568,1,0.41993541158608305,1,0.6059456516337007,1,0.0
0805160729988,S14,UBE 850T-2,1,,PLC_COMMUNICATION_FAILED_PLC circuit open until 2026-08-05T20:08:52.819Z,,2026-09-11 22:22:30.976291+00:00,,,,,,,0.7550957655634611,1,0.2703663217443289,0,0.5569704009486021,1,0.8737829633284027,1,0.27830789624521113,0,0.7892552040965565,1,
0805155529978,S14,UBE 850T-2,1,,PLC_COMMUNICATION_FAILED_PLC circuit open until 2026-08-05T20:10:35.677Z,,2026-09-11 22:23:07.292585+00:00,,,,,,,0.8646051106590381,1,0.7577748260409058,1,0.7845277083330584,1,0.16589544822536448,0,0.2959410208885536,0,0.15801787737251205,0,
0805094329685,S14,UBE 850T-2,1,,Non-Filling,,2026-09-11 22:23:19.405922+00:00,,CR,A,A-4,Top View,Non_filling,0.6013545011061636,1,0.25280777286373185,0,0.556933583403304,1,0.7333410313889349,1,0.7383942331417633,1,0.7399315068612419,1,1.0
0805162420003,S14,UBE 850T-2,1,,PLC_COMMUNICATION_FAILED_PLC circuit open until 2026-08-05T21:32:02.731Z,,2026-09-11 22:23:39.782377+00:00,,,,,,,0.6452989375574256,1,0.7549821484171771,1,0.7857032226442682,1,0.5111420831017446,1,0.29612217164275045,0,0.802766898315447,1,
0805160129983,S14,UBE 850T-2,1,,PLC_COMMUNICATION_FAILED_PLC circuit open until 2026-08-05T20:20:42.378Z,,2026-09-11 22:23:59.837170+00:00,,,,,,,0.16938417827350008,0,0.24682428923649535,0,0.3577815141326465,0,0.8900002727951835,1,0.7390436994416347,1,0.8795557748438774,1,
0805134529882,S14,UBE 850T-2,1,,PLC_COMMUNICATION_FAILED_PLC packet timeout,,2026-09-11 22:24:55.652491+00:00,,,,,,,0.5484622743042795,1,0.7471667654643787,1,0.35616946168491037,0,0.4583088115911218,1,0.46363181934137565,1,0.8026743978188909,1,
0805130329848,S14,UBE 850T-2,1,,PLC_COMMUNICATION_FAILED_PLC circuit open until 2026-08-05T21:15:50.581Z,,2026-09-11 22:25:27.964375+00:00,,,,,,,0.795080618985764,1,0.7064523333685726,1,0.5284119449623199,1,0.512101447756987,1,0.7357130399718008,1,0.19264666366533817,0,
0805132329864,S14,UBE 850T-2,1,,PLC_COMMUNICATION_FAILED_PLC packet timeout,,2026-09-11 22:25:48.042183+00:00,,,,,,,0.6888179938561108,1,0.33964698270576876,0,0.6681863204910707,1,0.5624966852423849,1,0.42204775144348117,1,0.16901962595870285,0,
0805141729908,S14,UBE 850T-2,1,,PLC_COMMUNICATION_FAILED_PLC packet timeout,,2026-09-11 22:26:08.618504+00:00,,,,,,,0.36947574812043454,0,0.2761458032949562,0,0.5592936127338332,1,0.42755164990739125,1,0.27840914190816757,0,0.7971781661805447,1,
0805145029935,S14,UBE 850T-2,1,,PLC_COMMUNICATION_FAILED_PLC circuit open until 2026-08-05T22:17:16.683Z,,2026-09-11 22:26:28.886341+00:00,,,,,,,0.6481502702633187,1,0.30260194065984036,0,0.7234047479221644,1,0.45229004400402106,1,0.7374266874789424,1,0.16831775181378847,0,
0805130529849,S14,UBE 850T-2,1,,PLC_COMMUNICATION_FAILED_PLC circuit open until 2026-08-05T21:52:38.374Z,,2026-09-11 22:26:49.463144+00:00,,,,,,,0.7663060917199644,1,0.2699638409197846,0,0.4511789841924919,1,0.7351163716368315,1,0.29591916366925763,0,0.7076786667713704,1,
0805150929951,S14,UBE 850T-2,1,,PLC_COMMUNICATION_FAILED_PLC packet timeout,,2026-09-11 22:27:21.802189+00:00,,,,,,,0.6875616758501385,1,0.2391121881665646,0,0.6442903347064348,1,0.5243132513241304,1,0.4199403324174546,1,0.7124291257698449,1,
0805145629940,S14,UBE 850T-2,1,,PLC_COMMUNICATION_FAILED_PLC packet timeout,,2026-09-11 22:27:42.376266+00:00,,,,,,,0.4734229121496899,1,0.7503014489259188,1,0.569735134879521,1,0.8195228932840477,1,0.21895657025090534,0,0.8475044320506312,1,
0805143629924,S14,UBE 850T-2,1,,PLC_COMMUNICATION_FAILED_PLC circuit open until 2026-08-05T21:59:31.980Z,,2026-09-11 22:28:02.646623+00:00,,,,,,,0.6087019191767071,1,0.7423353054814689,1,0.7187435215773912,1,0.6721823027890268,1,0.249429441674599,0,0.802028796214901,1,
0805130029845,S14,UBE 850T-2,1,,PLC_COMMUNICATION_FAILED_PLC packet timeout,,2026-09-11 22:28:23.222777+00:00,,,,,,,0.6340660260186586,1,0.2905346560772551,0,0.7774505285346703,1,0.8055685686182472,1,0.24226484269550005,0,0.7126892565063654,1,
0805141229904,S14,UBE 850T-2,1,,PLC_COMMUNICATION_FAILED_PLC circuit open until 2026-08-05T22:18:13.038Z,,2026-09-11 22:28:55.864301+00:00,,,,,,,0.7062929078755241,1,0.3448361425071699,0,0.4522715205993971,1,0.8683854827973456,1,0.27832163280969835,0,0.16520866738904647,0,
0805150229945,S14,UBE 850T-2,1,,PLC_COMMUNICATION_FAILED_PLC packet timeout,,2026-09-11 22:29:16.134300+00:00,,,,,,,0.18114411350839166,0,0.2549758197848179,0,0.4064795247295203,1,0.839567415568208,1,0.4077259024705014,1,0.8874843607594711,1,
0805150429947,S14,UBE 850T-2,1,,PLC_COMMUNICATION_FAILED_PLC packet timeout,,2026-09-11 22:29:36.708890+00:00,,,,,,,0.23927132851755475,0,0.21126329985074083,0,0.3858093497277699,0,0.6939054845099515,1,0.7307920864298479,1,0.37019665876614605,0,
0805145929943,S14,UBE 850T-2,1,,PLC_COMMUNICATION_FAILED_PLC packet timeout,,2026-09-11 22:29:56.972623+00:00,,,,,,,0.7698199185914418,1,0.26852120669613977,0,0.5234443037488077,1,0.7986392998385937,1,0.744072854293646,1,0.8021953629109371,1,
0805150129944,S14,UBE 850T-2,1,,PLC_COMMUNICATION_FAILED_PLC circuit open until 2026-08-05T21:09:56.944Z,,2026-09-11 22:30:17.542437+00:00,,,,,,,0.6227491384918703,1,0.29083056605728785,0,0.48847285609115587,1,0.670909487237175,1,0.4186912703996476,1,0.16801365503512625,0,
0805130129846,S14,UBE 850T-2,1,,PLC_COMMUNICATION_FAILED_PLC packet timeout,,2026-09-11 22:30:58.374150+00:00,,,,,,,0.7865847858934244,1,0.7462696414010749,1,0.665748883980424,1,0.45832291864333174,1,0.28785382599896314,0,0.48219695478931746,1,
0805130829852,S14,UBE 850T-2,1,,PLC_COMMUNICATION_FAILED_PLC packet timeout,,2026-09-11 22:32:03.357805+00:00,,,,,,,0.37876869250278833,0,0.7082134766018128,1,0.7962471655518998,1,0.5111017496755761,1,0.2768277994228554,0,0.47705287167367044,1,
0805142929918,S14,UBE 850T-2,1,,PLC_COMMUNICATION_FAILED_PLC packet timeout,,2026-09-11 22:32:23.934083+00:00,,,,,,,0.6101769364125706,1,0.2778796941034464,0,0.7965346547834401,1,0.8626833745701304,1,0.25298812847528185,0,0.1738110699451404,0,
0805131429857,S14,UBE 850T-2,1,,PLC_COMMUNICATION_FAILED_PLC circuit open until 2026-08-05T23:56:02.053Z,,2026-09-11 22:32:44.976973+00:00,,,,,,,0.3716488482479595,0,0.7124582421530887,1,0.6132391263297527,1,0.9253359124077702,1,0.20352019547374367,0,0.8691622937388502,1,
0805125929844,S14,UBE 850T-2,1,,PLC_COMMUNICATION_FAILED_PLC circuit open until 2026-08-05T23:50:44.740Z,,2026-09-11 22:34:02.638524+00:00,,,,,,,0.6227542690947074,1,0.26659704611233503,0,0.5319542528167704,1,0.7061716948685879,1,0.4178447360411015,1,0.17786611862047247,0,
0805125129838,S14,UBE 850T-2,1,,PLC_COMMUNICATION_FAILED_PLC packet timeout,,2026-09-11 22:35:20.323152+00:00,,,,,,,0.8688004992500767,1,0.7351022908365287,1,0.7133506674236738,1,0.16526087352756777,0,0.27939117725509444,0,0.14270781954493447,0,
0805123529825,S14,UBE 850T-2,1,,PLC_COMMUNICATION_FAILED_PLC packet timeout,,2026-09-11 22:35:41.786848+00:00,,,,,,,0.49714770404086805,1,0.7524763184625886,1,0.5164435287722022,1,0.8586447733773268,1,0.24068230534848395,0,0.80231853380158,1,
0805125329839,S14,UBE 850T-2,1,,PLC_COMMUNICATION_FAILED_PLC packet timeout,,2026-09-11 22:36:24.889290+00:00,,,,,,,0.4063732506537027,1,0.712434998907866,1,0.7448310656146326,1,0.25943076400212467,0,0.7421879114675465,1,0.766994983418246,1,
0805123229822,S14,UBE 850T-2,1,,PLC_COMMUNICATION_FAILED_PLC circuit open until 2026-08-06T00:10:41.496Z,,2026-09-11 22:37:29.922696+00:00,,,,,,,0.6194458215793961,1,0.7118419848246316,1,0.6869255734673665,1,0.4518824664628355,1,0.2490919377047518,0,0.17124805592010772,0,
0805115929795,S14,UBE 850T-2,1,,PLC_COMMUNICATION_FAILED_PLC packet timeout,,2026-09-11 22:44:02.157290+00:00,,,,,,,0.8617765207931145,1,0.6620059355659421,1,0.7828700571148023,1,0.15195708484841225,0,0.7450341324277301,1,0.3043099985194883,0,
0805115729794,S14,UBE 850T-2,1,,PLC_COMMUNICATION_FAILED_PLC packet timeout,,2026-09-11 22:44:22.625534+00:00,,,,,,,0.8744792322049296,1,0.7132002623224049,1,0.7184559388383397,1,0.5099801415494469,1,0.2790770459034727,0,0.15860788297871958,0,
0805121729810,S14,UBE 850T-2,1,,PLC_COMMUNICATION_FAILED_PLC circuit open until 2026-08-05T19:34:46.717Z,,2026-09-11 22:44:42.792199+00:00,,,,,,,0.4519379933598211,1,0.22072831551377586,0,0.3767793172284632,0,0.6792634215536648,1,0.5348144386022733,1,0.7833971606199446,1,
0805122429816,S14,UBE 850T-2,1,,PLC_COMMUNICATION_FAILED_PLC packet timeout,,2026-09-11 22:45:03.264023+00:00,,,,,,,0.7862560949828563,1,0.7641463000276077,1,0.3710044319061424,0,0.7551101744602494,1,0.2467643046294382,0,0.48644269239904603,1,
0805121929812,S14,UBE 850T-2,1,,PLC_COMMUNICATION_FAILED_PLC circuit open until 2026-08-05T19:26:35.668Z,,2026-09-11 22:45:23.430338+00:00,,,,,,,0.6474416119010662,1,0.269108203686701,0,0.3551865921126912,0,0.8851048852610544,1,0.23743029147187372,0,0.8571839032423527,1,
0805125629842,S14,UBE 850T-2,1,,PLC_COMMUNICATION_FAILED_PLC circuit open until 2026-08-05T19:16:34.104Z,,2026-09-11 22:45:43.937516+00:00,,,,,,,0.11510598482494483,0,0.27211580992635,0,0.46662306989114205,1,0.8797636282961809,1,0.2515521837488632,0,0.866527866134026,1,
0805124429832,S14,UBE 850T-2,1,,PLC_COMMUNICATION_FAILED_PLC circuit open until 2026-08-05T19:26:35.668Z,,2026-09-11 22:46:04.103206+00:00,,,,,,,0.7701308685753359,1,0.2709019349399254,0,0.540184283405953,1,0.7144045199864562,1,0.2948285671940366,0,0.7875216299561357,1,
0805120229798,S14,UBE 850T-2,1,,PLC_COMMUNICATION_FAILED_PLC packet timeout,,2026-09-11 22:46:36.565515+00:00,,,,,,,0.7052583613037638,1,0.7202733747547926,1,0.531772763235914,1,0.557958444026304,1,0.2437882460369001,0,0.5436247769397782,1,
0805122629817,S14,UBE 850T-2,1,,PLC_COMMUNICATION_FAILED_PLC packet timeout,,2026-09-11 22:46:57.041357+00:00,,,,,,,0.37156313113576,0,0.26790321486856417,0,0.4458170362657889,1,0.8622934330021296,1,0.3228482715542627,0,0.8208149218884795,1,
0805114929787,S14,UBE 850T-2,1,,PLC_COMMUNICATION_FAILED_PLC packet timeout,,2026-09-11 22:47:17.222431+00:00,,,,,,,0.4085488534399252,1,0.7614865132091744,1,0.5029158780026834,1,0.9118837888230457,1,0.207477486805075,0,0.7298552057482113,1,
0805121229806,S14,UBE 850T-2,1,,PLC_COMMUNICATION_FAILED_PLC circuit open until 2026-08-05T17:17:22.008Z,,2026-09-11 22:47:38.043205+00:00,,,,,,,0.6828165665136006,1,0.7757665703232417,1,0.5629234074869303,1,0.9037532712833002,1,0.29459805782952964,0,0.15829357064630747,0,
0805115029788,S14,UBE 850T-2,1,,PLC_COMMUNICATION_FAILED_PLC packet timeout,,2026-09-11 22:47:58.243454+00:00,,,,,,,0.6886099807502764,1,0.6619617640073067,1,0.3215218497829667,0,0.7349335661018155,1,0.24851640724465224,0,0.3702240849595099,0,
0805122129813,S14,UBE 850T-2,1,,PLC_COMMUNICATION_FAILED_PLC circuit open until 2026-08-05T19:25:31.489Z,,2026-09-11 22:48:18.709407+00:00,,,,,,,0.21612762188956106,0,0.22968628108073982,0,0.2926385933180173,0,0.5815553292373579,1,0.6963065865389972,1,0.8574796285982574,1,
0805123929828,S14,UBE 850T-2,1,,PLC_COMMUNICATION_FAILED_PLC circuit open until 2026-08-05T19:25:31.489Z,,2026-09-11 22:48:38.867453+00:00,,,,,,,0.6092523178012621,1,0.2724969201208134,0,0.5428852948462859,1,0.8759943652815801,1,0.24988533429650855,0,0.7615431051853014,1,
0805122329815,S14,UBE 850T-2,1,,PLC_COMMUNICATION_FAILED_PLC circuit open until 2026-08-05T20:14:33.503Z,,2026-09-11 22:48:59.444111+00:00,,,,,,,0.35328557787208903,0,0.22857453501951186,0,0.2926379552286503,0,0.8816784233045829,1,0.4700630992550787,1,0.8719984885152579,1,
0805122229814,S14,UBE 850T-2,1,,PLC_COMMUNICATION_FAILED_PLC packet timeout,,2026-09-11 22:49:19.766352+00:00,,,,,,,0.46527108202351886,1,0.2733594483281062,0,0.53000497673795,1,0.8082465481024916,1,0.7013517587603084,1,0.7107024044628103,1,
0805123829827,S14,UBE 850T-2,1,,PLC_COMMUNICATION_FAILED_PLC circuit open until 2026-08-05T20:19:47.349Z,,2026-09-11 22:49:40.392296+00:00,,,,,,,0.7239454660437448,1,0.278902226495586,0,0.5574741881181302,1,0.15454065249934829,0,0.6645635034119717,1,0.6055955355759861,1,
0805123429824,S14,UBE 850T-2,1,,PLC_COMMUNICATION_FAILED_PLC packet timeout,,2026-09-11 22:50:00.750424+00:00,,,,,,,0.2877932040545849,0,0.2900373391820332,0,0.7049216533985954,1,0.8648698253923943,1,0.2527712382319828,0,0.7807729746277404,1,
0805122729818,S14,UBE 850T-2,1,,PLC_COMMUNICATION_FAILED_PLC circuit open until 2026-08-05T21:21:08.936Z,,2026-09-11 22:50:21.385022+00:00,,,,,,,0.23923923111025183,0,0.26969684894533374,0,0.5561093554454425,1,0.8692949370646086,1,0.5353729505327137,1,0.8829378566947128,1,
0805112729769,S14,UBE 850T-2,1,,Face Blow Hole,,2026-09-11 22:50:45.746497+00:00,,CRAM,C,C-1,Top View,Blow_Hole,0.7622223378383916,1,0.757021265074324,1,0.45684392154171005,1,0.8063784585801114,1,0.23514828854665212,0,0.7102239788736336,1,1.0
0805105529743,S14,UBE 850T-2,1,,PLC_COMMUNICATION_FAILED_PLC circuit open until 2026-08-05T13:10:49.087Z,,2026-09-11 22:51:06.377966+00:00,,,,,,,0.4157401588433907,1,0.28254129243475207,0,0.7132607812408214,1,0.3505448081219277,0,0.4703460335559453,1,0.47518323041370125,1,
0805111829762,S14,UBE 850T-2,1,,PLC_COMMUNICATION_FAILED_PLC circuit open until 2026-08-05T13:01:29.845Z,,2026-09-11 22:51:26.704075+00:00,,,,,,,0.4734418981491232,1,0.2492621307628593,0,0.5188405171268233,1,0.6979911640343821,1,0.7321502293487457,1,0.79275772088091,1,
0805104429734,S14,UBE 850T-2,1,,PLC_COMMUNICATION_FAILED_PLC packet timeout,,2026-09-11 22:51:47.340269+00:00,,,,,,,0.7666086333204294,1,0.7199932599943382,1,0.44053323864259863,1,0.27033032658249545,0,0.7393314121998538,1,0.16843509992313374,0,
0805114029780,S14,UBE 850T-2,1,,PLC_COMMUNICATION_FAILED_PLC circuit open until 2026-08-05T19:37:19.169Z,,2026-09-11 22:52:07.679311+00:00,,,,,,,0.8682437887479357,1,0.7503213519657864,1,0.5736846055021612,1,0.6928569148998065,1,0.5636171214519541,1,0.3089121491056535,0,
0805113729777,S14,UBE 850T-2,1,,PLC_COMMUNICATION_FAILED_PLC circuit open until 2026-08-05T18:28:26.732Z,,2026-09-11 22:52:48.529370+00:00,,,,,,,0.5840748543145171,1,0.2918062747493695,0,0.7070218415976892,1,0.6789758550531046,1,0.527690933663229,1,0.17720562878642096,0,
0805112429767,S14,UBE 850T-2,1,,PLC_COMMUNICATION_FAILED_PLC circuit open until 2026-08-05T17:33:53.127Z,,2026-09-11 22:53:09.185683+00:00,,,,,,,0.4154711203786166,1,0.276379319388118,0,0.6633336190385556,1,0.8592827357682269,1,0.7467122917891429,1,0.44381990741220295,1,
0805105429742,S14,UBE 850T-2,1,,PLC_COMMUNICATION_FAILED_PLC packet timeout,,2026-09-11 22:53:29.529198+00:00,,,,,,,0.8686951765943364,1,0.7352518042678765,1,0.5084878150053749,1,0.1496900829630003,0,0.38247806095853376,0,0.15875268268819004,0,
0805112929771,S14,UBE 850T-2,1,,PLC_COMMUNICATION_FAILED_PLC circuit open until 2026-08-05T19:35:40.133Z,,2026-09-11 22:53:50.246505+00:00,,,,,,,0.5053371376780712,1,0.7545642980938237,1,0.5088544274903508,1,0.8674418729865176,1,0.4631502995130012,1,0.19710812703125233,0,
0805110729753,S14,UBE 850T-2,1,,Blow Hole M8,,2026-09-11 22:54:06.552425+00:00,,CRAM,F,F-3,Bottom View,Blow_Hole,0.7171715998570283,1,0.2791115947630478,0,0.5519334571368184,1,0.8661708603171596,1,0.748425615472803,1,0.166997671514711,0,1.0
0805105829745,S14,UBE 850T-2,1,,PLC_COMMUNICATION_FAILED_PLC packet timeout,,2026-09-11 22:54:27.203484+00:00,,,,,,,0.860289121240162,1,0.27701043302121053,0,0.7049614599464555,1,0.15498841426271923,0,0.7369477609541133,1,0.1222591669987434,0,
0805111329758,S14,UBE 850T-2,1,,PLC_COMMUNICATION_FAILED_PLC circuit open until 2026-08-05T13:21:57.471Z,,2026-09-11 22:54:47.534529+00:00,,,,,,,0.4747462062516582,1,0.7519643178035463,1,0.44586240976247543,1,0.7349074020167058,1,0.41847240935775903,1,0.1589100737368975,0,
0805113229773,S14,UBE 850T-2,1,,PLC_COMMUNICATION_FAILED_PLC circuit open until 2026-08-05T21:24:53.163Z,,2026-09-11 22:55:08.048238+00:00,,,,,,,0.6828799103093212,1,0.27444296809435414,0,0.5295984461723275,1,0.7548819371675609,1,0.23702582376739906,0,0.8008677934035288,1,
0805113429775,S14,UBE 850T-2,1,,PLC_COMMUNICATION_FAILED_PLC packet timeout,,2026-09-11 22:55:28.391940+00:00,,,,,,,0.5839363450021622,1,0.8063591296560807,1,0.7615397824125592,1,0.7488397286775315,1,0.2027913572147923,0,0.7726867679313818,1,
0805113029772,S14,UBE 850T-2,1,,PLC_COMMUNICATION_FAILED_PLC circuit open until 2026-08-05T13:14:25.205Z,,2026-09-11 22:55:49.053346+00:00,,,,,,,0.6873858628024168,1,0.7123295248584716,1,0.5569175223596863,1,0.3643213916566863,0,0.741667668997088,1,0.1739528856849546,0,
0805105629744,S14,UBE 850T-2,1,,PLC_COMMUNICATION_FAILED_PLC circuit open until 2026-08-05T13:18:45.965Z,,2026-09-11 22:56:09.388324+00:00,,,,,,,0.4515445152298987,1,0.2568223625454335,0,0.4569762044727116,1,0.510414200699683,1,0.5270690643997858,1,0.1749916163401535,0,
0805111729761,S14,UBE 850T-2,1,,PLC_COMMUNICATION_FAILED_PLC packet timeout,,2026-09-11 22:56:30.056751+00:00,,,,,,,0.7232391850321243,1,0.29116799150972844,0,0.7083999942424114,1,0.36462997207454584,0,0.46354102900501626,1,0.16712571508513688,0,
0805113829778,S14,UBE 850T-2,1,,PLC_COMMUNICATION_FAILED_PLC packet timeout,,2026-09-11 22:56:50.388906+00:00,,,,,,,0.5564273089297616,1,0.7562821088563908,1,0.7043962829880486,1,0.6721658644069546,1,0.420806770640889,1,0.7651376860355972,1,
0805104629736,S14,UBE 850T-2,1,,PLC_COMMUNICATION_FAILED_PLC packet timeout,,2026-09-11 22:57:14.152913+00:00,,,,,,,0.7174231132469783,1,0.7880824912026134,1,0.5627818386323087,1,0.3504554996764229,0,0.7353167604727666,1,0.8028323371963375,1,
0805111029755,S14,UBE 850T-2,1,,Non-Filling,,2026-09-11 22:57:26.410847+00:00,,CR,L,L-1,Left Side,Non_filling,0.6544227724070381,1,0.3025742618430135,0,0.35597882307332296,0,0.7520336248974153,1,0.4078284889984699,1,0.7812142512005772,1,0.0
0805114429783,S14,UBE 850T-2,1,,PLC_COMMUNICATION_FAILED_PLC packet timeout,,2026-09-11 22:57:46.740804+00:00,,,,,,,0.3758033803683294,0,0.708140435437483,1,0.6956076924277013,1,0.8607661064935216,1,0.7413594726275116,1,0.16209442510345426,0,
0805110829754,S14,UBE 850T-2,1,,PLC_COMMUNICATION_FAILED_PLC packet timeout,,2026-09-11 22:58:07.736381+00:00,,,,,,,0.7659080540520518,1,0.25215141285402287,0,0.37761344529859064,0,0.15499251678815057,0,0.7395197210413609,1,0.8244216885761648,1,
0805104829737,S14,UBE 850T-2,1,,PLC_COMMUNICATION_FAILED_PLC packet timeout,,2026-09-11 22:58:28.063209+00:00,,,,,,,0.648055277994648,1,0.7199867119173937,1,0.4753425135470565,1,0.5121474331718832,1,0.5355128796714735,1,0.765568719566661,1,
0805112829770,S14,UBE 850T-2,1,,PLC_COMMUNICATION_FAILED_PLC packet timeout,,2026-09-11 23:05:08.649286+00:00,,,,,,,0.7985633035676867,1,0.7820420242598302,1,0.717526106193902,1,0.3505611596674826,0,0.24092427899514876,0,0.3744506887243188,0,
0805104029731,S14,UBE 850T-2,1,,Face Blow Hole,,2026-09-11 23:07:38.117737+00:00,,CRAM,P,P-2,Front,Blow_Hole,0.7985222949417208,1,0.27481031989204574,0,0.7717582551501251,1,0.8593770104878831,1,0.4197919312201794,1,0.17598371558833084,0,1.0
0805091329661,S14,UBE 850T-2,1,,PLC_COMMUNICATION_FAILED_PLC packet timeout,,2026-09-11 23:08:30.597304+00:00,,,,,,,0.6449422614881928,1,0.26745115086377,0,0.7176990825600744,1,0.35171144240428054,0,0.7076928124144233,1,0.3045044414111519,0,
0805092329669,S14,UBE 850T-2,1,,PLC_COMMUNICATION_FAILED_PLC packet timeout,,2026-09-11 23:08:51.068629+00:00,,,,,,,0.49710865586956643,1,0.2748322033400641,0,0.7175650829145053,1,0.6789334508712556,1,0.2763722943677923,0,0.16403216983279922,0,
0805102329717,S14,UBE 850T-2,1,,Non-Filling,,2026-09-11 23:09:03.305506+00:00,,CR,L,L-1,Left Side,Non_filling,0.6110851660782963,1,0.2533050869774099,0,0.7183854856089074,1,0.5123275412735898,1,0.6699053837829543,1,0.16124720651717492,0,1.0
0805094829689,S14,UBE 850T-2,1,,PLC_COMMUNICATION_FAILED_PLC packet timeout,,2026-09-11 23:09:23.934561+00:00,,,,,,,0.6188919995695061,1,0.2762330936303441,0,0.6931063030046312,1,0.7359756517348687,1,0.5339998365289317,1,0.16185431257050553,0,
0805093129675,S14,UBE 850T-2,1,,PLC_COMMUNICATION_FAILED_PLC circuit open until 2026-08-05T21:56:31.728Z,,2026-09-11 23:09:44.286793+00:00,,,,,,,0.8588037551286922,1,0.269488753863003,0,0.4459246902241921,1,0.26882279584909735,0,0.7470166978994764,1,0.1231588973336209,0,
0805093729680,S14,UBE 850T-2,1,,PLC_COMMUNICATION_FAILED_PLC circuit open until 2026-08-05T21:53:22.334Z,,2026-09-11 23:10:04.920535+00:00,,,,,,,0.17116806201976492,0,0.2740954166944173,0,0.8019050645678246,1,0.8393736218543008,1,0.24951092241426626,0,0.8576677784068596,1,
0805084829643,S14,UBE 850T-2,1,,M14 Face Porosity,,2026-09-11 23:10:21.212882+00:00,,CRAM,C,C-1,Top View,Porosity,0.3437712842860253,0,0.2724564838857339,0,0.4622794060579839,1,0.872958602668828,1,0.2526740042548512,0,0.7859555592185539,1,1.0
0805083129629,S14,UBE 850T-2,1,,Blow Hole M8,,2026-09-11 23:10:37.508398+00:00,,CRAM,B,B-1,Top View,Blow_Hole,0.5160223195952935,1,0.7647361552401343,1,0.321364281438809,0,0.9193326358878479,1,0.20799728043735397,0,0.8300303900475138,1,1.0
0805094729688,S14,UBE 850T-2,1,,PLC_COMMUNICATION_FAILED_PLC circuit open until 2026-08-05T18:14:08.128Z,,2026-09-11 23:10:58.148933+00:00,,,,,,,0.75649864393748,1,0.2731813805144326,0,0.7961200695040845,1,0.5106290990531839,1,0.7288872947705565,1,0.19743896458981133,0,
0805102929722,S14,UBE 850T-2,1,,PLC_COMMUNICATION_FAILED_PLC packet timeout,,2026-09-11 23:11:18.383929+00:00,,,,,,,0.5799792325971632,1,0.7458021523577476,1,0.5294810512918863,1,0.8091114841423885,1,0.24666900415801316,0,0.5125413209596068,1,
0805095029690,S14,UBE 850T-2,1,,Porosity,,2026-09-11 23:11:34.867291+00:00,,CRAM,E,E-2,Bottom View,Porosity,0.4385784671464958,1,0.34482338576808236,0,0.5630834587909477,1,0.7982325424932807,1,0.27872304618455035,0,0.797501992449083,1,1.0
0805102529719,S14,UBE 850T-2,1,,PLC_COMMUNICATION_FAILED_PLC packet timeout,,2026-09-11 23:11:55.058105+00:00,,,,,,,0.37141796946588074,0,0.7679231163398413,1,0.3211871812182461,0,0.6971033915205405,1,0.2476767963964695,0,0.23191181209939746,0,
0805101529711,S14,UBE 850T-2,1,,PLC_COMMUNICATION_FAILED_PLC packet timeout,,2026-09-11 23:12:15.548797+00:00,,,,,,,0.7665026851840522,1,0.7519635634891974,1,0.6371895936537783,1,0.6784570267898887,1,0.7090547498992834,1,0.17418092629712204,0,
0805102429718,S14,UBE 850T-2,1,,PLC_COMMUNICATION_FAILED_PLC circuit open until 2026-08-05T18:08:22.129Z,,2026-09-11 23:12:35.727132+00:00,,,,,,,0.6888402789493953,1,0.2788609871521988,0,0.356221651196688,0,0.6916888321629551,1,0.2521344995549678,0,0.5748703409994289,1,
0805095129691,S14,UBE 850T-2,1,,Porosity,,2026-09-11 23:12:52.215527+00:00,,CRAM,E,E-2,Bottom View,Porosity,0.7034009307012279,1,0.7122884095210039,1,0.613294269585485,1,0.7603147918170851,1,0.5897724635267846,1,0.7997359038577516,1,1.0
0805103129724,S14,UBE 850T-2,1,,Body Leak,,2026-09-11 23:13:08.407218+00:00,,CRAM,F,F-3,Bottom View,,0.6827042543508386,1,0.7772861252025576,1,0.6931137502945113,1,0.7368616840525363,1,0.39536856960381345,0,0.641102826925266,1,
0805073929586,S14,UBE 850T-2,1,,Crack,,2026-09-11 23:14:41.942804+00:00,,CR,R,R-2,Rear,Crack,0.29407697422587353,0,0.7719308681131626,1,0.3709930421113008,0,0.9083401067066398,1,0.19816916968930987,0,0.7720325296432027,1,1.0
0805073129580,S14,UBE 850T-2,1,,Crack,,2026-09-11 23:17:16.238496+00:00,,CR,R,R-3,Rear,Crack,0.3711266676540799,0,0.6404718147280537,1,0.5267065069855866,1,0.8062915093897377,1,0.7355973180414732,1,0.8595120098343574,1,1.0
0805081129613,S14,UBE 850T-2,1,,Non-Filling,,2026-09-11 23:19:01.752906+00:00,,CR,L,L-1,Left Side,Non_filling,0.6738123085956769,1,0.33947941065494586,0,0.6929780005288859,1,0.15272784853555685,0,0.2788312541047342,0,0.43247756275984967,1,1.0
0805080929611,S14,UBE 850T-2,1,,PLC_COMMUNICATION_FAILED_PLC circuit open until 2026-08-05T18:11:09.667Z,,2026-09-11 23:19:21.879786+00:00,,,,,,,0.6887489359706722,1,0.279321686555979,0,0.6449670992611714,1,0.7899622469898006,1,0.24768481121804398,0,0.574817845086112,1,
0805075229597,S14,UBE 850T-2,1,,PLC_COMMUNICATION_FAILED_PLC packet timeout,,2026-09-11 23:19:42.312849+00:00,,,,,,,0.760912778004168,1,0.7512374552977042,1,0.563149087208414,1,0.8674785341828619,1,0.2444603384489375,0,0.8204753216944184,1,
0805073529583,S14,UBE 850T-2,1,,PLC_COMMUNICATION_FAILED_PLC packet timeout,,2026-09-11 23:20:02.438947+00:00,,,,,,,0.4655944181828755,1,0.7958442983267874,1,0.5112315461717479,1,0.9059465234977949,1,0.23607836371363916,0,0.7715873341400086,1,
0805080529608,S14,UBE 850T-2,1,,PLC_COMMUNICATION_FAILED_PLC packet timeout,,2026-09-11 23:20:22.878894+00:00,,,,,,,0.605110894775799,1,0.7120976452641425,1,0.8120805154670837,1,0.6634024048401224,1,0.7359462479712633,1,0.8020705532620538,1,
0805075929603,S14,UBE 850T-2,1,,PLC_COMMUNICATION_FAILED_PLC packet timeout,,2026-09-11 23:20:51.288087+00:00,,,,,,,0.6039666648819434,1,0.7135953837130585,1,0.7233079561919082,1,0.8592052133281467,1,0.41919758577507343,1,0.7289713268148175,1,
0805072929578,S14,UBE 850T-2,1,,PLC_COMMUNICATION_FAILED_PLC packet timeout,,2026-09-11 23:21:11.417988+00:00,,,,,,,0.6641002359610474,1,0.742028314047478,1,0.41682449440208064,1,0.7555964775949761,1,0.24015695780318785,0,0.8616738119886898,1,
0805054829508,S14,UBE 850T-2,1,,PLC_COMMUNICATION_FAILED_PLC circuit open until 2026-08-05T13:09:54.975Z,,2026-09-11 23:21:31.850698+00:00,,,,,,,0.1626393280390725,0,0.2823098474522366,0,0.5387198495163887,1,0.5251279799833105,1,0.7494582928167881,1,0.7807564700837607,1,
0805053929501,S14,UBE 850T-2,1,,PLC_COMMUNICATION_FAILED_PLC packet timeout,,2026-09-11 23:21:51.974986+00:00,,,,,,,0.3718053004614177,0,0.2751889129014231,0,0.7134910905499565,1,0.35188494977378193,0,0.7451109087272103,1,0.7670711369078828,1,
0805074829594,S14,UBE 850T-2,1,,PLC_COMMUNICATION_FAILED_PLC packet timeout,,2026-09-11 23:22:12.398309+00:00,,,,,,,0.7173868572933234,1,0.7574132705612138,1,0.39106880171646663,0,0.8390195719542883,1,0.23588211594487452,0,0.8562760719746075,1,
0805053829500,S14,UBE 850T-2,1,,PLC_COMMUNICATION_FAILED_PLC circuit open until 2026-08-05T16:43:02.838Z,,2026-09-11 23:22:52.815999+00:00,,,,,,,0.7687347217785019,1,0.705488025719429,1,0.5780856537898477,1,0.8064425949646794,1,0.23786484234893496,0,0.862964780443772,1,
0805060129519,S14,UBE 850T-2,1,,PLC_COMMUNICATION_FAILED_PLC packet timeout,,2026-09-11 23:23:12.947443+00:00,,,,,,,0.31880840477150185,0,0.2775767605697035,0,0.4572272893600208,1,0.6905926215081282,1,0.7159721864638184,1,0.7872840160881561,1,
0805071529567,S14,UBE 850T-2,1,,PLC_COMMUNICATION_FAILED_PLC packet timeout,,2026-09-11 23:24:41.813385+00:00,,,,,,,0.29192367758653953,0,0.261373332573278,0,0.5621397277100008,1,0.8202291125886734,1,0.25067858940179505,0,0.8730431565119489,1,
0805072129572,S14,UBE 850T-2,1,,Non-Filling,,2026-09-11 23:24:54.262103+00:00,,CR,A,A-1,Top View,Non_filling,0.4518704817392934,1,0.7117154927815689,1,0.40653970703001574,1,0.5726337285412698,1,0.3953519805864406,0,0.7125707791317148,1,1.0
0805074629592,S14,UBE 850T-2,1,,Non-Filling,,2026-09-11 23:26:27.363966+00:00,,CR,S,S-2,Rear,Non_filling,0.3709839468796191,0,0.77336435321887,1,0.8097415723554428,1,0.5908771618618045,1,0.25079272097141353,0,0.7898699727129871,1,1.0
0817042229094,S14,UBE 850T-2,1,,Black Mark,,2026-09-14 23:42:47.086014+00:00,,CR,O,O-1,Front,,0.766327463440106,1,0.7743660684517112,1,0.5274350356444223,1,0.3569876311471003,0,0.5819596219220323,1,0.1757487610850032,0,
0805025729378,S14,UBE 850T-2,1,,Non-Filling,,2026-09-11 23:36:24.570164+00:00,,CR,K,K-1,Left Side,Non_filling,0.4667441640475309,1,0.2524933996356786,0,0.29319539669210215,0,0.8664272376486353,1,0.4630521352955984,1,0.8717907947455623,1,0.0
0805043529453,S14,UBE 850T-2,1,,Porosity,,2026-09-11 23:39:14.206195+00:00,,CRAM,P,P-2,Front,Porosity,0.18939914453616874,0,0.2376747247904056,0,0.7612274800304926,1,0.8620198938703764,1,0.20934799644178687,0,0.8791891112513333,1,1.0
0805042729447,S14,UBE 850T-2,1,,Porosity,,2026-09-11 23:45:25.857732+00:00,,CRAM,P,P-2,Front,Porosity,0.5564547465376665,1,0.7456221145729932,1,0.5782705669011348,1,0.8088771991183404,1,0.24997651869356094,0,0.707514100201358,1,1.0
0805043029449,S14,UBE 850T-2,1,,Dent,,2026-09-11 23:45:41.979637+00:00,,CR,P,P-2,Front,,0.76975948184965,1,0.2812621493774238,0,0.6766900104735346,1,0.734946227427933,1,0.25268562264016303,0,0.8305562323514932,1,
0805035329419,S14,UBE 850T-2,1,,Shrinkage,,2026-09-11 23:51:45.077182+00:00,,CRAM,P,P-2,Front,Shrinkage,0.23946332593712458,0,0.7573695401838586,1,0.6527664596688354,1,0.9016488578086841,1,0.7376492554602831,1,0.7090276104758804,1,1.0
0805025429376,S14,UBE 850T-2,1,,Chipoff on M8.0,,2026-09-11 23:53:42.630010+00:00,,CRAM,E,E-2,Bottom View,Chipoff,0.43808380605754604,1,0.8533891334172967,1,0.8022277265406079,1,0.7901133846994958,1,0.23530441512077344,0,0.7801600793890026,1,1.0
0805041029433,S14,UBE 850T-2,1,,Porosity,,2026-09-11 23:55:59.916812+00:00,,CRAM,P,P-2,Front,Porosity,0.24933230925734118,0,0.7113101087292442,1,0.61117524236432,1,0.7359484666048604,1,0.2517827637434434,0,0.8556861529467574,1,1.0
0805040729430,S14,UBE 850T-2,1,,Porosity,,2026-09-11 23:56:16.036713+00:00,,CRAM,P,P-2,Front,Porosity,0.47785634221888706,1,0.8533900078921295,1,0.8058345462862674,1,0.9081548470177521,1,0.20966453517652583,0,0.8504314330889378,1,1.0
0805023729362,S14,UBE 850T-2,1,,Blow Hole M8,,2026-09-11 23:59:33.370340+00:00,,CRAM,F,F-3,Bottom View,Blow_Hole,0.33335994192427226,0,0.2591812298730682,0,0.5234656843834989,1,0.8737353890541308,1,0.24768618651149665,0,0.8813293176763796,1,0.0
0803230628686,S14,UBE 850T-2,1,,Face Blow Hole,,2026-09-12 00:43:11.385459+00:00,,CRAM,E,E-1,Bottom View,Blow_Hole,0.6734241185232892,1,0.26421135216070635,0,0.40214171601659937,1,0.26906712397454563,0,0.24376317699777014,0,0.3110325297337972,0,1.0
0804003628744,S14,UBE 850T-2,1,,Blow Hole M8,,2026-09-12 00:46:10.806729+00:00,,CRAM,B,B-1,Top View,Blow_Hole,0.34750755374238435,0,0.7131823634135659,1,0.4658202104591558,1,0.1537271718745987,0,0.21387764957815358,0,0.17007956981846012,0,0.0
0806181821115,S14,UBE 850T-2,1,,PLC_COMMUNICATION_FAILED_PLC circuit open until 2026-08-06T15:21:44.554Z,,2026-09-12 08:45:50.438302+00:00,,,,,,,0.58610146738153,1,0.44896899630341425,1,0.3757364606849675,0,0.836547192861814,1,0.3819344063047247,0,0.7135169933255767,1,
0806042220520,S14,UBE 850T-2,1,,PLC_COMMUNICATION_FAILED_PLC circuit open until 2026-08-06T15:35:52.322Z,,2026-09-12 09:03:03.058711+00:00,,,,,,,0.17954547344217944,0,0.2298596180171445,0,0.3307401209132414,0,0.8843966427413152,1,0.5358657754524123,1,0.8756401959432615,1,
0806045020542,S14,UBE 850T-2,1,,PLC_COMMUNICATION_FAILED_PLC circuit open until 2026-08-06T16:15:51.065Z,,2026-09-12 09:04:24.735234+00:00,,,,,,,0.21562600667613427,0,0.23772229578512036,0,0.4928968019627811,1,0.8358134964013393,1,0.7010612533359857,1,0.8553669234083122,1,
0806000620346,S14,UBE 850T-2,1,,PLC_COMMUNICATION_FAILED_PLC packet timeout,,2026-09-12 09:27:31.438669+00:00,,,,,,,0.32650695003819313,0,0.27206774575087445,0,0.5603835355065945,1,0.8395754375651867,1,0.24959549465018477,0,0.868344633147463,1,
0805204920204,S14,UBE 850T-2,1,,Shrinkage,,2026-09-12 09:40:36.851937+00:00,,CRAM,P,P-2,Front,Shrinkage,0.7644393310315314,1,0.2701009710758256,0,0.6922924473237562,1,0.16485563943743659,0,0.563026888302318,1,0.16975538977978824,0,1.0
0805173020055,S14,UBE 850T-2,1,,PLC_COMMUNICATION_FAILED_PLC circuit open until 2026-08-06T01:19:03.130Z,,2026-09-12 09:46:49.243851+00:00,,,,,,,0.6779540316295084,1,0.7082111602686392,1,0.5785637373284196,1,0.9135879267235718,1,0.2485965671021013,0,0.7831250339523765,1,
0805121829811,S14,UBE 850T-2,1,,PLC_COMMUNICATION_FAILED_PLC circuit open until 2026-08-06T01:20:51.311Z,,2026-09-12 09:50:50.680279+00:00,,,,,,,0.7609636309669814,1,0.2792485107278023,0,0.5387716580951613,1,0.4887747928032805,1,0.2808206048064532,0,0.3701873796089196,0,
0805080629609,S14,UBE 850T-2,1,,PLC_COMMUNICATION_FAILED_PLC circuit open until 2026-08-06T11:18:36.667Z,,2026-09-12 10:07:48.201231+00:00,,,,,,,0.8631073184843725,1,0.26164574026660326,0,0.49768235237959624,1,0.29321409330533776,0,0.7462023477272608,1,0.16110473280835175,0,
0805055729516,S14,UBE 850T-2,1,,Blow Hole M8,,2026-09-12 10:09:32.026675+00:00,,CRAM,B,B-1,Top View,Blow_Hole,0.3830798961037411,0,0.27612466845937755,0,0.40030626122292456,1,0.8811708189952534,1,0.4633464670093274,1,0.8633861654775986,1,0.0
0805060029518,S14,UBE 850T-2,1,,PLC_COMMUNICATION_FAILED_PLC packet timeout,,2026-09-12 10:12:16.539837+00:00,,,,,,,0.17155505532166712,0,0.3024269318993984,0,0.3834784228347625,0,0.871338593798795,1,0.7256783954851542,1,0.872075331569787,1,
0809014622688,S14,UBE 850T-2,1,,Non-Filling,,2026-09-12 12:14:54.468271+00:00,,CR,S,S-2,Rear,Non_filling,0.714978518856269,1,0.2607673003519164,0,0.654552808447612,1,0.7556950505299402,1,0.24935742211367487,0,0.7622911000630201,1,1.0
0809011722664,S14,UBE 850T-2,1,,Non-Filling,,2026-09-12 12:15:31.124470+00:00,,CR,R,R-2,Rear,Non_filling,0.7952436113886289,1,0.2572151793093552,0,0.6831851547532253,1,0.451751973594564,1,0.7076845201947674,1,0.16187645123882408,0,1.0
0809010922657,S14,UBE 850T-2,1,,Non-Filling,,2026-09-12 12:17:41.114509+00:00,,CR,R,R-3,Rear,Non_filling,0.6829899772230511,1,0.26754036205594706,0,0.8097239626628405,1,0.8590965977528969,1,0.2351432089900094,0,0.7073897233400658,1,1.0
0808234722598,S14,UBE 850T-2,1,,Non-Filling,,2026-09-12 12:34:56.392814+00:00,,CR,R,R-3,Rear,Non_filling,0.6668968648244883,1,0.2909009422516471,0,0.7959770731417901,1,0.7603873442131326,1,0.7093740687536132,1,0.7710921798506378,1,1.0
0809000522613,S14,UBE 850T-2,1,,Non-Filling,,2026-09-12 12:35:32.913865+00:00,,CR,L,L-1,Left Side,Non_filling,0.7955887617984391,1,0.282451066266152,0,0.47082108114525306,1,0.35121290144308415,0,0.41784765284867553,1,0.17082932433171819,0,1.0
0808221422532,S14,UBE 850T-2,1,,Non-Filling,,2026-09-12 12:45:27.581388+00:00,,CR,A,A-2,Top View,Non_filling,0.8777498143095581,1,0.8533897639761294,1,0.805549921022962,1,0.30026545504040025,0,0.23931181495310794,0,0.11709110754696853,0,1.0
0808210722490,S14,UBE 850T-2,1,,Non-Filling,,2026-09-12 12:50:57.439508+00:00,,CR,K,K-1,Left Side,Non_filling,0.6307281060612789,1,0.2915464291774775,0,0.7616468864381536,1,0.8486764517377438,1,0.7371016237169341,1,0.4261724729036692,1,1.0
0808085222240,S14,UBE 850T-2,1,,Non-Filling,,2026-09-12 12:55:01.295509+00:00,,CR,H,H-3,Bottom View,Non_filling,0.5882382681625251,1,0.6623494605062594,1,0.5736647880889632,1,0.8618982359402916,1,0.7384163496329396,1,0.48624506432765136,1,1.0
0808084522234,S14,UBE 850T-2,1,,Non-Filling,,2026-09-12 12:56:30.555605+00:00,,CR,Q,Q-1,Rear,Non_filling,0.6002613125030739,1,0.7269030426302988,1,0.590201296382227,1,0.5108984452408182,1,0.7258395571388124,1,0.8211463157229044,1,1.0
0808082722219,S14,UBE 850T-2,1,,Porosity,,2026-09-12 12:57:39.436824+00:00,,CRAM,C,C-1,Top View,Porosity,0.1701824404900155,0,0.24838484731583566,0,0.398071794182291,0,0.8480185690786111,1,0.7085484426711468,1,0.7869101069569964,1,1.0
0808084722236,S14,UBE 850T-2,1,,Non-Filling,,2026-09-12 12:57:51.969947+00:00,,CR,A,A-1,Top View,Non_filling,0.8623378539374817,1,0.3021863355506966,0,0.5914149405193353,1,0.38297942837231774,0,0.5274096530705739,1,0.44451042670657326,1,1.0
0808065022145,S14,UBE 850T-2,1,,Bend,,2026-09-12 13:00:46.160797+00:00,,CR,A,A-1,Top View,,0.3314831024105367,0,0.24336614385268623,0,0.6043336346137045,1,0.8760932094604359,1,0.574426229357917,1,0.8498372197759789,1,
0808052322123,S14,UBE 850T-2,1,,Bend,,2026-09-12 13:12:51.910679+00:00,,CR,B,B-1,Top View,,0.23562388613473242,0,0.26754261945986785,0,0.6359792851047867,1,0.30555810453215965,0,0.6861765438778445,1,0.7732059595030194,1,
0807080821720,S14,UBE 850T-2,1,,Non-Filling,,2026-09-12 13:17:14.121265+00:00,,CR,J,J-1,Left Side,Non_filling,0.613230223741648,1,0.26479625582287225,0,0.5194732044368024,1,0.7336117592908826,1,0.7368098525319995,1,0.7117095114170032,1,1.0
0809140723062,S14,UBE 850T-2,1,,Blow Hole M8,,2026-09-12 14:14:03.246026+00:00,,CRAM,B,B-1,Top View,Blow_Hole,0.6003427348949547,1,0.22441841359087253,0,0.6104606697804447,1,0.15139183201956968,0,0.7398552749530688,1,0.3691480012839503,0,1.0
0809140623061,S14,UBE 850T-2,1,,Blow Hole M8,,2026-09-12 14:14:19.418713+00:00,,CRAM,B,B-1,Top View,Blow_Hole,0.7941065224305305,1,0.23550960920562508,0,0.2899523082268251,0,0.39545380086817894,0,0.5789091159954153,1,0.15543428425752173,0,1.0
0809135723053,S14,UBE 850T-2,1,,Blow Hole M8,,2026-09-12 14:14:35.932182+00:00,,CRAM,B,B-1,Top View,Blow_Hole,0.5213732594631357,1,0.2526709327367201,0,0.6044391882928244,1,0.597150254898665,1,0.7274608546628589,1,0.7776441591309193,1,1.0
0809140923063,S14,UBE 850T-2,1,,Non-Filling,,2026-09-12 14:17:57.686453+00:00,,CR,A,A-1,Top View,Non_filling,0.32650595946841565,0,0.44888859922741275,1,0.8121168310956841,1,0.5112124419469961,1,0.7146423090828296,1,0.7896577112806876,1,1.0
0809143123082,S14,UBE 850T-2,1,,Non-Filling,,2026-09-12 14:18:21.860393+00:00,,CR,R,R-2,Rear,Non_filling,0.5020241189548853,1,0.706524750748802,1,0.7704337859082264,1,0.6306655586940589,1,0.2497767379153085,0,0.7719167606190594,1,1.0
0809141723070,S14,UBE 850T-2,1,,Non-Filling,,2026-09-12 14:18:34.340269+00:00,,CR,O,O-1,Front,Non_filling,0.5998138684296858,1,0.30265051185615066,0,0.6922556907597093,1,0.2688611301253071,0,0.7428861113465436,1,0.15812638211569838,0,1.0
0809143723087,S14,UBE 850T-2,1,,Blow Hole M8,,2026-09-12 14:21:24.017096+00:00,,CRAM,B,B-1,Top View,Blow_Hole,0.27528778840959617,0,0.2295267347648412,0,0.6164789882970453,1,0.4272146926024254,1,0.6863993172681401,1,0.7991836172787221,1,0.0
0809141523068,S14,UBE 850T-2,1,,Non-Filling,,2026-09-12 14:21:56.654624+00:00,,CR,D,D-4,Top View,Non_filling,0.5135712221280329,1,0.26507153422359403,0,0.6376493587500833,1,0.46849079092041346,1,0.4197794921943073,1,0.7783672603778706,1,1.0
0809143623086,S14,UBE 850T-2,1,,Non-Filling,,2026-09-12 14:22:57.459135+00:00,,CR,I,I-1,Left Side,Non_filling,0.47771034292817227,1,0.26200070333661757,0,0.46733372074346574,1,0.8664684875401293,1,0.5354361994861193,1,0.879356304239389,1,1.0
0809145423101,S14,UBE 850T-2,1,,Non-Filling,,2026-09-12 14:23:42.153874+00:00,,CR,D,D-4,Top View,Non_filling,0.4799302713865917,1,0.2464435274994251,0,0.7855837718315652,1,0.7597804931141021,1,0.7413241134382229,1,0.48205325518459624,1,1.0
0809144823096,S14,UBE 850T-2,1,,Non-Filling,,2026-09-12 14:24:31.136958+00:00,,CR,R,R-2,Rear,Non_filling,0.5505168400711424,1,0.25321745462800216,0,0.7962138856639385,1,0.8661373792035137,1,0.27739997520710646,0,0.773590108651369,1,1.0
0809144623094,S14,UBE 850T-2,1,,Blow Hole M8,,2026-09-12 14:28:50.263363+00:00,,CRAM,B,B-1,Top View,Blow_Hole,0.722915164801552,1,0.25520992597618786,0,0.8121172344535778,1,0.6717713168159893,1,0.41955100277170054,1,0.6407261524264252,1,1.0
0809152823129,S14,UBE 850T-2,1,,Blow Hole M8,,2026-09-12 14:29:54.793123+00:00,,CRAM,B,B-1,Top View,Blow_Hole,0.7864977762838359,1,0.7703079374235193,1,0.6300788739951526,1,0.1504897831630979,0,0.7402302663178606,1,0.31172031238243336,0,1.0
0809152923130,S14,UBE 850T-2,1,,Blow Hole M8,,2026-09-12 14:30:11.279389+00:00,,CRAM,B,B-1,Top View,Blow_Hole,0.7564594615979229,1,0.26490203115046085,0,0.7966022502613749,1,0.2557674449871752,0,0.7425536193214406,1,0.44469897382463797,1,1.0
0809124922997,S14,UBE 850T-2,1,,Non-Filling,,2026-09-12 14:35:16.364800+00:00,,CR,A,A-3,Top View,Non_filling,0.5198372546238598,1,0.2407034676271961,0,0.7134238553587591,1,0.5979839546214539,1,0.5789278575642154,1,0.7831512840782986,1,1.0
0809131623019,S14,UBE 850T-2,1,,Face Blow Hole,,2026-09-12 14:35:57.138178+00:00,,CRAM,B,B-1,Top View,Blow_Hole,0.4061297105103721,1,0.26160073556010577,0,0.8096633717301502,1,0.15408533841309988,0,0.7473428631821837,1,0.19740306228904506,0,1.0
0809140023056,S14,UBE 850T-2,1,,Porosity,,2026-09-12 14:36:13.716255+00:00,,CRAM,B,B-1,Top View,Porosity,0.37141451774251866,0,0.2153858336002871,0,0.5302862285185654,1,0.7592326272469496,1,0.6858364023522587,1,0.42646134604128894,1,1.0
0809130423009,S14,UBE 850T-2,1,,Blow Hole M8,,2026-09-12 14:37:18.548576+00:00,,CRAM,B,B-1,Top View,Blow_Hole,0.7276954789409684,1,0.7270442220637405,1,0.556947930441283,1,0.8680002110535188,1,0.2481905117296367,0,0.4261669138388431,1,1.0
0809130023006,S14,UBE 850T-2,1,,Blow Hole M8,,2026-09-12 14:37:35.090882+00:00,,CRAM,F,F-3,Bottom View,Blow_Hole,0.8620066313045932,1,0.2756881020131031,0,0.7509968328083166,1,0.5990676803185734,1,0.42135023009764044,1,0.17655413037014797,0,1.0
0809125323000,S14,UBE 850T-2,1,,Bend,,2026-09-12 14:38:11.691185+00:00,,CR,R,R-3,Rear,,0.2747384759125961,0,0.24614635234491927,0,0.5240562043496181,1,0.58499362391409,1,0.5790082239995951,1,0.8013748182498746,1,
0808073622183,S14,UBE 850T-2,1,,Shrinkage,,2026-09-12 16:10:40.896361+00:00,,CRAM,H,H-3,Bottom View,Shrinkage,0.6738981000621708,1,0.7135209464817441,1,0.5429127173594921,1,0.7061011504409453,1,0.7074564045416873,1,0.7078150915018948,1,1.0
0809214723417,S14,UBE 850T-2,1,,Face Blow Hole,,2026-09-12 20:01:35.244524+00:00,,CRAM,H,H-3,Bottom View,Blow_Hole,0.5855494557585161,1,0.7062815797243578,1,0.5820937628742182,1,0.5976019777158139,1,0.5805342814909149,1,0.7619767540289551,1,1.0
0809150823112,S14,UBE 850T-2,1,,Non-Filling,,2026-09-13 08:24:03.796798+00:00,,CR,A,A-4,Top View,Non_filling,0.5172384750447592,1,0.7609636102818003,1,0.8097699111743045,1,0.8060463501482235,1,0.42424545783933254,1,0.7974579129464883,1,1.0
0817032229047,S14,UBE 850T-2,1,,Black Mark,,2026-09-14 23:45:12.207953+00:00,,CR,H,H-2,Bottom View,,0.5136806991768499,1,0.2935039522934945,0,0.35674033845292985,0,0.7989103497611353,1,0.7160554364124496,1,0.17650394896528115,0,
0817040729081,S14,UBE 850T-2,1,,Black Mark,,2026-09-14 23:45:24.362158+00:00,,CR,H,H-3,Bottom View,,0.7658809302946754,1,0.7786818061243143,1,0.5621167553693326,1,0.5812330984176264,1,0.7491308584873433,1,0.15727392371999765,0,
0817030729034,S14,UBE 850T-2,1,,Black Mark,,2026-09-14 23:45:57.088965+00:00,,CR,C,C-1,Top View,,0.5046952685761581,1,0.7812362570289423,1,0.529623267281385,1,0.7600501113134912,1,0.7327485518787134,1,0.1564503180168799,0,
0817032429049,S14,UBE 850T-2,1,,Black Mark,,2026-09-14 23:46:09.337239+00:00,,CR,D,D-4,Top View,,0.6241165340346869,1,0.7722161830199019,1,0.6373337684739685,1,0.16795494060383198,0,0.7440685765224482,1,0.16645281657929362,0,
0817112529419,S14,UBE 850T-2,1,,Black Mark,,2026-09-14 23:50:40.375230+00:00,,CR,O,O-1,Front,,0.3695048860658573,0,0.7562950025132268,1,0.5620695619655329,1,0.4514848678025455,1,0.5791348575641714,1,0.30736448595913957,0,
0817034729064,S14,UBE 850T-2,1,,Black Mark,,2026-09-14 23:52:13.590330+00:00,,CR,H,H-3,Bottom View,,0.7864774616851532,1,0.7569063997661819,1,0.44093802487300315,1,0.8843777553516197,1,0.7368580755086894,1,0.5748679124568036,1,
0817040229077,S14,UBE 850T-2,1,,Non-Filling,,2026-09-14 23:54:10.920163+00:00,,CR,A,A-1,Top View,Non_filling,0.645033565321987,1,0.7806753414251508,1,0.6450024620400457,1,0.38131824791079905,0,0.7164871712341602,1,0.1553270112802737,0,1.0
0825170622218,S14,UBE 850T-2,1,,Black Mark,,2026-09-14 23:58:29.098805+00:00,,CR,S,S-1,Rear,,0.28097964156000343,0,0.2734459069348152,0,0.17526613606127034,0,0.14991545586543759,0,0.20952823017903832,0,0.7091260095707217,1,
0825173522244,S14,UBE 850T-2,1,,Black Mark,,2026-09-15 00:00:26.340456+00:00,,CR,H,H-3,Bottom View,,0.3328538152621969,0,0.2645945515462551,0,0.1739785326032347,0,0.35491289168264306,0,0.23947579225850646,0,0.30542695811945686,0,
0825161622175,S14,UBE 850T-2,1,,Black Mark,,2026-09-15 00:02:52.492332+00:00,,CR,G,G-1,Bottom View,,0.09661479725988188,0,0.282370079161263,0,0.09192550919530215,0,0.18308857553349323,0,0.2423416637548247,0,0.7837091644757325,1,
0827024523523,S14,UBE 850T-2,1,,Black Mark,,2026-09-15 00:10:52.981227+00:00,,CR,S,S-1,Rear,,0.1745214062511052,0,0.7751165472641764,1,0.1768193503519112,0,0.18427329743452514,0,0.24180061462454144,0,0.15687143292155725,0,
0801035226368,S14,UBE 850T-2,1,,Blow Hole M8,,2026-09-21 23:28:36.841685+00:00,,CRAM,O,O-2,Front,Blow_Hole,0.42323818602245084,1,0.7659244685266904,1,0.4460165403201225,1,0.2593628674465749,0,0.20866162733400417,0,0.13648088748071874,0,1.0
0801035926374,S14,UBE 850T-2,1,,Blow Hole M8,,2026-09-21 23:34:21.523844+00:00,,CRAM,P,P-3,Front,Blow_Hole,0.36592389582424173,0,0.7884310044687831,1,0.609110196827598,1,0.19145295805173113,0,0.27795317634718153,0,0.11203577471043863,0,0.0
0809125222999,S14,UBE 850T-2,1,,Bend,,2026-09-12 14:38:47.909766+00:00,,CR,A,A-3,Top View,,0.2919414434181907,0,0.229928830647088,0,0.5335112643813159,1,0.8614049264388398,1,0.5813587271940417,1,0.777756846550882,1,
0809131023014,S14,UBE 850T-2,1,,Face Blow Hole,,2026-09-12 14:40:13.018682+00:00,,CRAM,B,B-1,Top View,Blow_Hole,0.6986758287639565,1,0.25900412242048243,0,0.812126034107411,1,0.15119148337778568,0,0.580541454186613,1,0.8023331698505052,1,1.0
0809124822996,S14,UBE 850T-2,1,,Porosity,,2026-09-12 14:42:05.809762+00:00,,CRAM,B,B-1,Top View,Porosity,0.7563236283049082,1,0.2701067345332966,0,0.7218267967862335,1,0.6577772266574979,1,0.6970475724587873,1,0.6129671422421825,1,1.0
0809093722955,S14,UBE 850T-2,1,,Blow Hole M8,,2026-09-12 14:42:34.335528+00:00,,CRAM,B,B-1,Top View,Blow_Hole,0.7566139367682432,1,0.7702720049900144,1,0.809688441297803,1,0.7554798777579458,1,0.527483030453777,1,0.7148395921859831,1,1.0
0809095822972,S14,UBE 850T-2,1,,Blow Hole M8,,2026-09-12 14:46:00.451273+00:00,,CRAM,C,C-1,Top View,Blow_Hole,0.7638908460007382,1,0.24854016041800173,0,0.49648761844722855,1,0.5987857041644776,1,0.7419089334974478,1,0.7150193039717636,1,1.0
0809054922872,S14,UBE 850T-2,1,,Non-Filling,,2026-09-12 14:53:28.222761+00:00,,CR,A,A-2,Top View,Non_filling,0.5234014594727012,1,0.2932612217173748,0,0.6756484061335366,1,0.451400847525424,1,0.700561864686607,1,0.803081934762243,1,1.0
0809050022844,S14,UBE 850T-2,1,,Non-Filling,,2026-09-12 14:54:29.076258+00:00,,CR,A,A-1,Top View,Non_filling,0.6194321412440915,1,0.29067423786260027,0,0.777999329376216,1,0.8681354422279595,1,0.2528228665196567,0,0.7136441927556851,1,1.0
0809051422856,S14,UBE 850T-2,1,,Blow Hole M8,,2026-09-12 14:55:33.640587+00:00,,CRAM,B,B-1,Top View,Blow_Hole,0.8618222360765841,1,0.29430463405461826,0,0.7177314039618101,1,0.48608489529633325,1,0.7405070331709872,1,0.14185762827766873,0,1.0
0809045922843,S14,UBE 850T-2,1,,Face Blow Hole,,2026-09-12 14:55:50.126659+00:00,,CRAM,B,B-1,Top View,Blow_Hole,0.8719434481432322,1,0.7118041310920902,1,0.6117352429412315,1,0.5722908499890433,1,0.24085994804344169,0,0.15442440790405912,0,1.0
0809090022926,S14,UBE 850T-2,1,,LT Oil Gallery-1 NG,,2026-09-12 15:02:02.139371+00:00,,CRAM,P,P-2,Front,,0.5235729874803955,1,0.2686860791656255,0,0.717693863381367,1,0.26890160350044756,0,0.7269745816625581,1,0.3050782772868274,0,
0809062122886,S14,UBE 850T-2,1,,M14 Face Blow Hole,,2026-09-12 15:05:09.115577+00:00,,CRAM,P,P-2,Front,Blow_Hole,0.5044301727792351,1,0.44870465775166213,1,0.7964917919106335,1,0.6937917719271172,1,0.563254286819815,1,0.1650784574453608,0,1.0
0809043622826,S14,UBE 850T-2,1,,Non-Filling,,2026-09-12 15:13:46.772490+00:00,,CR,B,B-1,Top View,Non_filling,0.550703915744915,1,0.7734459851335024,1,0.6301159785307877,1,0.8485396931259013,1,0.41907928042222564,1,0.7842967775982282,1,1.0
0809043922828,S14,UBE 850T-2,1,,Non-Filling,,2026-09-12 15:18:50.176755+00:00,,CR,B,B-1,Top View,Non_filling,0.4085779877588122,1,0.2503878693919186,0,0.5246872401808309,1,0.7993599216463385,1,0.7448227508943407,1,0.8652181563207584,1,1.0
0809041222806,S14,UBE 850T-2,1,,Cold Shut,,2026-09-12 15:20:19.246361+00:00,,CRAM,E,E-1,Bottom View,,0.7036713645406915,1,0.29182150141062035,0,0.7960162410614293,1,0.8625581176284013,1,0.7323003233355712,1,0.7100425514790816,1,
0809044322832,S14,UBE 850T-2,1,,Non-Filling,,2026-09-12 15:20:31.415620+00:00,,CR,B,B-1,Top View,Non_filling,0.7688282139826148,1,0.2515831083489289,0,0.7856075343263361,1,0.7599449520500783,1,0.7117139972107035,1,0.5749051687118851,1,1.0
0809042322815,S14,UBE 850T-2,1,,Dia Under Size,,2026-09-12 15:21:11.926638+00:00,,MR,B,B-1,Top View,,0.36585307531838546,0,0.24220346246896637,0,0.6088059493755967,1,0.36287067605204393,0,0.7470523295956435,1,0.8750157529188866,1,
0809034022779,S14,UBE 850T-2,1,,"PLC_COMMUNICATION_FAILED_PLC SLMP START_ACK timeout (expected 1,1,2)",,2026-09-12 15:27:31.766331+00:00,,,,,,,0.7951249361027399,1,0.25427517251258447,0,0.4517601060291207,1,0.2755120017980604,0,0.7445824175699871,1,0.15404143496587075,0,
0809042522817,S14,UBE 850T-2,1,,Blow Hole M8,,2026-09-12 15:27:59.920850+00:00,,CRAM,A,A-2,Top View,Blow_Hole,0.6643636318229477,1,0.2494295545620483,0,0.5271236210410131,1,0.3520069625103165,0,0.5896440116846504,1,0.4326273114211951,1,1.0
0809023622729,S14,UBE 850T-2,1,,Non-Filling,,2026-09-12 15:31:13.789286+00:00,,CR,D,D-4,Top View,Non_filling,0.2755405248962157,0,0.44948291922686234,1,0.6739011058476913,1,0.35218113374748117,0,0.7368245893942831,1,0.7786619511733892,1,1.0
0809032222764,S14,UBE 850T-2,1,,Non-Filling,,2026-09-12 15:40:11.972059+00:00,,CR,A,A-1,Top View,Non_filling,0.7032330794594022,1,0.27794556405319665,0,0.5290238423438279,1,0.6709221517368839,1,0.47542176334272346,1,0.7071980943069406,1,1.0
0809040522800,S14,UBE 850T-2,1,,Non-Filling,,2026-09-12 15:42:46.653782+00:00,,CR,A,A-2,Top View,Non_filling,0.38485782493838655,0,0.23482339334439234,0,0.7040367917936595,1,0.8363148940005798,1,0.7360525730098718,1,0.8483048291515217,1,1.0
0809023722730,S14,UBE 850T-2,1,,Chip-off,,2026-09-12 15:44:04.094495+00:00,,CR,S,S-2,Rear,Chipoff,0.7155298601028635,1,0.2736924662429625,0,0.4688830597771204,1,0.6307852196485355,1,0.7480555442817457,1,0.6936097146423745,1,1.0
0808082122214,S14,UBE 850T-2,1,,M14 Face Blow Hole,,2026-09-12 15:45:51.312524+00:00,,CRAM,P,P-2,Front,Blow_Hole,0.3943383176660118,0,0.25748880043041417,0,0.28982882036498475,0,0.2986808121109009,0,0.585298034223055,1,0.8023151359150835,1,0.0
0809011922665,S14,UBE 850T-2,1,,Non-Filling,,2026-09-12 15:46:52.736109+00:00,,CR,B,B-1,Top View,Non_filling,0.5750236850082739,1,0.7086578161999094,1,0.6986217224608178,1,0.295880884614926,0,0.4635660821881751,1,0.7294819041084786,1,1.0
0809014322685,S14,UBE 850T-2,1,,"PLC_COMMUNICATION_FAILED_PLC SLMP START_ACK timeout (expected 1,1,2)",,2026-09-12 15:47:49.922873+00:00,,,,,,,0.6480609857388981,1,0.7710067357541509,1,0.785590659955236,1,0.861655784169346,1,0.24880887838298688,0,0.4435484518138447,1,
0809014422686,S14,UBE 850T-2,1,,Face Chattering,,2026-09-12 15:50:02.713349+00:00,,MR,B,B-1,Top View,,0.550885255530658,1,0.2475116832210034,0,0.7775097001416393,1,0.7600361286661921,1,0.714658320616946,1,0.4436445929327937,1,
0827030223538,S14,UBE 850T-2,1,,Black Mark,,2026-09-15 00:24:03.223564+00:00,,CR,S,S-1,Rear,,0.16942213358258068,0,0.2780593689265716,0,0.1774546272457125,0,0.17822229285753055,0,0.2006053229587662,0,0.6319438702165907,1,
0810235624603,S14,UBE 850T-2,1,,Chip-off,,2026-09-12 16:39:23.080885+00:00,,CR,A,A-2,Top View,Chipoff,0.6737938818370849,1,0.7549244838957891,1,0.6139374436433367,1,0.5814016775677335,1,0.24307073000258234,0,0.729325538947967,1,1.0
0811000824612,S14,UBE 850T-2,1,,Non-Filling,,2026-09-12 17:03:44.625412+00:00,,CR,R,R-2,Rear,Non_filling,0.7236298232042029,1,0.27701033441600786,0,0.4689208293946833,1,0.6502986874062984,1,0.2472645538507875,0,0.1749489484700293,0,1.0
0810231824572,S14,UBE 850T-2,1,,Non-Filling,,2026-09-12 17:16:05.684067+00:00,,CR,L,L-1,Left Side,Non_filling,0.7695928268832208,1,0.2790981211551051,0,0.5684572682794706,1,0.8782606485771188,1,0.41965262086257127,1,0.7728683322444674,1,1.0
0810174124317,S14,UBE 850T-2,1,,Bend,,2026-09-12 17:19:20.443118+00:00,,CR,A,A-3,Top View,,0.3694932079841545,0,0.2622559780548276,0,0.5429139319366265,1,0.5972926761881285,1,0.714976780661687,1,0.1659117260716273,0,
0810173824315,S14,UBE 850T-2,1,,Bend,,2026-09-12 17:24:41.064813+00:00,,CR,A,A-3,Top View,,0.8668931793527275,1,0.8533887015353497,1,0.7859460841663691,1,0.18206975637154488,0,0.208228544746975,0,0.30618868078719086,0,
0809162223169,S14,UBE 850T-2,1,,Bend,,2026-09-12 17:25:50.191594+00:00,,CR,A,A-3,Top View,,0.383072489662856,0,0.2558670009119296,0,0.5655726328352697,1,0.5639976117286704,1,0.5818773477779281,1,0.8556177017435173,1,
0809162523172,S14,UBE 850T-2,1,,Non-Filling,,2026-09-12 17:26:02.374910+00:00,,CR,A,A-3,Top View,Non_filling,0.23471297580114664,0,0.23247376620134422,0,0.5197930608084635,1,0.5231893751277525,1,0.7303476748040503,1,0.48680724616640236,1,1.0
0809162423171,S14,UBE 850T-2,1,,Bend,,2026-09-12 17:28:27.902117+00:00,,CR,R,R-1,Rear,,0.3226789431767304,0,0.27671550490989166,0,0.5197733113313938,1,0.38129357063678837,0,0.5817083743858085,1,0.714811122562813,1,
0809164323187,S14,UBE 850T-2,1,,Non-Filling,,2026-09-12 17:31:50.032468+00:00,,CR,A,A-2,Top View,Non_filling,0.5969780449031852,1,0.22893919710368582,0,0.5773327300524081,1,0.2952783314003375,0,0.5828261708302179,1,0.16716567167486848,0,1.0
0809183023271,S14,UBE 850T-2,1,,Non-Filling,,2026-09-12 17:36:37.134217+00:00,,CR,R,R-3,Rear,Non_filling,0.47502502314762635,1,0.7912220130966942,1,0.7965555158284486,1,0.8683210143767548,1,0.5355691576104471,1,0.8019776877643021,1,1.0
0809163023176,S14,UBE 850T-2,1,,Crack,,2026-09-12 17:37:13.681530+00:00,,CR,L,L-1,Left Side,Crack,0.5544533964022548,1,0.7791526098332983,1,0.7448661305602178,1,0.7554429388260511,1,0.7088192368901947,1,0.8009261268123825,1,1.0
0809191223306,S14,UBE 850T-2,1,,Non-Filling,,2026-09-12 17:45:41.905761+00:00,,CR,S,S-2,Rear,Non_filling,0.6920008600582805,1,0.7081528667013072,1,0.7012697476308314,1,0.7900259024683532,1,0.5354257815412595,1,0.7124524958196873,1,1.0
0809185423291,S14,UBE 850T-2,1,,Non-Filling,,2026-09-12 17:47:02.802912+00:00,,CR,R,R-2,Rear,Non_filling,0.798215936811669,1,0.7716964537572514,1,0.7845679541170605,1,0.20875334944687113,0,0.5278777156390616,1,0.7989840141595468,1,1.0
0809164623189,S14,UBE 850T-2,1,,Porosity,,2026-09-13 00:50:31.035829+00:00,,CRAM,C,C-1,Top View,Porosity,0.2851789804799497,0,0.2725271326431956,0,0.5791994558594759,1,0.8657686392085928,1,0.745769646930368,1,0.802792797444848,1,1.0
0809182723269,S14,UBE 850T-2,1,,Porosity,,2026-09-13 00:56:18.057023+00:00,,CRAM,C,C-1,Top View,Porosity,0.756472076162566,1,0.2373566224289198,0,0.45376675029079583,1,0.7242538980219773,1,0.32118934767175567,0,0.712987188193711,1,1.0
0810174724322,S14,UBE 850T-2,1,,Chipoff on M8.0,,2026-09-13 05:12:34.958355+00:00,,CRAM,C,C-1,Top View,Chipoff,0.6244615709768568,1,0.28319617373823214,0,0.5196755988577502,1,0.5625917197910154,1,0.24980028801243948,0,0.6406336797926282,1,1.0
0809162723173,S14,UBE 850T-2,1,,Face Blow Hole,,2026-09-13 05:16:29.098919+00:00,,CRAM,B,B-1,Top View,Blow_Hole,0.5182621468689927,1,0.2728770326561359,0,0.5296506463951093,1,0.5085907054525401,1,0.7132965200750663,1,0.6131054231464581,1,1.0
0810231224567,S14,UBE 850T-2,1,,PLC_COMMUNICATION_FAILED_PLC packet timeout,,2026-09-13 21:24:59.570485+00:00,,,,,,,0.8626078641307408,1,0.3393599080330957,0,0.33373638304764075,0,0.8617263233861411,1,0.25264935296055047,0,0.7296587151864464,1,
0810234524594,S14,UBE 850T-2,1,,PLC_COMMUNICATION_FAILED_PLC packet timeout,,2026-09-13 21:25:20.014949+00:00,,,,,,,0.8590112554514192,1,0.26631327638813795,0,0.5780809592906722,1,0.25525523674693595,0,0.7388443118992022,1,0.138089755193343,0,
0810224024540,S14,UBE 850T-2,1,,Blow Hole M8,,2026-09-13 21:25:36.156364+00:00,,CRAM,E,E-2,Bottom View,Blow_Hole,0.7172300782443409,1,0.24279249904362066,0,0.6042865357526096,1,0.3626352866022197,0,0.738828611623073,1,0.16686933950907581,0,1.0
0810234824597,S14,UBE 850T-2,1,,PLC_COMMUNICATION_FAILED_PLC packet timeout,,2026-09-13 21:25:56.598290+00:00,,,,,,,0.41576803386265265,1,0.24815078165157556,0,0.3896945487814538,0,0.8587490260856202,1,0.6693989314584454,1,0.17649513613196116,0,
0810230024557,S14,UBE 850T-2,1,,PLC_COMMUNICATION_FAILED_PLC circuit open until 2026-08-17T04:34:34.632Z,,2026-09-13 21:26:37.269830+00:00,,,,,,,0.5323509227483956,1,0.8533869443224502,1,0.5628364873240528,1,0.7057841757497569,1,0.2389166313318603,0,0.16872908082012725,0,
0810225524553,S14,UBE 850T-2,1,,PLC_COMMUNICATION_FAILED_PLC packet timeout,,2026-09-13 21:26:57.488334+00:00,,,,,,,0.7863867256134185,1,0.2589405760517967,0,0.4386736477973633,1,0.15313904332441466,0,0.7079979473524882,1,0.17745717806603836,0,
0810230624562,S14,UBE 850T-2,1,,PLC_COMMUNICATION_FAILED_PLC packet timeout,,2026-09-13 21:27:34.070918+00:00,,,,,,,0.5998220352969694,1,0.27873863860523673,0,0.5686187921954152,1,0.86850644550354,1,0.424172243710815,1,0.16380559439398093,0,
0810231324568,S14,UBE 850T-2,1,,PLC_COMMUNICATION_FAILED_PLC packet timeout,,2026-09-13 21:27:54.618817+00:00,,,,,,,0.45130190675685705,1,0.27848280819000876,0,0.5217078347051993,1,0.6713973732300222,1,0.2527623629315938,0,0.7720925525487972,1,
0810230524561,S14,UBE 850T-2,1,,PLC_COMMUNICATION_FAILED_PLC circuit open until 2026-08-17T04:45:03.848Z,,2026-09-13 21:28:14.846387+00:00,,,,,,,0.378892457397769,0,0.23519089140320026,0,0.5816784935691308,1,0.5124355882407046,1,0.5804781294664841,1,0.15425814093288123,0,
0810225224550,S14,UBE 850T-2,1,,PLC_COMMUNICATION_FAILED_PLC packet timeout,,2026-09-13 21:28:35.377076+00:00,,,,,,,0.8605471643690754,1,0.7073735722079014,1,0.37773636789209986,0,0.38352380080054715,0,0.4215301150340782,1,0.15289244485199716,0,
0810230424560,S14,UBE 850T-2,1,,Blow Hole M8,,2026-09-13 21:29:16.004976+00:00,,CRAM,B,B-1,Top View,Blow_Hole,0.6985665755455644,1,0.23723096771112534,0,0.3233602212019432,0,0.806035495604096,1,0.7358519301188862,1,0.7974574074319621,1,1.0
0810225424552,S14,UBE 850T-2,1,,PLC_COMMUNICATION_FAILED_PLC circuit open until 2026-08-17T04:52:02.454Z,,2026-09-13 21:29:36.228960+00:00,,,,,,,0.3708905115980725,0,0.2388707149514038,0,0.47909237956489226,1,0.8363415852213645,1,0.5351388302331854,1,0.6167400673778531,1,
0810232324576,S14,UBE 850T-2,1,,PLC_COMMUNICATION_FAILED_PLC circuit open until 2026-08-17T04:47:52.228Z,,2026-09-13 21:29:56.758775+00:00,,,,,,,0.4512469186938146,1,0.2526494206548904,0,0.4889580517055069,1,0.5249645641768728,1,0.42147613958633323,1,0.6318182394340951,1,
0810231124566,S14,UBE 850T-2,1,,PLC_COMMUNICATION_FAILED_PLC circuit open until 2026-08-17T04:43:15.134Z,,2026-09-13 21:30:17.003433+00:00,,,,,,,0.5314200324346947,1,0.259862657814674,0,0.5217035564551362,1,0.4274996121661304,1,0.707464504876544,1,0.5125518184702587,1,
0810225824555,S14,UBE 850T-2,1,,PLC_COMMUNICATION_FAILED_PLC circuit open until 2026-08-17T04:32:04.254Z,,2026-09-13 21:30:37.544462+00:00,,,,,,,0.5776836701965764,1,0.29089063988900965,0,0.4254651168888708,1,0.362831029146087,0,0.7323908052815066,1,0.31198698083212534,0,
0810230124558,S14,UBE 850T-2,1,,PLC_COMMUNICATION_FAILED_PLC circuit open until 2026-08-17T04:19:18.063Z,,2026-09-13 21:30:57.769867+00:00,,,,,,,0.38589298835860575,0,0.26019078711871885,0,0.5781935448790614,1,0.7369298209366664,1,0.24935316501776328,0,0.802432567664839,1,
0810224424544,S14,UBE 850T-2,1,,PLC_COMMUNICATION_FAILED_PLC circuit open until 2026-08-17T04:41:43.602Z,,2026-09-13 21:31:18.299492+00:00,,,,,,,0.5505504968240731,1,0.2528657238835718,0,0.5781630464464877,1,0.755402225459786,1,0.27850579050205726,0,0.7129383203354144,1,
0810011823592,S14,UBE 850T-2,1,,PLC_COMMUNICATION_FAILED_PLC packet timeout,,2026-09-13 21:33:31.362113+00:00,,,,,,,0.3858798077374343,0,0.3448178922129143,0,0.7876650431797639,1,0.5109171062085792,1,0.4191311594200261,1,0.7149130947671151,1,
0810235224600,S14,UBE 850T-2,1,,Face Blow Hole,,2026-09-13 21:33:47.509757+00:00,,CRAM,B,B-1,Top View,Blow_Hole,0.3741214794204021,0,0.24925838042595688,0,0.5266990737191051,1,0.8396858215582468,1,0.4193891266927432,1,0.864805523053063,1,0.0
0810114224083,S14,UBE 850T-2,1,,Non-Filling,,2026-09-12 17:57:05.492786+00:00,,CR,K,K-1,Left Side,Non_filling,0.7863848990191536,1,0.7058869915405391,1,0.8117349566311087,1,0.1491001278509621,0,0.7075505255771491,1,0.17654994055074025,0,1.0
0809200323331,S14,UBE 850T-2,1,,Bend,,2026-09-12 17:58:18.200005+00:00,,CR,A,A-3,Top View,,0.5772799702223254,1,0.8305987540383201,1,0.784003540998901,1,0.6712943836323277,1,0.2518967252628917,0,0.7132785264689233,1,
0809194923319,S14,UBE 850T-2,1,,Bend,,2026-09-12 18:03:24.602928+00:00,,CR,A,A-2,Top View,,0.16274524888751513,0,0.2098604876970166,0,0.42495649449021466,1,0.3813584864808628,0,0.7484370935207088,1,0.7662547902374612,1,
0809195623325,S14,UBE 850T-2,1,,Bend,,2026-09-12 18:05:26.078424+00:00,,CR,C,C-1,Top View,,0.2730217186973739,0,0.7079721669010176,1,0.5296312272535085,1,0.867273146808309,1,0.7393332159014804,1,0.6166429760259217,1,
0809224023461,S14,UBE 850T-2,1,,Non-Filling,,2026-09-12 18:05:38.559188+00:00,,CR,G,G-1,Bottom View,Non_filling,0.5743358080390591,1,0.7672942093218863,1,0.7775312864742324,1,0.29616392780152645,0,0.528088648325781,1,0.3701749561602296,0,1.0
0809204823368,S14,UBE 850T-2,1,,Non-Filling,,2026-09-12 18:08:44.062797+00:00,,CR,R,R-3,Rear,Non_filling,0.7274688317698514,1,0.7084298636565557,1,0.6674788944908723,1,0.14960963641704267,0,0.4194436545114876,1,0.8488024553773652,1,1.0
0809214923419,S14,UBE 850T-2,1,,Chip-off,,2026-09-12 18:10:33.204310+00:00,,CR,O,O-2,Front,Chipoff,0.7233338856037269,1,0.2738403126387454,0,0.613979082106761,1,0.35089788977798075,0,0.7450454185853691,1,0.444644370135855,1,1.0
0809180823253,S14,UBE 850T-2,1,,Non-Filling,,2026-09-12 18:11:01.901137+00:00,,CR,R,R-2,Rear,Non_filling,0.5577982911446826,1,0.33944265203755963,0,0.7958919703210097,1,0.8484488316494954,1,0.5299495037935119,1,0.1628157874636127,0,1.0
0810110624053,S14,UBE 850T-2,1,,Dent,,2026-09-12 18:11:14.070209+00:00,,CR,D,D-4,Top View,,0.17291447927894565,0,0.21284497332357274,0,0.499649573067201,1,0.8082456697612893,1,0.5742710514762716,1,0.8590491116935223,1,
0810162124290,S14,UBE 850T-2,1,,Dent,,2026-09-12 18:17:17.445898+00:00,,CR,R,R-2,Rear,,0.6095747417121875,1,0.27749671421019295,0,0.7829217882853918,1,0.6897043270239553,1,0.4207101356535679,1,0.42603740002959417,1,
0810164024306,S14,UBE 850T-2,1,,Non-Filling,,2026-09-12 18:18:38.341458+00:00,,CR,R,R-2,Rear,Non_filling,0.5948877217815505,1,0.27160533194622855,0,0.7858054285177705,1,0.7066067534714346,1,0.5280751276824653,1,0.7835558498528551,1,1.0
0810162624294,S14,UBE 850T-2,1,,Dent,,2026-09-12 18:19:30.938615+00:00,,CR,O,O-2,Front,,0.5948369316323685,1,0.25370188119990456,0,0.46937597814853177,1,0.8664053832090398,1,0.5355084618906664,1,0.7815153318775618,1,
0810013023602,S14,UBE 850T-2,1,,Non-Filling,,2026-09-12 18:21:57.178445+00:00,,CR,S,S-2,Rear,Non_filling,0.5000494590766142,1,0.7842300570849505,1,0.7495315700633094,1,0.7347244938167111,1,0.7499530708853114,1,0.6130354986637705,1,1.0
0810014523615,S14,UBE 850T-2,1,,Non-Filling,,2026-09-12 18:22:09.359143+00:00,,CR,S,S-2,Rear,Non_filling,0.7687180128971967,1,0.70909625424727,1,0.8123979375247273,1,0.5109371937060886,1,0.7093752223346985,1,0.7608651537658122,1,1.0
0810021723641,S14,UBE 850T-2,1,,Non-Filling,,2026-09-12 18:22:29.854241+00:00,,CR,S,S-2,Rear,Non_filling,0.8614516191205496,1,0.7615576417025023,1,0.7523248404384903,1,0.1918408936397267,0,0.7493967726833758,1,0.13927154311935494,0,1.0
0810021123636,S14,UBE 850T-2,1,,Non-Filling,,2026-09-12 18:22:42.042030+00:00,,CR,L,L-1,Left Side,Non_filling,0.3748935584186772,0,0.8015008198344468,1,0.7938731440549072,1,0.8927798469377055,1,0.4078125136180764,1,0.16042989940743949,0,1.0
0810025923675,S14,UBE 850T-2,1,,Non-Filling,,2026-09-12 18:22:54.211109+00:00,,CR,S,S-2,Rear,Non_filling,0.27314618575586186,0,0.27907893626627556,0,0.7132574224720356,1,0.6905352464318232,1,0.5345127987207119,1,0.8607845971139206,1,1.0
0810132724155,S14,UBE 850T-2,1,,Non-Filling,,2026-09-12 18:31:39.978549+00:00,,CR,B,B-1,Top View,Non_filling,0.49492882302548846,1,0.22906831254040894,0,0.8082004493314281,1,0.8646721763132494,1,0.2518844185209689,0,0.786846011092135,1,1.0
0810142424198,S14,UBE 850T-2,1,,Non-Filling,,2026-09-12 18:33:41.916577+00:00,,CR,K,K-1,Left Side,Non_filling,0.2823376798042636,0,0.23271943665422645,0,0.8123269887765237,1,0.5116321104455058,1,0.6879584476909479,1,0.820152134303868,1,1.0
0810032723698,S14,UBE 850T-2,1,,Non-Filling,,2026-09-12 18:37:37.962479+00:00,,CR,S,S-2,Rear,Non_filling,0.3693726681894906,0,0.7541655525300313,1,0.6374998403888356,1,0.16491096293534174,0,0.4182264066245671,1,0.7116860048156144,1,1.0
0810013823609,S14,UBE 850T-2,1,,Non-Filling,,2026-09-12 18:43:46.971150+00:00,,CR,S,S-2,Rear,Non_filling,0.7657279250537692,1,0.7894612257118077,1,0.7959237704353228,1,0.5108406220799737,1,0.7359810028329482,1,0.1741100272676392,0,1.0
0809200223330,S14,UBE 850T-2,1,,Non-Filling,,2026-09-12 19:05:24.639898+00:00,,CR,A,A-3,Top View,Non_filling,0.6477250729135188,1,0.24274657049411869,0,0.7041775922885534,1,0.4246569192744976,1,0.6644509368022282,1,0.7838225242030262,1,1.0
0810050023775,S14,UBE 850T-2,1,,"PLC_COMMUNICATION_FAILED_PLC SLMP START_ACK timeout (expected 1,1,2)",,2026-09-12 19:05:45.207462+00:00,,,,,,,0.27550499984885946,0,0.7066117484588703,1,0.7134107613082574,1,0.9180848088965707,1,0.38216830300342985,0,0.8731971971803933,1,
0809195523324,S14,UBE 850T-2,1,,Non-Filling,,2026-09-12 19:35:39.387194+00:00,,CR,A,A-1,Top View,Non_filling,0.29370628214605,0,0.74879361660067,1,0.7946901145619838,1,0.5638703797915444,1,0.7327008206339822,1,0.7115287997127075,1,1.0
0809055022873,S14,UBE 850T-2,1,,Non-Filling,,2026-09-12 19:52:06.708739+00:00,,CR,L,L-1,Left Side,Non_filling,0.868243794912222,1,0.7586808772966346,1,0.7175910399510899,1,0.15354990086995854,0,0.2772075235466981,0,0.3063321757041924,0,1.0
0811161625326,S14,UBE 850T-2,1,,Non-Filling,,2026-09-12 20:56:33.125619+00:00,,CR,A,A-4,Top View,Non_filling,0.6477356820419458,1,0.23213453355902947,0,0.6089185118805273,1,0.45163313319764264,1,0.6702652607962283,1,0.7767816327799997,1,1.0
0811162325332,S14,UBE 850T-2,1,,Non-Filling,,2026-09-12 20:56:45.690341+00:00,,CR,D,D-2,Top View,Non_filling,0.5947567428273178,1,0.28246501624162196,0,0.42183046008815667,1,0.7612659810979027,1,0.41933733967453923,1,0.2320926042138728,0,1.0
0811162025330,S14,UBE 850T-2,1,,Dent,,2026-09-12 21:17:08.699025+00:00,,CR,K,K-1,Left Side,,0.5026191415343833,1,0.2556862248720767,0,0.44006504414796377,1,0.3830503711739666,0,0.25014558953752675,0,0.7654856914474514,1,
0810112524069,S14,UBE 850T-2,1,,Blow Hole M8,,2026-09-14 06:30:38.582616+00:00,,CRAM,B,B-1,Top View,Blow_Hole,0.7561351050144438,1,0.23034550663681833,0,0.45373677864900896,1,0.4678685966017657,1,0.6955289135524293,1,0.7990849631642654,1,1.0
0810155224266,S14,UBE 850T-2,1,,Bend,,2026-09-12 22:08:44.871957+00:00,,CR,R,R-2,Rear,,0.678026804641407,1,0.25973777187755687,0,0.3551725328739932,0,0.3156543676840849,0,0.7481194106174529,1,0.7841389368386126,1,
0810112024065,S14,UBE 850T-2,1,,Blow Hole M8,,2026-09-12 22:12:11.945815+00:00,,CRAM,B,B-1,Top View,Blow_Hole,0.5047985766429784,1,0.7503123395082925,1,0.5628431315082484,1,0.2686225906010999,0,0.27881853287247094,0,0.46611947773460427,1,1.0
0810091323959,S14,UBE 850T-2,1,,Face Blow Hole,,2026-09-12 22:15:10.823381+00:00,,CRAM,B,B-1,Top View,Blow_Hole,0.7658523903965664,1,0.7499132205064075,1,0.7856506259670025,1,0.5106244577723927,1,0.2527308470665037,0,0.7767199887539528,1,1.0
0810112424068,S14,UBE 850T-2,1,,Non-Filling,,2026-09-12 22:17:04.652306+00:00,,CR,E,E-2,Bottom View,Non_filling,0.6189017573754797,1,0.2578117344580198,0,0.7074254564297595,1,0.18307486351461583,0,0.4756907781490861,1,0.24158787040139895,0,1.0
0811014324688,S14,UBE 850T-2,1,,Non-Filling,,2026-09-12 23:01:05.899855+00:00,,CR,H,H-1,Bottom View,Non_filling,0.6400423733784275,1,0.27142682185654,0,0.4423783456128236,1,0.5905118379108436,1,0.7075285746173645,1,0.15544647509337076,0,1.0
0811050624855,S14,UBE 850T-2,1,,Bend,,2026-09-12 23:33:54.780858+00:00,,CR,A,A-2,Top View,,0.6669263582593109,1,0.23946848150324068,0,0.42031149405913726,1,0.8663668162767457,1,0.694933752149425,1,0.7971844618018703,1,
0810201524445,S14,UBE 850T-2,1,,Porosity,,2026-09-13 00:13:20.001490+00:00,,CRAM,B,B-1,Top View,Porosity,0.2389283369064203,0,0.2184098761026439,0,0.6088752494369853,1,0.8924796393471877,1,0.7287352193242109,1,0.6898861883516932,1,1.0
0810194724422,S14,UBE 850T-2,1,,Face Blow Hole,,2026-09-13 00:22:51.070494+00:00,,CRAM,B,B-1,Top View,Blow_Hole,0.5026925256950989,1,0.8533891502059365,1,0.8038320417330134,1,0.7614021681463294,1,0.24230506899230086,0,0.6320289625769758,1,1.0
0811002224623,S14,UBE 850T-2,1,,Porosity,,2026-09-13 00:45:00.169312+00:00,,CRAM,H,H-2,Bottom View,Porosity,0.5798541051674735,1,0.26601598276825483,0,0.547543446025105,1,0.8674055933065887,1,0.7353602415742806,1,0.15430410944026496,0,1.0
0810195624429,S14,UBE 850T-2,1,,"PLC_COMMUNICATION_FAILED_PLC SLMP START_ACK timeout (expected 1,1,2)",,2026-09-13 00:49:06.285556+00:00,,,,,,,0.8618773177801685,1,0.2824848220452243,0,0.3561802778068167,0,0.1834932032722041,0,0.6957241714986655,1,0.30686368832940775,0,
0810124624136,S14,UBE 850T-2,1,,"PLC_COMMUNICATION_FAILED_PLC SLMP START_ACK timeout (expected 1,1,2)",,2026-09-13 00:58:10.102327+00:00,,,,,,,0.6480665220736764,1,0.2814691262768446,0,0.6279469466504342,1,0.42524930161472857,1,0.6703006509330733,1,0.7124012758778144,1,
0810124024131,S14,UBE 850T-2,1,,Face Blow Hole,,2026-09-13 00:58:26.282198+00:00,,CRAM,H,H-3,Bottom View,Blow_Hole,0.7974850298499763,1,0.27324934040124516,0,0.6797012346868354,1,0.3975807068538922,0,0.5350603256866168,1,0.707768205138578,1,1.0
0810125824146,S14,UBE 850T-2,1,,Non-Filling,,2026-09-13 00:59:55.380904+00:00,,CR,A,A-4,Top View,Non_filling,0.7625883680868557,1,0.2392961058944963,0,0.5630315279661234,1,0.14899320254126486,0,0.7363622655511767,1,0.1643310339237665,0,1.0
0809212123396,S14,UBE 850T-2,1,,Porosity,,2026-09-13 01:04:25.551286+00:00,,CRAM,H,H-1,Bottom View,Porosity,0.38587428274754093,0,0.2792282298655732,0,0.6878013079037155,1,0.5906297682220147,1,0.7398798311387649,1,0.7089982665372876,1,1.0
0809221923444,S14,UBE 850T-2,1,,Porosity,,2026-09-13 01:08:32.323890+00:00,,CRAM,C,C-1,Top View,Porosity,0.8593439590203371,1,0.7573277207576818,1,0.4963398441694306,1,0.46762453428641415,1,0.5935601150313272,1,0.8026769187801749,1,1.0
0812083626008,S14,UBE 850T-2,1,,Dent,,2026-09-13 01:50:37.912180+00:00,,CR,C,C-1,Top View,,0.8661916006423724,1,0.4498208247764224,1,0.4909657085995643,1,0.5637898613050748,1,0.421597990108238,1,0.30707879299676827,0,
0812093226052,S14,UBE 850T-2,1,,Non-Filling,,2026-09-13 01:57:25.076733+00:00,,CR,S,S-2,Rear,Non_filling,0.7951949398317684,1,0.706997902350601,1,0.3668376000956469,0,0.7347951254287652,1,0.18967294968255166,0,0.7149161664225099,1,0.0
0811192825469,S14,UBE 850T-2,1,,Non-Filling,,2026-09-13 02:05:35.670631+00:00,,CR,L,L-1,Left Side,Non_filling,0.3329509452725578,0,0.7138929995423671,1,0.4248874550188345,1,0.8834297692350286,1,0.5350841167579193,1,0.8680531947090293,1,1.0
0812185526486,S14,UBE 850T-2,1,,Dent,,2026-09-13 02:13:40.023627+00:00,,CR,K,K-1,Left Side,,0.608631779110309,1,0.7541481544477001,1,0.42489502967768145,1,0.6980490743506811,1,0.7303744982390925,1,0.7651305227733278,1,
0812175126432,S14,UBE 850T-2,1,,Non-Filling,,2026-09-13 02:17:43.888610+00:00,,CR,L,L-1,Left Side,Non_filling,0.8734919534078749,1,0.25018107150134544,0,0.49951261336351127,1,0.19125669402083745,0,0.7442556735321831,1,0.13852702204806888,0,1.0
0811143425242,S14,UBE 850T-2,1,,"PLC_COMMUNICATION_FAILED_PLC SLMP START_ACK timeout (expected 1,1,2)",,2026-09-13 04:07:23.376867+00:00,,,,,,,0.6947318433447847,1,0.7085868682871387,1,0.41885560349067635,1,0.35036388934633905,0,0.7084069160167246,1,0.7726173272768991,1,
0811083424971,S14,UBE 850T-2,1,,Porosity,,2026-09-13 04:25:51.435129+00:00,,CRAM,K,K-1,Left Side,Porosity,0.5839074399540305,1,0.7545713065561184,1,0.3765902045511767,0,0.5244832910071618,1,0.25835940149914827,0,0.7820235563404064,1,1.0
0810102524019,S14,UBE 850T-2,1,,Dent,,2026-09-13 04:29:54.629942+00:00,,MR,G,G-1,Bottom View,,0.8641442461787919,1,0.2902156967858077,0,0.7910992165268897,1,0.29640834387673787,0,0.7362677666711158,1,0.14410535513428815,0,
0812182326459,S14,UBE 850T-2,1,,Chipoff on M8.0,,2026-09-13 07:41:55.042160+00:00,,CRAM,D,D-5,Top View,Chipoff,0.69845639449584,1,0.7113174785364065,1,0.5254226077890127,1,0.7599358991552054,1,0.7380835647631805,1,0.45423968511291074,1,1.0
0812134026235,S14,UBE 850T-2,1,,Face Blow Hole,,2026-09-13 07:54:48.796703+00:00,,CRAM,C,C-1,Top View,Blow_Hole,0.6322014382099658,1,0.26955088497339474,0,0.54470764753066,1,0.6786055386200515,1,0.7087971038388539,1,0.8240976367522664,1,1.0
0811153425292,S14,UBE 850T-2,1,,Face Blow Hole,,2026-09-13 11:56:46.824659+00:00,,CRAM,C,C-1,Top View,Blow_Hole,0.6133675263983074,1,0.26615996840754624,0,0.6449086135704286,1,0.6708256357344191,1,0.24404589197522614,0,0.7865888171254339,1,1.0
0811152625285,S14,UBE 850T-2,1,,Chipoff on M8.0,,2026-09-13 11:57:19.412765+00:00,,CRAM,C,C-1,Top View,Chipoff,0.6480333512182557,1,0.23581590556362328,0,0.5816601271692421,1,0.3507010599930381,0,0.6691341906243965,1,0.787003479732422,1,1.0
0811160125314,S14,UBE 850T-2,1,,Chipoff on M8.0,,2026-09-13 17:20:52.855291+00:00,,CRAM,E,E-2,Bottom View,Chipoff,0.7636961357264432,1,0.2531012311757083,0,0.4622830948814324,1,0.8060226973305868,1,0.7389541725967376,1,0.7877626358731092,1,1.0
0811045424845,S14,UBE 850T-2,1,,Black Mark,,2026-09-14 01:28:06.820455+00:00,,CRAM,Q,Q-1,Rear,,0.48085449307089767,1,0.25864451579142184,0,0.7850814140394542,1,0.6721377336523362,1,0.21211558337470887,0,0.8486354683531746,1,
0809190023296,S14,UBE 850T-2,1,,Blow Hole M8,,2026-09-14 01:33:22.685786+00:00,,CRAM,B,B-1,Top View,Blow_Hole,0.7245621860245632,1,0.7823692314779183,1,0.5088698967868915,1,0.2957335747365738,0,0.7014857854629989,1,0.7654291868813559,1,1.0
0809171923217,S14,UBE 850T-2,1,,Face Blow Hole,,2026-09-14 01:36:04.730811+00:00,,CRAM,B,B-1,Top View,Blow_Hole,0.7236167659381001,1,0.7469036259526591,1,0.6494830411784702,1,0.5976125008232653,1,0.7166577264045009,1,0.5125708305606833,1,1.0
0809181723260,S14,UBE 850T-2,1,,Face Blow Hole,,2026-09-14 01:36:45.541555+00:00,,CRAM,B,B-1,Top View,Blow_Hole,0.6828514612316495,1,0.7843361594725453,1,0.7019984535213228,1,0.36282723965815533,0,0.726590029084332,1,0.16009511366992107,0,1.0
0809173023226,S14,UBE 850T-2,1,,Blow Hole M8,,2026-09-14 01:38:06.986370+00:00,,CRAM,B,B-1,Top View,Blow_Hole,0.5901553532025416,1,0.7722707107610068,1,0.778010947401887,1,0.512527498645962,1,0.7361517894237943,1,0.16765134513006402,0,1.0
0809170323203,S14,UBE 850T-2,1,,Chipoff on Dia 8.0,,2026-09-14 01:38:47.783170+00:00,,MR,B,B-1,Top View,Chipoff,0.717571473205022,1,0.7683061464821616,1,0.49891085389606155,1,0.5810824041873712,1,0.7447745579306708,1,0.48230913608404186,1,1.0
0811080024943,S14,UBE 850T-2,1,,Blow Hole M8,,2026-09-14 03:29:50.640224+00:00,,CRAM,E,E-3,Bottom View,Blow_Hole,0.5643299500246235,1,0.25072305218038976,0,0.5262248159430836,1,0.7564945297019494,1,0.25002929830284454,0,0.7394235633771172,1,1.0
0811050524854,S14,UBE 850T-2,1,,PLC_COMMUNICATION_FAILED_PLC packet timeout,,2026-09-14 03:54:08.797558+00:00,,,,,,,0.6828956916350442,1,0.7069565135100694,1,0.4522445006926242,1,0.6927348179470633,1,0.4182513786332266,1,0.1781270709218744,0,
0811035024793,S14,UBE 850T-2,1,,Blow Hole M8,,2026-09-14 03:55:13.454555+00:00,,CRAM,B,B-1,Top View,Blow_Hole,0.31750333477159265,0,0.26074180035753786,0,0.6088516092129964,1,0.8812053438841829,1,0.24990617492870182,0,0.8596865672275277,1,0.0
0812135526248,S14,UBE 850T-2,1,,Non-Filling,,2026-09-13 02:46:11.960282+00:00,,CR,K,K-1,Left Side,Non_filling,0.6094698022189265,1,0.3015908736229189,0,0.3857794793702456,0,0.6324445516654409,1,0.5273348504990752,1,0.8203970789152798,1,0.0
0812102326088,S14,UBE 850T-2,1,,Dent,,2026-09-13 03:10:13.304670+00:00,,CR,D,D-4,Top View,,0.7767385408711642,1,0.272660498672548,0,0.33380097498142536,0,0.8661561066400894,1,0.24978826912568836,0,0.6083108534147448,1,
0812054625918,S14,UBE 850T-2,1,,Dent,,2026-09-13 03:17:12.293025+00:00,,CR,A,A-3,Top View,,0.3023731464722208,0,0.2560272744245804,0,0.6090699606046989,1,0.8902680238489669,1,0.7502314087455455,1,0.8658325334117769,1,
0811232425655,S14,UBE 850T-2,1,,PLC_COMMUNICATION_FAILED_PLC packet timeout,,2026-09-13 03:29:45.505549+00:00,,,,,,,0.7154564830771273,1,0.7086815752754183,1,0.3213694548304887,0,0.350815668938053,0,0.5635859436995827,1,0.44418407080767947,1,
0812021525745,S14,UBE 850T-2,1,,PLC_COMMUNICATION_FAILED_PLC packet timeout,,2026-09-13 03:36:57.400344+00:00,,,,,,,0.498644926948969,1,0.25029926840630556,0,0.48846527865967737,1,0.5646089805248953,1,0.6945056058635574,1,0.1611103256633638,0,
0812021925748,S14,UBE 850T-2,1,,PLC_COMMUNICATION_FAILED_PLC packet timeout,,2026-09-13 03:37:34.710859+00:00,,,,,,,0.6949131619208249,1,0.7271975265611179,1,0.38963013281519243,0,0.7108447920867131,1,0.2056720407200954,0,0.8716117333443898,1,
0812020525736,S14,UBE 850T-2,1,,Bend,,2026-09-13 03:39:52.696703+00:00,,CR,O,O-1,Front,,0.3812321708190255,0,0.2460949362665224,0,0.6133790807002137,1,0.8784384067471838,1,0.7483774459739396,1,0.8619440931907808,1,
0812024125766,S14,UBE 850T-2,1,,PLC_COMMUNICATION_FAILED_PLC packet timeout,,2026-09-13 03:40:56.165443+00:00,,,,,,,0.3527372229270906,0,0.23822980221091183,0,0.3337636590887828,0,0.8388409298940164,1,0.7167940229933574,1,0.7610478642088662,1,
0812014825722,S14,UBE 850T-2,1,,PLC_COMMUNICATION_FAILED_PLC circuit open until 2026-08-12T13:40:00.121Z,,2026-09-13 03:41:14.726259+00:00,,,,,,,0.727624806137662,1,0.6618006319122623,1,0.35560498982696026,0,0.7367096090971512,1,0.24750663978442639,0,0.6318108518660063,1,
0812031125791,S14,UBE 850T-2,1,,PLC_COMMUNICATION_FAILED_PLC packet timeout,,2026-09-13 03:42:03.309203+00:00,,,,,,,0.2878258915763731,0,0.720102653601181,1,0.5348326918934518,1,0.8594622215377478,1,0.5748615285368226,1,0.48017653228433566,1,
0812001425677,S14,UBE 850T-2,1,,PLC_COMMUNICATION_FAILED_PLC circuit open until 2026-08-12T13:35:40.316Z,,2026-09-13 03:44:32.479541+00:00,,,,,,,0.523475352687807,1,0.2754343440490885,0,0.437257952689993,1,0.38785319094589205,0,0.27829296692813765,0,0.16731112246850097,0,
0812001025674,S14,UBE 850T-2,1,,PLC_COMMUNICATION_FAILED_PLC circuit open until 2026-08-12T13:51:17.821Z,,2026-09-13 03:46:39.056557+00:00,,,,,,,0.3792807110569316,0,0.2627946206912165,0,0.323299331284577,0,0.6793213702082918,1,0.24967494561415615,0,0.7085391995277012,1,
0811075924942,S14,UBE 850T-2,1,,Shrinkage,,2026-09-13 04:26:07.589571+00:00,,CRAM,C,C-1,Top View,Shrinkage,0.5684587378358743,1,0.26269440865454097,0,0.49007805007860283,1,0.6973893290719909,1,0.23594982708246917,0,0.784216513520884,1,0.0
0812235326654,S14,UBE 850T-2,1,,Non-Filling,,2026-09-13 05:35:24.077552+00:00,,CR,A,A-4,Top View,Non_filling,0.17772385632871568,0,0.8219428440175692,1,0.4628768751383891,1,0.705803443907193,1,0.7132776374617482,1,0.7713603259755611,1,1.0
0813080426825,S14,UBE 850T-2,1,,Non-Filling,,2026-09-13 05:56:37.902781+00:00,,CR,A,A-4,Top View,Non_filling,0.7175035631254328,1,0.7428699444095369,1,0.6471778164261046,1,0.1616657766646413,0,0.741365032748613,1,0.8599344668775661,1,1.0
0812200026540,S14,UBE 850T-2,1,,Non-Filling,,2026-09-13 06:09:04.141895+00:00,,CR,L,L-1,Left Side,Non_filling,0.5706922727710851,1,0.2642622141505041,0,0.5387344264712882,1,0.3681704921410496,0,0.6852466369200421,1,0.3054020576075107,0,1.0
0812191526503,S14,UBE 850T-2,1,,Non-Filling,,2026-09-13 06:10:04.508226+00:00,,CR,L,L-1,Left Side,Non_filling,0.8603571528977915,1,0.2951319895534189,0,0.713143283057301,1,0.30131462436504247,0,0.5807464141769021,1,0.14057980945587112,0,1.0
0812122326187,S14,UBE 850T-2,1,,Non-Filling,,2026-09-13 06:21:02.607424+00:00,,CR,L,L-1,Left Side,Non_filling,0.668599371392714,1,0.24365581214080678,0,0.5266125920635597,1,0.8391602413556036,1,0.42044160847910905,1,0.5775009490025982,1,1.0
0812163026373,S14,UBE 850T-2,1,,Non-Filling,,2026-09-13 06:24:20.390719+00:00,,CR,K,K-1,Left Side,Non_filling,0.8775453225675329,1,0.24983451470943294,0,0.6877309373198273,1,0.29971519069641545,0,0.42187558161714744,1,0.12319528598120427,0,1.0
0810214624519,S14,UBE 850T-2,1,,Non-Filling,,2026-09-13 06:27:50.911331+00:00,,CR,L,L-1,Left Side,Non_filling,0.6780785244781501,1,0.2676028161651024,0,0.5402194839586418,1,0.8211327497696281,1,0.2776753942535566,0,0.8549599300105932,1,1.0
0812161426360,S14,UBE 850T-2,1,,Bend,,2026-09-13 06:31:56.708309+00:00,,CR,K,K-1,Left Side,,0.8600590113825924,1,0.2574923447106859,0,0.5446943007996112,1,0.3974298341299114,0,0.7117073757077388,1,0.14353654232816662,0,
0811124025152,S14,UBE 850T-2,1,,Chipoff on M8.0,,2026-09-13 06:34:34.039612+00:00,,CRAM,A,A-2,Top View,Chipoff,0.21559182281395767,0,0.705159142188038,1,0.44925689229358884,1,0.8754671910433232,1,0.21368924414442506,0,0.8872932271847742,1,1.0
0811095725040,S14,UBE 850T-2,1,,Dent,,2026-09-13 06:36:43.060624+00:00,,CR,O,O-2,Front,,0.7698331893907049,1,0.28243743423094664,0,0.6077327634703469,1,0.5090490069711818,1,0.423959682054892,1,0.8614419395711196,1,
0812153926333,S14,UBE 850T-2,1,,Non-Filling,,2026-09-13 06:46:40.768757+00:00,,CR,L,L-1,Left Side,Non_filling,0.7608459322520679,1,0.2526987637610842,0,0.551453314202047,1,0.8059765739924036,1,0.24874664618184011,0,0.16090318789661923,0,1.0
0812130626207,S14,UBE 850T-2,1,,Shrinkage,,2026-09-13 07:56:55.102240+00:00,,CRAM,C,C-1,Top View,Shrinkage,0.3759084067614798,0,0.26226738420532003,0,0.5315123271911452,1,0.7597842155932097,1,0.2768889735176956,0,0.8239019805937725,1,0.0
0812030425785,S14,UBE 850T-2,1,,Face Blow Hole,,2026-09-13 08:05:24.839435+00:00,,CRAM,C,C-1,Top View,Blow_Hole,0.6116639831515898,1,0.2618254202289752,0,0.5773703825326432,1,0.6895089511301682,1,0.25191564758870477,0,0.7121856387789535,1,1.0
0814152227824,S14,UBE 850T-2,1,,Dent,,2026-09-13 08:51:17.375347+00:00,,CR,A,A-1,Top View,,0.9148070281775051,1,0.8533906533671792,1,0.4151602639263268,1,0.1638419088556331,0,0.7992211916334768,1,0.06215424078568547,0,
0814142527798,S14,UBE 850T-2,1,,Non-Filling,,2026-09-13 08:52:54.812238+00:00,,CR,L,L-1,Left Side,Non_filling,0.47931775075020494,1,0.7098840566423288,1,0.3443189959590269,0,0.8963348178775967,1,0.7089012618379356,1,0.7805322401702819,1,0.0
0814133927759,S14,UBE 850T-2,1,,Non-Filling,,2026-09-13 08:58:31.311760+00:00,,CR,I,I-1,Left Side,Non_filling,0.37584659704777246,0,0.7126116021965446,1,0.5590999579208876,1,0.8805495118543579,1,0.7138083009508283,1,0.7831195473233442,1,1.0
0814132327745,S14,UBE 850T-2,1,,Non-Filling,,2026-09-13 09:01:00.739431+00:00,,CR,P,P-2,Front,Non_filling,0.3791855332413505,0,0.7649994178705737,1,0.3566174576201898,0,0.4275169383869699,1,0.574740942585658,1,0.1567942282357799,0,0.0
0814121627689,S14,UBE 850T-2,1,,Dent,,2026-09-13 09:28:53.343894+00:00,,CR,A,A-3,Top View,,0.439602970628242,1,0.7682844203707888,1,0.39502538185133274,0,0.8937148172784573,1,0.7498367926599716,1,0.7079235037960444,1,
0814130527730,S14,UBE 850T-2,1,,Non-Filling,,2026-09-13 09:29:05.829994+00:00,,CR,M,M-2,Right Side,Non_filling,0.4741156747080768,1,0.7781636303471975,1,0.5232780212921672,1,0.8680127901292067,1,0.7473676377418219,1,0.3062065736605078,0,1.0
0814094327589,S14,UBE 850T-2,1,,Non-Filling,,2026-09-13 09:39:07.703265+00:00,,CR,K,K-1,Left Side,Non_filling,0.37130050673250226,0,0.7552492845218879,1,0.46612512445832527,1,0.44245670774263846,1,0.7310674535376571,1,0.17586568185323065,0,1.0
0814101527616,S14,UBE 850T-2,1,,Non-Filling,,2026-09-13 09:40:00.951810+00:00,,CR,L,L-1,Left Side,Non_filling,0.4948250307656037,1,0.7741700664002994,1,0.5447208778861061,1,0.7061977798691703,1,0.7008327381379948,1,0.15858515366089226,0,1.0
0813015426748,S14,UBE 850T-2,1,,Porosity,,2026-09-13 11:15:07.086839+00:00,,CRAM,E,E-2,Bottom View,Porosity,0.8609855277060046,1,0.25741313522164844,0,0.3915542539566258,0,0.7596459320270347,1,0.5350692208576082,1,0.8199754253529319,1,1.0
0813020826760,S14,UBE 850T-2,1,,Shrinkage,,2026-09-13 11:15:23.364183+00:00,,CRAM,C,C-1,Top View,Shrinkage,0.4156366897973786,1,0.2421611128982512,0,0.6544449335107092,1,0.5904900534113052,1,0.6687994374994503,1,0.3692275623241418,0,1.0
0813073626802,S14,UBE 850T-2,1,,Chipoff on M8.0,,2026-09-13 11:16:44.837417+00:00,,CRAM,E,E-2,Bottom View,Chipoff,0.5160137189925235,1,0.26392987066112705,0,0.8120734867967524,1,0.1527819624065313,0,0.7009864165798404,1,0.8486476567557052,1,1.0
0813070626777,S14,UBE 850T-2,1,,Chipoff on M8.0,,2026-09-13 11:18:29.396543+00:00,,CRAM,E,E-2,Bottom View,Chipoff,0.23907392303417488,0,0.7893352732653759,1,0.7859457435419903,1,0.30089605457354773,0,0.27743610700114385,0,0.7670843744516914,1,1.0
0813075026813,S14,UBE 850T-2,1,,Face Blow Hole,,2026-09-13 11:24:23.436532+00:00,,CRAM,B,B-1,Top View,Blow_Hole,0.6481594188549066,1,0.2676401184653713,0,0.6656827442143977,1,0.1834133555848464,0,0.7544118360619586,1,0.16344384400651932,0,1.0
0812192926514,S14,UBE 850T-2,1,,Face Blow Hole,,2026-09-13 11:36:03.603332+00:00,,CRAM,C,C-1,Top View,Blow_Hole,0.7832614173988173,1,0.4490433318650532,1,0.6374083539205624,1,0.5110047074492483,1,0.2783716340892449,0,0.5774865880679749,1,1.0
0812191726504,S14,UBE 850T-2,1,,Shrinkage,,2026-09-13 11:36:20.173777+00:00,,CRAM,C,C-1,Top View,Shrinkage,0.8614457471387349,1,0.2788557466883407,0,0.5274634724411622,1,0.18338620684218948,0,0.6688091825410436,1,0.1606584710075822,0,1.0
0812121626181,S14,UBE 850T-2,1,,Face Blow Hole,,2026-09-13 11:40:39.461114+00:00,,CRAM,C,C-1,Top View,Blow_Hole,0.7273779847824426,1,0.2457759035446797,0,0.6449980353778189,1,0.6979949901388096,1,0.5269456769797443,1,0.7835268040611981,1,1.0
0812155526344,S14,UBE 850T-2,1,,"PLC_COMMUNICATION_FAILED_PLC SLMP START_ACK timeout (expected 1,1,2)",,2026-09-13 11:43:25.937643+00:00,,,,,,,0.7232397822779324,1,0.26163280791433585,0,0.35654280584090436,0,0.38327413090552426,0,0.422266652433822,1,0.15800069135789271,0,
0811201025504,S14,UBE 850T-2,1,,Shrinkage,,2026-09-13 11:45:44.061742+00:00,,CRAM,H,H-4,Bottom View,Shrinkage,0.5135666891779223,1,0.26954042461738026,0,0.5402520184735388,1,0.4279188328738064,1,0.7484996311994989,1,0.4822736682333037,1,1.0
0811193025471,S14,UBE 850T-2,1,,Shrinkage,,2026-09-13 11:46:00.283829+00:00,,CRAM,B,B-1,Top View,Shrinkage,0.7659576391770033,1,0.2721293713063953,0,0.5581199759137172,1,0.8055798424639408,1,0.7387225371817281,1,0.7724347132202448,1,1.0
0814175727952,S14,UBE 850T-2,1,,Porosity,,2026-09-13 13:53:44.343199+00:00,,CRAM,H,H-2,Bottom View,Porosity,0.6877706445002887,1,0.7591159059202616,1,0.35597494158246945,0,0.468292287125642,1,0.7485043476761309,1,0.16431455268629536,0,1.0
0814192328009,S14,UBE 850T-2,1,,Shrinkage,,2026-09-13 13:55:21.373507+00:00,,CRAM,N,N-2,Right Side,Shrinkage,0.7984853669604502,1,0.7803418442685757,1,0.3765464696956443,0,0.6785581583811524,1,0.7483060651585742,1,0.12967852424514031,0,1.0
0814184027977,S14,UBE 850T-2,1,,Face Blow Hole,,2026-09-13 13:57:01.678104+00:00,,CRAM,E,E-2,Bottom View,Blow_Hole,0.6986024488251233,1,0.7580979904201174,1,0.5241033590481814,1,0.8392520118888234,1,0.7451665224580385,1,0.7767320513836417,1,1.0
0814141827792,S14,UBE 850T-2,1,,Porosity,,2026-09-13 14:00:16.337513+00:00,,CRAM,C,C-1,Top View,Porosity,0.3760239806548883,0,0.7183314754118166,1,0.5402367391256987,1,0.848346993872231,1,0.7304970365533928,1,0.2120482779700092,0,1.0
0814143327805,S14,UBE 850T-2,1,,Shrinkage,,2026-09-13 14:00:32.551963+00:00,,CRAM,C,C-1,Top View,Shrinkage,0.6096835122077278,1,0.7557783180278077,1,0.41683088753614433,1,0.5674488196791693,1,0.6960405120202457,1,0.16205937609183566,0,1.0
0814130927733,S14,UBE 850T-2,1,,Shrinkage,,2026-09-13 14:02:30.141780+00:00,,CRAM,C,C-1,Top View,Shrinkage,0.7150408697665398,1,0.7349884552623258,1,0.394826460000742,0,0.6795016830482411,1,0.7357223980329927,1,0.30967069727024543,0,1.0
0814131427737,S14,UBE 850T-2,1,,Dent,,2026-09-13 14:03:26.954289+00:00,,CR,P,P-3,Front,,0.7174835059020803,1,0.2825397479989502,0,0.6112387447387264,1,0.7606544437298822,1,0.7330499379695126,1,0.15756708679184347,0,
0814140927785,S14,UBE 850T-2,1,,Porosity,,2026-09-13 14:06:25.695836+00:00,,CRAM,C,C-1,Top View,Porosity,0.7002611533230061,1,0.30255092039654563,0,0.3584652030854247,0,0.8385572506774394,1,0.5862934634015379,1,0.15730777521562792,0,1.0
0814112127661,S14,UBE 850T-2,1,,Face Blow Hole,,2026-09-13 14:07:42.751297+00:00,,CRAM,H,H-2,Bottom View,Blow_Hole,0.7128308811700663,1,0.7739788313999375,1,0.5253793334011132,1,0.5907332158257568,1,0.7370377523045082,1,0.17135317278934198,0,1.0
0814120527680,S14,UBE 850T-2,1,,Porosity,,2026-09-13 14:08:19.272205+00:00,,CRAM,J,J-1,Left Side,Porosity,0.7659987455072292,1,0.29006365545763546,0,0.47541638128052455,1,0.8605744701572533,1,0.7146919984829898,1,0.15384493096994367,0,1.0
0814110427647,S14,UBE 850T-2,1,,Porosity,,2026-09-13 14:08:35.449393+00:00,,CRAM,P,P-2,Front,Porosity,0.37867523806391173,0,0.7471550637902582,1,0.4155172405918832,1,0.8381318526041268,1,0.7369516877884182,1,0.24157205008912072,0,1.0
0814152327825,S14,UBE 850T-2,1,,Scratch Mark,,2026-09-13 14:09:07.888973+00:00,,CRAM,M,M-1,Right Side,,0.6192581436543589,1,0.7584248014190308,1,0.4857551427586873,1,0.7519820984896294,1,0.7079890917448713,1,0.6412395785143531,1,
0814122027691,S14,UBE 850T-2,1,,"PLC_COMMUNICATION_FAILED_PLC SLMP START_ACK timeout (expected 1,1,2)",,2026-09-13 14:14:31.654117+00:00,,,,,,,0.2708925353804836,0,0.8533910540758659,1,0.7909737808285018,1,0.3833614254440549,0,0.4192286081113862,1,0.2029202253806253,0,
0813012426724,S14,UBE 850T-2,1,,Shrinkage,,2026-09-13 14:28:16.994247+00:00,,CRAM,C,C-1,Top View,Shrinkage,0.509990342263632,1,0.2833732472411046,0,0.3894520938849775,0,0.25914652537013183,0,0.6872470489988382,1,0.1613153035409012,0,1.0
0812151026309,S14,UBE 850T-2,1,,Porosity,,2026-09-13 14:30:11.681944+00:00,,CRAM,C,C-1,Top View,Porosity,0.7660137607316673,1,0.2740220398829103,0,0.36174679069112115,0,0.8661120396224307,1,0.2385797429906415,0,0.48019480556016725,1,1.0
0812220826575,S14,UBE 850T-2,1,,Blow Hole M8,,2026-09-13 17:00:01.646874+00:00,,CRAM,E,E-2,Bottom View,Blow_Hole,0.5840072165490159,1,0.2742724018182965,0,0.5316088806416512,1,0.18230786690533857,0,0.6956515533943285,1,0.16919916108310318,0,1.0
0814095927602,S14,UBE 850T-2,1,,PLC_COMMUNICATION_FAILED_PLC packet timeout,,2026-09-13 20:45:19.074561+00:00,,,,,,,0.35207237848035017,0,0.7071985755910722,1,0.704128454713873,1,0.836236231885607,1,0.737927583991848,1,0.7095477975807163,1,
0814100227605,S14,UBE 850T-2,1,,PLC_COMMUNICATION_FAILED_PLC circuit open until 2026-08-17T04:08:43.923Z,,2026-09-13 20:46:03.469532+00:00,,,,,,,0.8586769342222232,1,0.7630598679095424,1,0.36187370300563226,0,0.5127912859911696,1,0.711441967709149,1,0.1433393005705399,0,
0814102327623,S14,UBE 850T-2,1,,PLC_COMMUNICATION_FAILED_PLC circuit open until 2026-08-17T04:20:16.642Z,,2026-09-13 20:46:23.899281+00:00,,,,,,,0.6875651642726541,1,0.7271910737130968,1,0.3615229078260081,0,0.8758474626781585,1,0.7148778812517746,1,0.7670415399799632,1,
0814015627260,S14,UBE 850T-2,1,,Non-Filling,,2026-09-13 09:40:46.034356+00:00,,CR,R,R-3,Rear,Non_filling,0.3812096111792993,0,0.8533912282486324,1,0.8038719760133364,1,0.8831776394020197,1,0.42220260855565145,1,0.15746183882069895,0,1.0
0814034727350,S14,UBE 850T-2,1,,Non-Filling,,2026-09-13 09:50:02.455005+00:00,,CR,A,A-4,Top View,Non_filling,0.34132609900349936,0,0.25695253332068846,0,0.5815753920196677,1,0.8387502095170197,1,0.7157183003615486,1,0.7837511927134982,1,1.0
0814033427339,S14,UBE 850T-2,1,,Non-Filling,,2026-09-13 09:50:14.692328+00:00,,CR,R,R-3,Rear,Non_filling,0.27288732698455,0,0.23073845724514458,0,0.49128675898566865,1,0.8791467326462801,1,0.7148769454278774,1,0.7130552814167046,1,1.0
0814093827585,S14,UBE 850T-2,1,,Non-Filling,,2026-09-13 10:07:20.537138+00:00,,CR,L,L-1,Left Side,Non_filling,0.7949817007500624,1,0.7816821201965676,1,0.36172634680788274,0,0.630759385518902,1,0.7477111757137553,1,0.16754598476366195,0,0.0
0814073627481,S14,UBE 850T-2,1,,Non-Filling,,2026-09-13 10:12:02.637486+00:00,,CR,L,L-1,Left Side,Non_filling,0.46569201809669514,1,0.7630477100781754,1,0.4888893436223636,1,0.8586297533874787,1,0.7129447365610925,1,0.19670252328098292,0,1.0
0814070327458,S14,UBE 850T-2,1,,Non-Filling,,2026-09-13 10:15:08.353391+00:00,,CR,K,K-1,Left Side,Non_filling,0.6240918415610441,1,0.2639449900413145,0,0.6083679108972194,1,0.868382423987681,1,0.5346405582869158,1,0.6130022559544016,1,1.0
0814053127427,S14,UBE 850T-2,1,,Porosity,,2026-09-13 10:32:10.866294+00:00,,CRAM,E,E-2,Bottom View,Porosity,0.4656102930431659,1,0.2731158173934295,0,0.8122069657490214,1,0.3678242183674491,0,0.7484561135887299,1,0.44384757284703275,1,0.0
0814070927463,S14,UBE 850T-2,1,,M14 Face Blow Hole,,2026-09-13 10:32:27.080011+00:00,,CRAM,E,E-2,Bottom View,Blow_Hole,0.6190204227183863,1,0.7063698444215143,1,0.6485392977203166,1,0.18418563701625035,0,0.6860767554226509,1,0.12939681152993435,0,1.0
0814064227442,S14,UBE 850T-2,1,,Non-Filling,,2026-09-13 10:33:03.606297+00:00,,CR,R,R-3,Rear,Non_filling,0.913678901388494,1,0.845946228797038,1,0.466099162365107,1,0.39528769188151086,0,0.7995203760378222,1,0.06474828369844203,0,1.0
0813220727093,S14,UBE 850T-2,1,,Non-Filling,,2026-09-13 10:33:52.387230+00:00,,CR,L,L-1,Left Side,Non_filling,0.08139476144305363,0,0.22920834126588013,0,0.02343543347784291,0,0.5246468760443697,1,0.13616435427829343,0,0.10630604576545921,0,0.0
0814064927448,S14,UBE 850T-2,1,,M14 Face Blow Hole,,2026-09-13 10:35:41.447320+00:00,,CRAM,E,E-2,Bottom View,Blow_Hole,0.703403409678977,1,0.7100494374001677,1,0.7091727920232257,1,0.34002812843337704,0,0.7158696197238433,1,0.3685288911936364,0,1.0
0813230227131,S14,UBE 850T-2,1,,Porosity,,2026-09-13 10:36:58.214150+00:00,,CRAM,E,E-2,Bottom View,Porosity,0.455562019757626,1,0.27232423580918774,0,0.6765347237400237,1,0.5688386654681288,1,0.5794851408473112,1,0.7397974406899901,1,1.0
0813230927137,S14,UBE 850T-2,1,,Blow Hole M8,,2026-09-13 10:44:26.762299+00:00,,CRAM,E,E-2,Bottom View,Blow_Hole,0.7862403119197755,1,0.26133903212252596,0,0.4535187367313972,1,0.33896059783504656,0,0.6647161749723048,1,0.15632866660977246,0,1.0
0814090727559,S14,UBE 850T-2,1,,Non-Filling,,2026-09-13 10:56:38.584182+00:00,,CR,A,A-4,Top View,Non_filling,0.8655349456955606,1,0.7780265626005795,1,0.5335532708319229,1,0.6941679345401625,1,0.4752474138333024,1,0.12603683011735534,0,1.0
0814214928135,S14,UBE 850T-2,1,,Porosity,,2026-09-13 13:17:43.522591+00:00,,CRAM,E,E-2,Bottom View,Porosity,0.34718084327012133,0,0.7115198090684134,1,0.5943187004933971,1,0.8728569585335492,1,0.6961483024444355,1,0.1695867476511652,0,1.0
0814200628046,S14,UBE 850T-2,1,,Laser Marking NG,,2026-09-13 13:19:25.006609+00:00,,CRAM,C,C-1,Top View,,0.46656761587319573,1,0.28313916310641934,0,0.41904069931029947,1,0.8839937257691135,1,0.5351524343064402,1,0.17455966154348318,0,
0814193428018,S14,UBE 850T-2,1,,Porosity,,2026-09-13 13:19:41.622271+00:00,,CRAM,N,N-2,Right Side,Porosity,0.37915155652786015,0,0.7107037121376061,1,0.6418918384517542,1,0.7549334270026042,1,0.5895632814663903,1,0.154435490733783,0,1.0
0814173027935,S14,UBE 850T-2,1,,Porosity,,2026-09-13 13:21:39.544909+00:00,,CRAM,C,C-1,Top View,Porosity,0.5970360941642485,1,0.7205193960677289,1,0.64726802558289,1,0.5540321394283199,1,0.7454129557847275,1,0.17079275151965784,0,1.0
0814210228095,S14,UBE 850T-2,1,,Shrinkage,,2026-09-13 13:24:26.031961+00:00,,CR,C,C-1,Top View,Shrinkage,0.7234483898017723,1,0.7757293178470083,1,0.4568636234487461,1,0.8485084226839092,1,0.7152747104311983,1,0.12460962930641639,0,1.0
0814173627940,S14,UBE 850T-2,1,,Dent,,2026-09-13 13:37:40.528160+00:00,,CR,R,R-1,Rear,,0.5683395427711393,1,0.2784754002661182,0,0.44182137902832974,1,0.8685471526935836,1,0.42159836123553335,1,0.16749831325607686,0,
0814083627532,S14,UBE 850T-2,1,,Shrinkage,,2026-09-13 14:21:33.738477+00:00,,CRAM,Q,Q-1,Rear,Shrinkage,0.6540734064779755,1,0.7076068552831608,1,0.4280920069846843,1,0.5114282133909569,1,0.7491150705966338,1,0.15474540550891513,0,1.0
0814084427539,S14,UBE 850T-2,1,,M14 Face Blow Hole,,2026-09-13 16:55:24.549542+00:00,,CRAM,E,E-2,Bottom View,Blow_Hole,0.8681238592253298,1,0.7678856796125542,1,0.4996163418995363,1,0.5109343498956485,1,0.6699940918606381,1,0.12583011710924766,0,1.0
0816194528725,S14,UBE 850T-2,1,,PLC_COMMUNICATION_FAILED_PLC circuit open until 2026-08-17T03:36:11.945Z,,2026-09-13 20:08:44.624822+00:00,,,,,,,0.6378007784537367,1,0.7712039004993834,1,0.35628647544154357,0,0.8616869165084999,1,0.7488428439960716,1,0.15447044233794122,0,
0816194428724,S14,UBE 850T-2,1,,PLC_COMMUNICATION_FAILED_PLC packet timeout,,2026-09-13 20:09:05.053263+00:00,,,,,,,0.6830369296801609,1,0.7682092585395818,1,0.49958116400597646,1,0.8055512894801639,1,0.7483196812692321,1,0.15362569548467328,0,
0814040827362,S14,UBE 850T-2,1,,PLC_COMMUNICATION_FAILED_PLC packet timeout,,2026-09-13 20:09:45.717922+00:00,,,,,,,0.8993142541889445,1,0.16520179621705797,0,0.04318674814026172,0,0.8587281393735904,1,0.19871465977037187,0,0.8834410406059764,1,
0814042127369,S14,UBE 850T-2,1,,Blow Hole M8,,2026-09-13 20:10:01.913285+00:00,,CRAM,E,E-2,Bottom View,Blow_Hole,0.8907961939103695,1,0.8533901923730135,1,0.7434090025407117,1,0.13795014679172518,0,0.16958506151157637,0,0.4269355356573248,1,1.0
0816195228731,S14,UBE 850T-2,1,,PLC_COMMUNICATION_FAILED_PLC circuit open until 2026-08-17T03:50:54.910Z,,2026-09-13 20:10:46.513501+00:00,,,,,,,0.7237791540670979,1,0.7759455182014497,1,0.5446870717896604,1,0.5115468388283766,1,0.7493067658284334,1,0.15565749104530616,0,
0816194728727,S14,UBE 850T-2,1,,PLC_COMMUNICATION_FAILED_PLC packet timeout,,2026-09-13 20:11:07.057796+00:00,,,,,,,0.7659052535999717,1,0.7717565986246894,1,0.35763253869536576,0,0.678781581440217,1,0.7117241061897057,1,0.15800206826376492,0,
0814032627333,S14,UBE 850T-2,1,,PLC_COMMUNICATION_FAILED_PLC circuit open until 2026-08-17T03:53:26.714Z,,2026-09-13 20:11:27.240973+00:00,,,,,,,0.6449981101993766,1,0.293244827356671,0,0.5494660973672728,1,0.8056743714195229,1,0.7321045495400074,1,0.15431312758952292,0,
0814042227370,S14,UBE 850T-2,1,,PLC_COMMUNICATION_FAILED_PLC circuit open until 2026-08-17T03:56:06.262Z,,2026-09-13 20:11:47.675920+00:00,,,,,,,0.38233530259760207,0,0.711783983817622,1,0.4654958493578878,1,0.1532581314977954,0,0.2096732648643106,0,0.48635049925873886,1,
0816193028712,S14,UBE 850T-2,1,,PLC_COMMUNICATION_FAILED_PLC packet timeout,,2026-09-13 20:12:07.841099+00:00,,,,,,,0.6835799081154967,1,0.7563545951855565,1,0.5275647778164743,1,0.5127127447924342,1,0.7490152407936592,1,0.14418233125127738,0,
0814052127419,S14,UBE 850T-2,1,,PLC_COMMUNICATION_FAILED_PLC packet timeout,,2026-09-13 20:12:28.276092+00:00,,,,,,,0.6088347049254955,1,0.25882227500806526,0,0.3615618459857423,0,0.3011552294380613,0,0.5810863713480203,1,0.3117050195666812,0,
0814033627341,S14,UBE 850T-2,1,,PLC_COMMUNICATION_FAILED_PLC packet timeout,,2026-09-13 20:12:48.391319+00:00,,,,,,,0.7659087297966393,1,0.2730434642863058,0,0.540333529551443,1,0.7153850468913687,1,0.6953682060150846,1,0.19738937408804946,0,
0814035727358,S14,UBE 850T-2,1,,PLC_COMMUNICATION_FAILED_PLC packet timeout,,2026-09-13 20:13:32.777071+00:00,,,,,,,0.5861409334004353,1,0.7417839859941558,1,0.3857958091178276,0,0.150549686308363,0,0.5815436516225785,1,0.309127553712681,0,
0816204628766,S14,UBE 850T-2,1,,PLC_COMMUNICATION_FAILED_PLC circuit open until 2026-08-17T03:37:28.248Z,,2026-09-13 20:14:17.156680+00:00,,,,,,,0.869293626092689,1,0.8533901546681343,1,0.7907089776986389,1,0.5648084272167283,1,0.2581263603052834,0,0.1109378343989528,0,
0814033927343,S14,UBE 850T-2,1,,PLC_COMMUNICATION_FAILED_PLC packet timeout,,2026-09-13 20:15:01.540711+00:00,,,,,,,0.28762157315343434,0,0.2914416542547107,0,0.36844415733681557,0,0.8056953542648704,1,0.7125558642060384,1,0.8026855254143832,1,
0814034227346,S14,UBE 850T-2,1,,PLC_COMMUNICATION_FAILED_PLC packet timeout,,2026-09-13 20:15:21.967764+00:00,,,,,,,0.6239494126374275,1,0.7452176376489047,1,0.42630439825521405,1,0.7997637124356124,1,0.27728178916278,0,0.17478508494086686,0,
0816191028695,S14,UBE 850T-2,1,,PLC_COMMUNICATION_FAILED_PLC packet timeout,,2026-09-13 20:16:06.353448+00:00,,,,,,,0.3695318441170371,0,0.8081571415205906,1,0.5629904202777065,1,0.9017948642367694,1,0.7317844095517498,1,0.17103466765413736,0,
0814050427405,S14,UBE 850T-2,1,,PLC_COMMUNICATION_FAILED_PLC packet timeout,,2026-09-13 20:16:26.467260+00:00,,,,,,,0.26075198859538623,0,0.2599272000265896,0,0.36899972782455975,0,0.5243579354948591,1,0.7300248239393128,1,0.48202715754670317,1,
0814035827359,S14,UBE 850T-2,1,,PLC_COMMUNICATION_FAILED_PLC packet timeout,,2026-09-13 20:17:35.102334+00:00,,,,,,,0.61013221555526,1,0.2554102798488019,0,0.43073991425916025,1,0.29478467497637906,0,0.6858959442589805,1,0.13988600960143485,0,
0814034327347,S14,UBE 850T-2,1,,PLC_COMMUNICATION_FAILED_PLC packet timeout,,2026-09-13 20:17:55.520431+00:00,,,,,,,0.6039762298015736,1,0.2706758632407442,0,0.37214009635375594,0,0.14903882679600522,0,0.66441384327229,1,0.30472668835233857,0,
0814042827375,S14,UBE 850T-2,1,,Porosity,,2026-09-13 20:18:35.915683+00:00,,CRAM,E,E-2,Bottom View,Porosity,0.35247967533547536,0,0.24971066795281283,0,0.2925471881679727,0,0.7476041480927802,1,0.7135452006748213,1,0.778092902495413,1,1.0
0814043527381,S14,UBE 850T-2,1,,PLC_COMMUNICATION_FAILED_PLC packet timeout,,2026-09-13 20:18:56.028024+00:00,,,,,,,0.5740869724344243,1,0.7450407750084878,1,0.46573324221420476,1,0.182318936133073,0,0.7151308650691259,1,0.16207876953362435,0,
0816194628726,S14,UBE 850T-2,1,,PLC_COMMUNICATION_FAILED_PLC packet timeout,,2026-09-13 20:19:16.447565+00:00,,,,,,,0.8666619717336734,1,0.8533905751954887,1,0.799452493666617,1,0.5989641768020442,1,0.25300596123161034,0,0.12101170341081191,0,
0814040927363,S14,UBE 850T-2,1,,M14 Face Blow Hole,,2026-09-13 20:19:32.564353+00:00,,CRAM,E,E-2,Bottom View,Blow_Hole,0.7548561960588139,1,0.8533889826925442,1,0.8090375474711764,1,0.26789152021325974,0,0.7472653166011993,1,0.14021505493334557,0,1.0
0814020227265,S14,UBE 850T-2,1,,Face Blow Hole,,2026-09-13 20:46:56.309840+00:00,,CRAM,P,P-2,Front,Blow_Hole,0.6876570950206198,1,0.29013064921493287,0,0.5271781813010801,1,0.861396124347571,1,0.7457896392377668,1,0.3090631789748251,0,1.0
0814014627254,S14,UBE 850T-2,1,,PLC_COMMUNICATION_FAILED_PLC packet timeout,,2026-09-13 20:52:38.501527+00:00,,,,,,,0.37166651325487565,0,0.27900532651993093,0,0.6123240121279869,1,0.18130360164970655,0,0.5853550311852121,1,0.15377693212912752,0,
0814025427308,S14,UBE 850T-2,1,,PLC_COMMUNICATION_FAILED_PLC packet timeout,,2026-09-13 20:54:51.800372+00:00,,,,,,,0.7223427858094218,1,0.23903123990352423,0,0.4155153398263318,1,0.6708144760869653,1,0.684467730493763,1,0.1634600706902593,0,
0814041127364,S14,UBE 850T-2,1,,PLC_COMMUNICATION_FAILED_PLC packet timeout,,2026-09-13 20:56:24.583638+00:00,,,,,,,0.8710582878261772,1,0.7549087157799759,1,0.4835255501684743,1,0.14933262584461082,0,0.7084018420098492,1,0.12372947381773114,0,
0814024227298,S14,UBE 850T-2,1,,M8 Taping undersize,,2026-09-13 20:59:05.857733+00:00,,MR,C,C-1,Top View,,0.30426309306566734,0,0.2546693891857511,0,0.6113910688348043,1,0.5727546308962311,1,0.5896079194292712,1,0.7108965799079873,1,
0814101227613,S14,UBE 850T-2,1,,Blow Hole M8,,2026-09-13 21:00:50.559386+00:00,,CRAM,A,A-2,Top View,Blow_Hole,0.86086186934236,1,0.7787551882495217,1,0.5388194628466295,1,0.34005608607110105,0,0.7124026247881584,1,0.14254711034894296,0,1.0
0815015128342,S14,UBE 850T-2,1,,Chipoff on Dia 8.0,,2026-09-13 23:21:35.665085+00:00,,MR,B,B-1,Top View,Chipoff,0.6544541536874946,1,0.7901102569219436,1,0.48578750129447124,1,0.8675499656008023,1,0.5860976668599294,1,0.7070642823633665,1,1.0
0815021128359,S14,UBE 850T-2,1,,Blow Hole M8,,2026-09-13 23:24:08.657564+00:00,,CRAM,B,B-1,Top View,Blow_Hole,0.4813154249154817,1,0.7564842250739816,1,0.5109496043147964,1,0.8197027082009631,1,0.7318003920661302,1,0.6897524034993132,1,1.0
0815030228402,S14,UBE 850T-2,1,,Face Blow Hole,,2026-09-13 23:26:17.958022+00:00,,CRAM,B,B-1,Top View,Blow_Hole,0.7153930691209034,1,0.7666316740297497,1,0.3564325487596042,0,0.8055484283609843,1,0.7010629888852941,1,0.1544800826970609,0,1.0
0815025628397,S14,UBE 850T-2,1,,Blow Hole M8,,2026-09-13 23:27:46.659021+00:00,,CRAM,B,B-1,Top View,Blow_Hole,0.28765085747755564,0,0.7498227720770779,1,0.4786021022009004,1,0.8068977312291223,1,0.7156167299973142,1,0.8205174425491261,1,0.0
0815022528371,S14,UBE 850T-2,1,,Blow Hole M8,,2026-09-13 23:28:27.070141+00:00,,CRAM,B,B-1,Top View,Blow_Hole,0.6787276558723225,1,0.7808491336871345,1,0.49852608568176404,1,0.8486878422366285,1,0.5348499029506305,1,0.2123884312176229,0,1.0
0815011428311,S14,UBE 850T-2,1,,Face Blow Hole,,2026-09-13 23:31:16.329768+00:00,,CRAM,B,B-1,Top View,Blow_Hole,0.5839448416112113,1,0.763736792163006,1,0.46515822077214053,1,0.7548639941597924,1,0.7436341299222727,1,0.15872262012320837,0,1.0
0814012627238,S14,UBE 850T-2,1,,Face Blow Hole,,2026-09-13 23:38:18.709426+00:00,,CRAM,E,E-2,Bottom View,Blow_Hole,0.7153330678343272,1,0.2910652404198556,0,0.7084163709562168,1,0.14914077446358046,0,0.6870594932951462,1,0.3074345396897834,0,1.0
0814010327221,S14,UBE 850T-2,1,,Blow Hole M8,,2026-09-13 23:39:15.643994+00:00,,CRAM,E,E-2,Bottom View,Blow_Hole,0.5818433607799088,1,0.2738203648242434,0,0.4049759440229902,1,0.7371447272315089,1,0.6946201918901364,1,0.8206173311977553,1,1.0
0814030027313,S14,UBE 850T-2,1,,Porosity,,2026-09-13 23:40:12.293206+00:00,,CRAM,E,E-2,Bottom View,Porosity,0.43854989113733267,1,0.7127486164304143,1,0.3765609718368218,0,0.524815173114686,1,0.5747177153235128,1,0.1607912232997525,0,1.0
0813230527134,S14,UBE 850T-2,1,,Blow Hole M8,,2026-09-13 23:40:28.825783+00:00,,CRAM,E,E-2,Bottom View,Blow_Hole,0.5860900311493058,1,0.720166171593899,1,0.32339265807471584,0,0.15471151136447658,0,0.7458926868105338,1,0.8202266528831046,1,1.0
0814001527188,S14,UBE 850T-2,1,,Blow Hole M8,,2026-09-13 23:41:49.844160+00:00,,CRAM,E,E-2,Bottom View,Blow_Hole,0.593255976422451,1,0.7717908894252694,1,0.37964695513000746,0,0.1533499722257027,0,0.7488599163931378,1,0.7998134453373479,1,1.0
0814210728099,S14,UBE 850T-2,1,,Blow Hole M8,,2026-09-13 23:46:24.859903+00:00,,CRAM,E,E-2,Bottom View,Blow_Hole,0.7953148596638654,1,0.7492463981394368,1,0.27747409183968297,0,0.8397845466648658,1,0.5181435790734182,1,0.3700945018872819,0,1.0
0814221828160,S14,UBE 850T-2,1,,Dent,,2026-09-13 15:23:34.157998+00:00,,CR,A,A-3,Top View,,0.7863096078523932,1,0.7137238503199325,1,0.6111172911217216,1,0.42807181458813803,1,0.6698607973295292,1,0.1418540491396852,0,
0815022328369,S14,UBE 850T-2,1,,Dent,,2026-09-13 16:01:08.917834+00:00,,CR,A,A-1,Top View,,0.6006848448856489,1,0.7069904755842679,1,0.39499871549580856,0,0.8674667741222509,1,0.7118170930258071,1,0.16904708432420348,0,
0817133129517,S14,UBE 850T-2,1,,Porosity,,2026-09-13 17:42:58.528989+00:00,,CRAM,P,P-3,Front,Porosity,0.7862149291965208,1,0.7627622265535956,1,0.46890950454906033,1,0.6894944870325084,1,0.579195606371411,1,0.13723309627864036,0,1.0
0817025129020,S14,UBE 850T-2,1,,Laser Marking NG,,2026-09-15 01:11:47.881202+00:00,,CRAM,C,C-1,Top View,,0.7666593322272393,1,0.7658416442992964,1,0.5273272107017488,1,0.7532848249952545,1,0.7165054874512281,1,0.3091684404835899,0,
0817123029475,S14,UBE 850T-2,1,,Non-Filling,,2026-09-13 18:08:04.183659+00:00,,CR,I,I-1,Left Side,Non_filling,0.348415482049524,0,0.7591092214327904,1,0.4927885054531599,1,0.8371073639281075,1,0.42042620632989264,1,0.7941173418581985,1,1.0
0817133629522,S14,UBE 850T-2,1,,Non-Filling,,2026-09-13 18:08:16.365284+00:00,,CR,L,L-1,Left Side,Non_filling,0.5750994013217245,1,0.7481942229219254,1,0.5495392294662542,1,0.7055898553043483,1,0.7161111816576182,1,0.21269623999081044,0,1.0
0817045129119,S14,UBE 850T-2,1,,Shrinkage,,2026-09-13 18:17:30.267361+00:00,,CRAM,C,C-1,Top View,Shrinkage,0.7234814774663706,1,0.7707389151302039,1,0.41799896068197645,1,0.8663603833126436,1,0.7460293663088242,1,0.8197265948117826,1,1.0
0817051629141,S14,UBE 850T-2,1,,Porosity,,2026-09-13 18:24:05.006568+00:00,,CRAM,C,C-1,Top View,Porosity,0.4656041385732068,1,0.7783160733013923,1,0.35767473733555866,0,0.7147417687455196,1,0.6691850888606199,1,0.7299789084057747,1,1.0
0811192725468,S14,UBE 850T-2,1,,Dent,,2026-09-13 18:26:09.930479+00:00,,CR,D,D-4,Top View,,0.7262623838562611,1,0.28271561059024675,0,0.5341143868131842,1,0.8806166621687102,1,0.2779855805571685,0,0.771427542911437,1,
0817001128901,S14,UBE 850T-2,1,,Dent,,2026-09-13 18:42:12.345744+00:00,,CR,O,O-2,Front,,0.4155636777877622,1,0.7530277965237006,1,0.644939640881992,1,0.4275893495823121,1,0.7162527457841066,1,0.15915105502129112,0,
0816215628786,S14,UBE 850T-2,1,,Blow Hole M8,,2026-09-13 19:02:45.210769+00:00,,CRAM,E,E-2,Bottom View,Blow_Hole,0.6885961144946685,1,0.7763786193252007,1,0.453752012163797,1,0.15348656303415512,0,0.7146083944293231,1,0.30806608986751854,0,1.0
0816224228826,S14,UBE 850T-2,1,,Shrinkage,,2026-09-13 19:04:10.200766+00:00,,CR,C,C-1,Top View,Shrinkage,0.580020678368567,1,0.788866236183463,1,0.4423501692416541,1,0.35097017231474764,0,0.7128215745468884,1,0.15684380671334322,0,1.0
0816223928823,S14,UBE 850T-2,1,,Crack,,2026-09-13 19:09:05.895829+00:00,,CR,L,L-1,Left Side,Crack,0.7863362187741894,1,0.7941323331344531,1,0.28977590458795355,0,0.36432030279188843,0,0.7084787291566003,1,0.17006360121144673,0,1.0
0816231528854,S14,UBE 850T-2,1,,Blow Hole M8,,2026-09-13 19:26:37.727265+00:00,,CRAM,E,E-2,Bottom View,Blow_Hole,0.6403576871676936,1,0.7955603034975696,1,0.5234119557819589,1,0.7452326270698175,1,0.7469589240110766,1,0.14332537618841815,0,1.0
0816174728636,S14,UBE 850T-2,1,,PLC_COMMUNICATION_FAILED_PLC circuit open until 2026-08-17T05:31:05.470Z,,2026-09-13 19:51:29.104453+00:00,,,,,,,0.5861009623101675,1,0.7633964558072263,1,0.6544809514025702,1,0.867562980814403,1,0.5843963004066908,1,0.15313268251259882,0,
0814043827383,S14,UBE 850T-2,1,,PLC_COMMUNICATION_FAILED_PLC packet timeout,,2026-09-13 19:52:13.763378+00:00,,,,,,,0.6339924297427686,1,0.2676274861585912,0,0.35672229778782316,0,0.2988043276960988,0,0.7362444265004267,1,0.1527832728942203,0,
0814045227395,S14,UBE 850T-2,1,,Black Mark,,2026-09-13 19:52:50.368300+00:00,,CR,S,S-2,Rear,,0.5137163779025409,1,0.26393765811784703,0,0.5296068780136994,1,0.6795069712198833,1,0.585887423186528,1,0.15949627168887795,0,
0814044627390,S14,UBE 850T-2,1,,Black Mark,,2026-09-13 19:53:43.053446+00:00,,CR,H,H-3,Bottom View,,0.8697025168348355,1,0.7455855892138195,1,0.6810996655549244,1,0.3974751590589899,0,0.7013498660191332,1,0.1134020543220346,0,
0816182828659,S14,UBE 850T-2,1,,PLC_COMMUNICATION_FAILED_PLC packet timeout,,2026-09-13 19:54:27.716578+00:00,,,,,,,0.5856765723911854,1,0.7566758592676178,1,0.36152349253047067,0,0.8673035109138792,1,0.7408468693607143,1,0.1658606386342045,0,
0816183428664,S14,UBE 850T-2,1,,PLC_COMMUNICATION_FAILED_PLC packet timeout,,2026-09-13 19:54:47.958760+00:00,,,,,,,0.6830021236705353,1,0.7889460287587301,1,0.6470588380251098,1,0.759841485298139,1,0.746233842422287,1,0.16342564112566102,0,
0814051627415,S14,UBE 850T-2,1,,PLC_COMMUNICATION_FAILED_PLC packet timeout,,2026-09-13 19:55:56.757742+00:00,,,,,,,0.6241667144721897,1,0.24503026692514196,0,0.43237849423691943,1,0.18191678736789638,0,0.7412951798137328,1,0.12830692145075356,0,
0814033527340,S14,UBE 850T-2,1,,PLC_COMMUNICATION_FAILED_PLC packet timeout,,2026-09-13 19:56:17.173209+00:00,,,,,,,0.3265414268250598,0,0.30228589239276416,0,0.4536398150353135,1,0.6722535986815769,1,0.5818862695126761,1,0.7971037866665546,1,
0814045327396,S14,UBE 850T-2,1,,PLC_COMMUNICATION_FAILED_PLC packet timeout,,2026-09-13 19:56:37.274905+00:00,,,,,,,0.7175461677054087,1,0.28991683606152907,0,0.6954660588369321,1,0.1528238599646814,0,0.5782015556273239,1,0.17686115769402955,0,
0814052227420,S14,UBE 850T-2,1,,Non-Filling,,2026-09-13 19:57:13.645349+00:00,,CR,A,A-1,Top View,Non_filling,0.502680003452278,1,0.2584006895684337,0,0.6470650946838149,1,0.15423619270211722,0,0.7382654694527799,1,0.5124581968627221,1,1.0
0814051227411,S14,UBE 850T-2,1,,PLC_COMMUNICATION_FAILED_PLC circuit open until 2026-08-17T04:44:11.781Z,,2026-09-13 19:58:10.021690+00:00,,,,,,,0.859495449074733,1,0.7773981106194314,1,0.6321911422168155,1,0.38786522769519394,0,0.2807346800078847,0,0.15846112147729327,0,
0814033727342,S14,UBE 850T-2,1,,PLC_COMMUNICATION_FAILED_PLC packet timeout,,2026-09-13 19:58:30.438761+00:00,,,,,,,0.3711048004761103,0,0.2814697358654864,0,0.5299348471053893,1,0.4859245915655681,1,0.6961888436340509,1,0.30547973799902395,0,
0814051327412,S14,UBE 850T-2,1,,PLC_COMMUNICATION_FAILED_PLC circuit open until 2026-08-17T04:25:39.148Z,,2026-09-13 20:01:19.465622+00:00,,,,,,,0.6096075064953136,1,0.2943787153236962,0,0.35625193290751267,0,0.4044347206222185,1,0.7013188423755656,1,0.16364324982803913,0,
0814052427421,S14,UBE 850T-2,1,,Non-Filling,,2026-09-13 20:02:52.096119+00:00,,CR,R,R-2,Rear,Non_filling,0.47384853731334153,1,0.7095958058696056,1,0.49094336282325735,1,0.15435293567953928,0,0.5270097514273645,1,0.31100271274852836,0,1.0
0814051527414,S14,UBE 850T-2,1,,Black Mark,,2026-09-13 20:04:01.280366+00:00,,CR,H,H-3,Bottom View,,0.6836037693913475,1,0.7062929459038746,1,0.6767083106137155,1,0.2971436810762321,0,0.6953439043296589,1,0.14168879255527092,0,
0814033127337,S14,UBE 850T-2,1,,Non-Filling,,2026-09-13 20:08:24.502267+00:00,,CR,M,M-2,Right Side,Non_filling,0.619535353803502,1,0.7537210227700434,1,0.5346519041841515,1,0.6973445532325215,1,0.7089735801305186,1,0.17020830559328654,0,1.0
0814035127353,S14,UBE 850T-2,1,,PLC_COMMUNICATION_FAILED_PLC circuit open until 2026-08-17T03:50:54.910Z,,2026-09-13 20:09:25.207836+00:00,,,,,,,0.49105180119603625,1,0.33930465845163493,0,0.5389705931500142,1,0.15115112462397484,0,0.669038323041667,1,0.30732194903934906,0,
0814032927335,S14,UBE 850T-2,1,,PLC_COMMUNICATION_FAILED_PLC circuit open until 2026-08-17T03:51:55.556Z,,2026-09-13 20:19:52.981775+00:00,,,,,,,0.37134570091231295,0,0.7111391656607653,1,0.5740009411357605,1,0.15394682132050297,0,0.7420005777483523,1,0.1672063821487154,0,
0816193428716,S14,UBE 850T-2,1,,PLC_COMMUNICATION_FAILED_PLC packet timeout,,2026-09-13 20:20:13.099221+00:00,,,,,,,0.6188893380073321,1,0.7520271048462006,1,0.6077832604202622,1,0.7541657697296091,1,0.7137892318686566,1,0.21274928900146278,0,
0814042427372,S14,UBE 850T-2,1,,Porosity,,2026-09-13 20:21:17.769313+00:00,,CRAM,E,E-2,Bottom View,Porosity,0.3045342333033541,0,0.26410832626474,0,0.46598072816787167,1,0.8057197888079203,1,0.7367133032661366,1,0.7074666305674152,1,1.0
0816193728718,S14,UBE 850T-2,1,,PLC_COMMUNICATION_FAILED_PLC circuit open until 2026-08-17T04:15:25.860Z,,2026-09-13 20:21:54.180536+00:00,,,,,,,0.5900703247834531,1,0.7966646117348687,1,0.527630593302832,1,0.5120330711687378,1,0.5743217821175501,1,0.30873490908888335,0,
0816194828728,S14,UBE 850T-2,1,,PLC_COMMUNICATION_FAILED_PLC circuit open until 2026-08-17T03:48:56.414Z,,2026-09-13 20:22:14.325482+00:00,,,,,,,0.7236034682687025,1,0.7507570194541181,1,0.49218313241355116,1,0.35214972489192875,0,0.5784319482829883,1,0.1437071359271263,0,
0816202028755,S14,UBE 850T-2,1,,PLC_COMMUNICATION_FAILED_PLC packet timeout,,2026-09-13 20:22:34.757217+00:00,,,,,,,0.7246773048199588,1,0.762052166348926,1,0.6987916901613864,1,0.6917982834461494,1,0.7479648679999059,1,0.3058338948892788,0,
0816191328698,S14,UBE 850T-2,1,,PLC_COMMUNICATION_FAILED_PLC circuit open until 2026-08-17T04:21:01.909Z,,2026-09-13 20:23:19.174211+00:00,,,,,,,0.2921787143473449,0,0.7862880465500955,1,0.4964931420838435,1,0.5110545155052862,1,0.7444473841323369,1,0.3686893998719058,0,
0816193528717,S14,UBE 850T-2,1,,PLC_COMMUNICATION_FAILED_PLC packet timeout,,2026-09-13 20:23:39.301100+00:00,,,,,,,0.5774242738694444,1,0.7654863746557405,1,0.4487239357134977,1,0.36454443672901193,0,0.5779767669033681,1,0.1435423795067296,0,
0816192528708,S14,UBE 850T-2,1,,PLC_COMMUNICATION_FAILED_PLC packet timeout,,2026-09-13 20:23:59.731798+00:00,,,,,,,0.7980100535561025,1,0.7826534874642366,1,0.8124825774167451,1,0.6785088258862995,1,0.7364232972029875,1,0.3053797196553593,0,
0816192828711,S14,UBE 850T-2,1,,M14 Face Blow Hole,,2026-09-13 20:24:15.864237+00:00,,CRAM,E,E-2,Bottom View,Blow_Hole,0.6452674142608905,1,0.8246519798986811,1,0.5629347949209115,1,0.8616147819110072,1,0.7429195264472316,1,0.15606862067893945,0,1.0
0816192128705,S14,UBE 850T-2,1,,PLC_COMMUNICATION_FAILED_PLC circuit open until 2026-08-17T04:53:49.489Z,,2026-09-13 20:26:37.067762+00:00,,,,,,,0.7239497086005655,1,0.7717407661368224,1,0.6374585445697885,1,0.35153208560407256,0,0.5636487232591856,1,0.1648831525865637,0,
0810233924589,S14,UBE 850T-2,1,,PLC_COMMUNICATION_FAILED_PLC circuit open until 2026-08-17T04:30:11.979Z,,2026-09-13 21:26:16.755431+00:00,,,,,,,0.7250507265949176,1,0.26923736390558584,0,0.6087020271062461,1,0.36440169856985716,0,0.7421047122299557,1,0.23159939814996078,0,
0818042620210,S14,UBE 850T-2,1,,Non-Filling,,2026-09-13 21:43:33.206138+00:00,,CR,L,L-1,Left Side,Non_filling,0.7978797363245322,1,0.758538455196483,1,0.7001513971647229,1,0.5692683048155597,1,0.7297216094365899,1,0.14024019913001662,0,1.0
0818040420191,S14,UBE 850T-2,1,,Non-Filling,,2026-09-13 21:48:59.530868+00:00,,CR,L,L-1,Left Side,Non_filling,0.6111297328929208,1,0.7569627456616149,1,0.7703817417236473,1,0.3266835663344437,0,0.5850310835818926,1,0.153982883506904,0,1.0
0817145729589,S14,UBE 850T-2,1,,M14 Face Blow Hole,,2026-09-13 22:26:47.196189+00:00,,CRAM,E,E-2,Bottom View,Blow_Hole,0.7127750302043723,1,0.7503179784897631,1,0.3893998445449437,0,0.35044606669109746,0,0.5852310986577525,1,0.12049578895053256,0,1.0
0817143829573,S14,UBE 850T-2,1,,Face Blow Hole,,2026-09-13 22:27:03.712597+00:00,,CRAM,E,E-2,Bottom View,Blow_Hole,0.5567406646218365,1,0.7687892720942079,1,0.5254159495474097,1,0.5673943833755333,1,0.7150929774668406,1,0.1595391606510634,0,1.0
0817135429537,S14,UBE 850T-2,1,,Blow Hole M8,,2026-09-13 22:28:08.391946+00:00,,CRAM,E,E-2,Bottom View,Blow_Hole,0.6193551481131484,1,0.772452419569784,1,0.5386991095366013,1,0.6972048404373873,1,0.47533391043156925,1,0.16836749158159606,0,1.0
0817142029557,S14,UBE 850T-2,1,,Blow Hole M8,,2026-09-13 22:29:53.798140+00:00,,CRAM,E,E-3,Bottom View,Blow_Hole,0.5528214297725815,1,0.27249651391949636,0,0.6110826687136355,1,0.18182332239370103,0,0.7170280457899046,1,0.7873060913866675,1,1.0
0817141229550,S14,UBE 850T-2,1,,Chipoff on M8.0,,2026-09-13 22:30:58.482744+00:00,,CRAM,E,E-3,Bottom View,Chipoff,0.69856782648757,1,0.8533905111790238,1,0.7848767075224512,1,0.7332871291549414,1,0.32264726343600225,0,0.8250120810688015,1,1.0
0817123229477,S14,UBE 850T-2,1,,M14 Face Blow Hole,,2026-09-13 22:32:11.498257+00:00,,CRAM,E,E-2,Bottom View,Blow_Hole,0.7235197435272371,1,0.7586905890212691,1,0.37102069390744596,0,0.5725164659857155,1,0.6877291688850682,1,0.15569416069184636,0,1.0
0817125629498,S14,UBE 850T-2,1,,Blow Hole M8,,2026-09-13 22:34:04.969463+00:00,,CRAM,B,B-1,Top View,Blow_Hole,0.7550852455486087,1,0.2933963605810074,0,0.38948089460035346,0,0.7553769668277905,1,0.7402935599762488,1,0.799278093687086,1,1.0
0815011828314,S14,UBE 850T-2,1,,Porosity,,2026-09-13 22:57:23.847526+00:00,,CRAM,E,E-2,Bottom View,Porosity,0.8660904505254555,1,0.7420916999555262,1,0.44233667274365945,1,0.6576615217661806,1,0.7160685299573297,1,0.12776600936116386,0,1.0
0815041728466,S14,UBE 850T-2,1,,M14 Face Blow Hole,,2026-09-14 02:27:12.826574+00:00,,CRAM,E,E-2,Bottom View,Blow_Hole,0.7984423435281981,1,0.7644310485138329,1,0.3614101742210953,0,0.6928205948163761,1,0.7496430176702612,1,0.1432214981667341,0,1.0
0815051628512,S14,UBE 850T-2,1,,Blow Hole M8,,2026-09-14 02:30:02.335449+00:00,,CRAM,E,E-3,Bottom View,Blow_Hole,0.8629377956615887,1,0.7620065770019104,1,0.35684837773765976,0,0.7542462447253173,1,0.7136849710844249,1,0.12161590600139435,0,1.0
0815043928485,S14,UBE 850T-2,1,,Blow Hole M8,,2026-09-14 02:33:18.544152+00:00,,CRAM,E,E-2,Bottom View,Blow_Hole,0.6721805559588006,1,0.7051084410360626,1,0.45919167759443635,1,0.7546339465397214,1,0.5350104657401,1,0.1631963793969949,0,1.0
0815041928468,S14,UBE 850T-2,1,,Blow Hole M8,,2026-09-14 02:39:53.626376+00:00,,CRAM,E,E-2,Bottom View,Blow_Hole,0.6451361855309335,1,0.7604744835348837,1,0.616465621344293,1,0.7349007207815094,1,0.7407460967234868,1,0.15828611186095734,0,1.0
0816155528545,S14,UBE 850T-2,1,,PLC_COMMUNICATION_FAILED_PLC packet timeout,,2026-09-14 02:44:31.715713+00:00,,,,,,,0.8631630516928784,1,0.8100657038941972,1,0.7074315585480617,1,0.5108563823647281,1,0.742695428441265,1,0.12705070435914612,0,
0816150328528,S14,UBE 850T-2,1,,PLC_COMMUNICATION_FAILED_PLC packet timeout,,2026-09-14 02:44:52.178622+00:00,,,,,,,0.5775179923287559,1,0.8305231620315079,1,0.6168270681349997,1,0.511300382290946,1,0.41966646774537975,1,0.165769278447714,0,
0815040628457,S14,UBE 850T-2,1,,Dia Under Size,,2026-09-14 02:47:57.366612+00:00,,MR,B,B-1,Top View,,0.3789893748861394,0,0.7598620929578954,1,0.49319400330078905,1,0.8090360691503593,1,0.6692718778888891,1,0.16129000034685606,0,
0826061622823,S14,UBE 850T-2,1,,Porosity,,2026-09-15 01:22:00.126223+00:00,,CRAM,C,C-1,Top View,Porosity,0.1623577004038037,0,0.2618534812958941,0,0.3660886340548389,0,0.353022701182554,0,0.21149942690440365,0,0.3686908175416152,0,0.0
0817132629513,S14,UBE 850T-2,1,,Face Blow Hole,,2026-09-15 02:13:07.982641+00:00,,CRAM,C,C-1,Top View,Blow_Hole,0.9208293982437518,1,0.8533911997976481,1,0.35508565836739436,0,0.1452056006050531,0,0.79925960570611,1,0.05914838534207595,0,1.0
0817133329519,S14,UBE 850T-2,1,,Casting Dent on Riv,,2026-09-15 02:17:07.639603+00:00,,CRAM,P,P-4,Front,,0.4385505435709919,1,0.7810889052151416,1,0.4307771390562907,1,0.35084640650125665,0,0.7407786247946038,1,0.821134301002648,1,
0818040920195,S14,UBE 850T-2,1,,Non-Filling,,2026-09-13 21:52:05.083769+00:00,,CR,L,L-1,Left Side,Non_filling,0.37930472592146675,0,0.7419136095956262,1,0.7765176604536121,1,0.6896782751419861,1,0.583807060209931,1,0.1592453645902292,0,1.0
0817161229654,S14,UBE 850T-2,1,,Non-Filling,,2026-09-13 22:06:23.233715+00:00,,CR,A,A-1,Top View,Non_filling,0.3760999237261732,0,0.7851834194083348,1,0.5620316581130459,1,0.754354291005062,1,0.7262933543558905,1,0.19630318526245488,0,1.0
0817214529898,S14,UBE 850T-2,1,,Blow Hole M8,,2026-09-13 22:10:38.317244+00:00,,CRAM,E,E-2,Bottom View,Blow_Hole,0.8605577762099934,1,0.7769835279100487,1,0.7856907304120999,1,0.29578281417974406,0,0.582496017571701,1,0.1365542671509959,0,1.0
0817123929483,S14,UBE 850T-2,1,,Blow Hole M8,,2026-09-13 22:34:21.228904+00:00,,CRAM,B,B-1,Top View,Blow_Hole,0.4911902939293981,1,0.7684777916505249,1,0.5240801144979085,1,0.6306821782954735,1,0.7485350174389063,1,0.15778910030378232,0,1.0
0818025220128,S14,UBE 850T-2,1,,Non-Filling,,2026-09-14 00:28:08.664314+00:00,,CR,L,L-1,Left Side,Non_filling,0.640306555412205,1,0.7629162282018799,1,0.7126244412177045,1,0.15284716521867206,0,0.5786452064170595,1,0.13929923720237425,0,1.0
0818152820719,S14,UBE 850T-2,1,,Non-Filling,,2026-09-14 02:00:05.033327+00:00,,CR,L,L-1,Left Side,Non_filling,0.6779675751602076,1,0.8533906787999253,1,0.7776411528438427,1,0.1852086974278604,0,0.2058363001118959,0,0.11221462795171924,0,1.0
0816173628626,S14,UBE 850T-2,1,,Non-Filling,,2026-09-14 02:07:48.007980+00:00,,CR,A,A-4,Top View,Non_filling,0.7953814116039903,1,0.7770999128050302,1,0.5386942237512279,1,0.8680946639422744,1,0.5790591092627408,1,0.13999438131066372,0,1.0
0818141620655,S14,UBE 850T-2,1,,Non-Filling,,2026-09-14 02:09:53.825456+00:00,,CR,L,L-1,Left Side,Non_filling,0.47340248403978913,1,0.7628550999628054,1,0.6448594552276113,1,0.7602289158833273,1,0.738166892115701,1,0.11391790400385995,0,1.0
0818152720718,S14,UBE 850T-2,1,,PLC_COMMUNICATION_FAILED_PLC packet timeout,,2026-09-14 06:10:36.430879+00:00,,,,,,,0.4361934275471529,1,0.7735988936336416,1,0.5782372759235028,1,0.7061386219169119,1,0.740521875664315,1,0.11893485036302956,0,
0818144020676,S14,UBE 850T-2,1,,Dia Under Size,,2026-09-14 06:12:05.957540+00:00,,MR,B,B-1,Top View,,0.16921368664161326,0,0.7875927973813931,1,0.45687873574552473,1,0.8383101723357256,1,0.23682918920306828,0,0.5774371941228863,1,
0818150820701,S14,UBE 850T-2,1,,Blow Hole M8,,2026-09-14 06:13:11.136407+00:00,,CRAM,F,F-4,Bottom View,Blow_Hole,0.38491550254662577,0,0.7517500017173496,1,0.5817936144841519,1,0.42772478228006205,1,0.42025884206477737,1,0.1778913038857632,0,0.0
0816172828619,S14,UBE 850T-2,1,,Blow Hole M8,,2026-09-14 06:14:40.440009+00:00,,CRAM,B,B-1,Top View,Blow_Hole,0.7977682019648473,1,0.7529999739590334,1,0.5514561523851351,1,0.8485134969502964,1,0.7135611771996709,1,0.13940751316518316,0,1.0
0818141520654,S14,UBE 850T-2,1,,Blow Hole M8,,2026-09-14 06:15:33.202998+00:00,,CRAM,B,B-1,Top View,Blow_Hole,0.6545334887756626,1,0.7821544212192769,1,0.5732738702199285,1,0.3515912944881838,0,0.2799104706034327,0,0.1297040278174341,0,1.0
0818140520645,S14,UBE 850T-2,1,,Blow Hole M8,,2026-09-14 06:15:49.758422+00:00,,CRAM,B,B-1,Top View,Blow_Hole,0.7561352398283511,1,0.7719274252873475,1,0.4910318133589977,1,0.3502761900167432,0,0.7460540141318351,1,0.10786702065169419,0,1.0
0816172428616,S14,UBE 850T-2,1,,Blow Hole M8,,2026-09-14 06:16:06.007477+00:00,,CRAM,B,B-1,Top View,Blow_Hole,0.6242211096188659,1,0.7668317548024963,1,0.6929849224182777,1,0.7591015475606839,1,0.7168296763306455,1,0.3074596778402717,0,1.0
0818135420635,S14,UBE 850T-2,1,,Dia Under Size,,2026-09-14 06:16:38.679762+00:00,,MR,B,B-1,Top View,,0.7692084177942077,1,0.752807363618683,1,0.2925396486826538,0,0.4514176691408842,1,0.7360372859736155,1,0.12194407285766776,0,
0818140020641,S14,UBE 850T-2,1,,Chipoff on M8.0,,2026-09-14 06:16:54.927170+00:00,,CRAM,B,B-1,Top View,Chipoff,0.6132394828073325,1,0.7599969340190172,1,0.3577245958978612,0,0.562542268021204,1,0.41835621812103135,1,0.12079726766402965,0,0.0
0818135320634,S14,UBE 850T-2,1,,Face Blow Hole,,2026-09-14 06:17:27.575888+00:00,,CRAM,B,B-1,Top View,Blow_Hole,0.7231137421221538,1,0.7628028721740323,1,0.6111411495278045,1,0.7057778150174785,1,0.24949090239785848,0,0.1297773669243724,0,1.0
0818133720620,S14,UBE 850T-2,1,,"PLC_COMMUNICATION_FAILED_PLC SLMP START_ACK timeout (expected 1,1,2)",,2026-09-14 06:18:08.305750+00:00,,,,,,,0.6545146126860495,1,0.7673024274313999,1,0.37770888210973136,0,0.14930056581217016,0,0.7401823896920461,1,0.12129787239435272,0,
0818133420617,S14,UBE 850T-2,1,,Body Leak,,2026-09-14 06:18:24.552822+00:00,,CRAM,B,B-1,Top View,,0.41177433232124516,1,0.7712153922766989,1,0.6113153271308827,1,0.5089584479137004,1,0.32261795763392126,0,0.1962746927432968,0,
0818134220624,S14,UBE 850T-2,1,,Face Blow Hole,,2026-09-14 06:18:41.136104+00:00,,CRAM,B,B-1,Top View,Blow_Hole,0.6204492446432824,1,0.7670247187516809,1,0.32344401425853725,0,0.5630069427151241,1,0.7354102479300637,1,0.1253498257445976,0,1.0
0810013123603,S14,UBE 850T-2,1,,Blow Hole M8,,2026-09-14 09:26:52.631710+00:00,,CRAM,E,E-1,Bottom View,Blow_Hole,0.7148307997435636,1,0.7854368352719572,1,0.5630504075947027,1,0.8618912653026716,1,0.7476414854230599,1,0.7876883128797247,1,1.0
0817132929516,S14,UBE 850T-2,1,,Face Blow Hole,,2026-09-15 02:12:27.251235+00:00,,CRAM,C,C-1,Top View,Blow_Hole,0.6245016590396038,1,0.7676388292961958,1,0.7039412282037962,1,0.4685519343392814,1,0.578107641640975,1,0.15825773982643818,0,1.0
0825170122214,S14,UBE 850T-2,1,,Non-Filling,,2026-09-15 03:59:00.115340+00:00,,CR,S,S-1,Rear,Non_filling,0.1726930886815109,0,0.2675933643931908,0,0.17618709974549593,0,0.1845051628762966,0,0.24129894587166018,0,0.19775845543854578,0,0.0
0825165022204,S14,UBE 850T-2,1,,Non-Filling,,2026-09-15 03:59:24.532101+00:00,,CR,L,L-1,Left Side,Non_filling,0.12939865489033617,0,0.2914018406754986,0,0.3057628646082233,0,0.42516301461674194,1,0.19251177930226224,0,0.7779688372651343,1,0.0
0825163722193,S14,UBE 850T-2,1,,Non-Filling,,2026-09-15 04:00:18.620223+00:00,,CR,L,L-1,Left Side,Non_filling,0.1285148923144102,0,0.2701295377591204,0,0.3291682994251293,0,0.20830833754504913,0,0.19358552434649057,0,0.7873699258430119,1,0.0
0818022520104,S14,UBE 850T-2,1,,Non-Filling,,2026-09-15 04:26:32.144586+00:00,,CR,E,E-2,Bottom View,Non_filling,0.683023451858082,1,0.762209861158238,1,0.812112087291955,1,0.6591078525642969,1,0.5748382904982929,1,0.31010957342283146,0,1.0
0821020522246,S14,UBE 850T-2,1,,Non-Filling,,2026-09-15 04:44:12.794549+00:00,,CR,O,O-1,Front,Non_filling,0.1723900069981976,0,0.2947892616046607,0,0.4351903614575924,1,0.2838830084502506,0,0.29494805477266084,0,0.1569788152334369,0,1.0
0825054021680,S14,UBE 850T-2,1,,Black Mark,,2026-09-15 04:47:15.011415+00:00,,CR,R,R-1,Rear,,0.29364863216136977,0,0.7466978558790405,1,0.32820330034231254,0,0.1681181069157459,0,0.21042549818959588,0,0.13855268463346798,0,
0818052720255,S14,UBE 850T-2,1,,Black Mark,,2026-09-15 05:06:22.611974+00:00,,CR,O,O-1,Front,,0.7561483016932974,1,0.7593193691755827,1,0.49631571735637753,1,0.7150370452216945,1,0.6953462002924254,1,0.7873002959396099,1,
0818053820265,S14,UBE 850T-2,1,,Black Mark,,2026-09-15 05:09:26.573142+00:00,,CR,M,M-2,Right Side,,0.8695229186758591,1,0.7789760330678135,1,0.710815330909266,1,0.42522350816790566,1,0.7494807015318947,1,0.14156335978974222,0,
0825053621676,S14,UBE 850T-2,1,,Non-Filling,,2026-09-15 05:18:34.395780+00:00,,CR,L,L-1,Left Side,Non_filling,0.14617004158020974,0,0.44880000689856736,1,0.3728202164106467,0,0.198751336007365,0,0.19229938936841615,0,0.7776517170824547,1,0.0
0825073821764,S14,UBE 850T-2,1,,Black Mark,,2026-09-15 05:19:38.667448+00:00,,CR,S,S-1,Rear,,0.24245045000057444,0,0.75113275535637,1,0.17402362467841254,0,0.18270540284154677,0,0.3951828765978987,0,0.8205497475088774,1,
0817054529166,S14,UBE 850T-2,1,,Non-Filling,,2026-09-15 05:32:37.167785+00:00,,CR,R,R-1,Rear,Non_filling,0.4908083404943154,1,0.7469717203188524,1,0.45722141668085486,1,0.8278019702204529,1,0.5858299733613951,1,0.16957551852129044,0,1.0
0825094321873,S14,UBE 850T-2,1,,Dent,,2026-09-15 05:33:54.646829+00:00,,CR,P,P-1,Front,,0.1739477225575326,0,0.265998645478158,0,0.37285539604372064,0,0.2996325683174274,0,0.24033881467752466,0,0.6129647987868809,1,
0817060629175,S14,UBE 850T-2,1,,M14 Face Blow Hole,,2026-09-15 05:46:06.838676+00:00,,CRAM,E,E-3,Bottom View,Blow_Hole,0.8921136641463644,1,0.8404974088748036,1,0.16674306543987272,0,0.3508954980519258,0,0.7994584481517105,1,0.0656842168597501,0,1.0
0824164121082,S14,UBE 850T-2,1,,Porosity,,2026-09-15 05:52:07.497588+00:00,,CRAM,E,E-3,Bottom View,Porosity,0.07550146165768759,0,0.837499132695442,1,0.0834751973355285,0,0.9105920202570016,1,0.1555712182153003,0,0.8812330608141883,1,1.0
0825085921835,S14,UBE 850T-2,1,,Dent,,2026-09-15 08:49:32.624620+00:00,,CR,P,P-2,Front,,0.2808350563202743,0,0.2725228387739115,0,0.22768184822291138,0,0.17469574832375012,0,0.24958822295095617,0,0.4770957359592696,1,
0825095921887,S14,UBE 850T-2,1,,Chip-off,,2026-09-15 08:50:09.106654+00:00,,CR,O,O-1,Front,Chipoff,0.09534153663178997,0,0.27161538478830366,0,0.16454380106965613,0,0.298159494475442,0,0.20134302934524456,0,0.7829836931949694,1,1.0
0825112421953,S14,UBE 850T-2,1,,Black Mark,,2026-09-15 08:57:00.460216+00:00,,CR,E,E-2,Bottom View,,0.16863666284439138,0,0.27402993495538236,0,0.17720998308900535,0,0.16137298865968586,0,0.24020251626991712,0,0.15469805088510272,0,
0825101421900,S14,UBE 850T-2,1,,Dent,,2026-09-15 09:10:16.552776+00:00,,CR,S,S-1,Rear,,0.11674079089716316,0,0.25191764944100337,0,0.3662097711413996,0,0.29988384196893875,0,0.29424203716293706,0,0.7873122169262344,1,
0825113621964,S14,UBE 850T-2,1,,Black Mark,,2026-09-15 09:17:01.594494+00:00,,CR,H,H-2,Bottom View,,0.23839024887427837,0,0.2756947112039945,0,0.1763690093461719,0,0.3413568021755311,0,0.20059830313773414,0,0.7994425775595325,1,
0806045620547,S14,UBE 850T-2,1,,Chip-off,,2026-09-15 10:30:04.377112+00:00,,CR,O,O-1,Front,Chipoff,0.27495826808698853,0,0.25312145988848467,0,0.34889761861457935,0,0.827859138321396,1,0.7327908598262594,1,0.8600131163156552,1,1.0
0806114820862,S14,UBE 850T-2,1,,Non-Filling,,2026-09-15 10:34:48.198843+00:00,,CR,O,O-1,Front,Non_filling,0.5871302284687735,1,0.7055331180733291,1,0.6988750293578281,1,0.8654124989223306,1,0.27814968495575276,0,0.1770745855451084,0,1.0
0821040122336,S14,UBE 850T-2,1,,Crack,,2026-09-15 11:53:52.672148+00:00,,CRAM,H,H-1,Bottom View,Crack,0.1783388966215975,0,0.7082366780144745,1,0.3058520334346425,0,0.1831500065678931,0,0.27607213457133595,0,0.17683284103939234,0,1.0
0728210223096,S14,UBE 850T-2,1,,Dent,,2026-09-21 10:57:24.085633+00:00,,CR,R,R-3,Rear,,0.23930555585393679,0,0.7580523126664183,1,0.4785001687765161,1,0.16758608245237294,0,0.2773539225509071,0,0.08891713454188237,0,
0728201523053,S14,UBE 850T-2,1,,Non-Filling,,2026-09-21 10:58:12.711905+00:00,,CR,L,L-1,Left Side,Non_filling,0.2143089894839323,0,0.8249279601931142,1,0.560386398135235,1,0.8066403157871219,1,0.20810748395233014,0,0.10807254523250563,0,1.0
0728211323106,S14,UBE 850T-2,1,,Dent,,2026-09-21 16:41:05.328516+00:00,,CR,L,L-1,Left Side,,0.5628146829360039,1,0.7843448629172886,1,0.4418298541756648,1,0.18155802270430194,0,0.27749450589773095,0,0.09724203682094808,0,
0728210423098,S14,UBE 850T-2,1,,Dent,,2026-09-21 11:00:42.699566+00:00,,CR,S,S-2,Rear,,0.5508760787218977,1,0.7915377294256024,1,0.41548193816353385,1,0.26430825439901323,0,0.4213032659001663,1,0.08106917556695445,0,
0728192123008,S14,UBE 850T-2,1,,Non-Filling,,2026-09-21 11:27:57.976982+00:00,,CR,S,S-2,Rear,Non_filling,0.26846503398198857,0,0.7806057937571536,1,0.6113506584039787,1,0.14929440305586908,0,0.24897776723543041,0,0.11821879770067718,0,1.0
0728174222924,S14,UBE 850T-2,1,,Bend,,2026-09-21 11:32:41.138691+00:00,,CR,D,D-4,Top View,,0.4288769493978103,1,0.821432774798886,1,0.3263058989049141,0,0.15064109099620468,0,0.7428477693740841,1,0.10311953946614905,0,
0728174022922,S14,UBE 850T-2,1,,Non-Filling,,2026-09-21 16:41:54.354900+00:00,,CR,Q,Q-1,Rear,Non_filling,0.17052767896253326,0,0.7542548029235561,1,0.34726437098490404,0,0.2673412079051288,0,0.7355095610649341,1,0.1274175225100769,0,0.0
0728180022937,S14,UBE 850T-2,1,,Porosity,,2026-09-21 23:23:34.057421+00:00,,CRAM,E,E-3,Bottom View,Porosity,0.1681929174941243,0,0.7469718623818697,1,0.43824294489469323,1,0.2980547529516425,0,0.7363291779166898,1,0.1764976869665397,0,0.0
0728181222948,S14,UBE 850T-2,1,,Porosity,,2026-09-21 23:24:14.893237+00:00,,CRAM,E,E-2,Bottom View,Porosity,0.2753867948080035,0,0.746934518773887,1,0.37301322273714,0,0.15804495905627375,0,0.694918083281265,1,0.11128194652005671,0,0.0
0728191723004,S14,UBE 850T-2,1,,Non-filling,,2026-09-22 05:47:29.463769+00:00,,CRAM,K,K-1,Left Side,Non_filling,0.23867836845289794,0,0.27287333883477616,0,0.3616748187992841,0,0.723498459250161,1,0.7484160687265655,1,0.12295306287579033,0,0.0
0729200424097,S14,UBE 850T-2,1,,Bend,,2026-09-21 14:06:05.023022+00:00,,CR,D,D-4,Top View,,0.17487566474251978,0,0.7735482735200355,1,0.7962685724979935,1,0.30041619321671204,0,0.25259903123157784,0,0.11745098124898708,0,
0729133423766,S14,UBE 850T-2,1,,Bend,,2026-09-21 15:06:55.039568+00:00,,CR,A,A-2,Top View,,0.05859180064370275,0,0.33935379236222263,0,0.45867254490390374,1,0.1817671033367955,0,0.19946745952643158,0,0.16563435026111212,0,
0729134923779,S14,UBE 850T-2,1,,Non-Filling,,2026-09-21 15:11:22.783249+00:00,,CR,S,S-2,Rear,Non_filling,0.11615097872715782,0,0.8029059566363332,1,0.5257551993098556,1,0.2702599806088762,0,0.19943947182997526,0,0.15877417866497337,0,1.0
0729134323774,S14,UBE 850T-2,1,,Bend,,2026-09-21 15:11:47.496956+00:00,,CR,C,C-1,Top View,,0.08572397632207009,0,0.7745281802086108,1,0.568470706035403,1,0.27547120972731326,0,0.18534705983140293,0,0.17045091589521932,0,
0729033623413,S14,UBE 850T-2,1,,Crack,,2026-09-21 15:36:46.312363+00:00,,CR,A,A-2,Top View,Crack,0.8996010959126395,1,0.8533911403916762,1,0.5594478782218134,1,0.14627061366394736,0,0.7991914439691539,1,0.057483212012190706,0,1.0
0729072623467,S14,UBE 850T-2,1,,Bend,,2026-09-21 15:48:55.584351+00:00,,CR,A,A-3,Top View,,0.23838387000499991,0,0.7740242497677318,1,0.5782224734545179,1,0.16025553695902614,0,0.24971564025088686,0,0.31123905140228875,0,
0729235224285,S14,UBE 850T-2,1,,"PLC_COMMUNICATION_FAILED_PLC SLMP START_ACK timeout (expected 1,1,2)",,2026-09-21 22:25:17.548532+00:00,,,,,,,0.2803477419641367,0,0.7703870444017442,1,0.6170638842873692,1,0.1893057329693778,0,0.7268561740917184,1,0.17629685173425946,0,
0729231524251,S14,UBE 850T-2,1,,Porosity,,2026-09-21 22:26:46.788840+00:00,,CRAM,C,C-1,Top View,Porosity,0.40839111795313565,1,0.7755190599231343,1,0.6954755699889752,1,0.30085879694123346,0,0.23687428954511425,0,0.3074347120599459,0,0.0
0729205624141,S14,UBE 850T-2,1,,M14 Face Blow Hole,,2026-09-21 22:35:53.645447+00:00,,CRAM,B,B-1,Top View,Blow_Hole,0.32403611248602626,0,0.7992500709315927,1,0.4359581850859403,1,0.18664527368313338,0,0.2047709685390836,0,0.12158146183121654,0,0.0
0729212324166,S14,UBE 850T-2,1,,Blister,,2026-09-21 22:42:28.696591+00:00,,CRAM,E,E-2,Bottom View,,0.3185243787084512,0,0.7831883185086363,1,0.6117814509973203,1,0.3552662683369631,0,0.2412996708000879,0,0.11589043227870142,0,
0729191324051,S14,UBE 850T-2,1,,Porosity,,2026-09-21 22:46:41.195687+00:00,,CRAM,H,H-3,Bottom View,Porosity,0.11661485321642977,0,0.7712418432888788,1,0.5233781565383138,1,0.15366553344563905,0,0.2589842307130394,0,0.15832591904089943,0,0.0
0729101223598,S14,UBE 850T-2,1,,Porosity,,2026-09-21 23:03:30.186878+00:00,,CRAM,H,H-3,Bottom View,Porosity,0.17720264548584913,0,0.7746927979483673,1,0.4405755658170765,1,0.27108238596878226,0,0.2804597477691423,0,0.12723947796267046,0,0.0
0729105623637,S14,UBE 850T-2,1,,Porosity,,2026-09-21 23:04:35.428151+00:00,,CRAM,C,C-1,Top View,Porosity,0.1813162994470815,0,0.8115500646441689,1,0.4964596202322361,1,0.36819650543921706,0,0.24312500235078827,0,0.16158995137713733,0,0.0
0729093223565,S14,UBE 850T-2,1,,Non-filling,,2026-09-21 23:08:22.640746+00:00,,CRAM,J,J-1,Left Side,Non_filling,0.1792086615334026,0,0.7848754762796186,1,0.6877990115155916,1,0.2594199388628834,0,0.24460544312686544,0,0.7650970429167077,1,1.0
0729094223574,S14,UBE 850T-2,1,,Face Blow Hole,,2026-09-21 23:10:32.672988+00:00,,CRAM,H,H-3,Bottom View,Blow_Hole,0.47774715801353207,1,0.8194070634767473,1,0.8125467117431548,1,0.19389500851400487,0,0.20231776766263654,0,0.31157477970781167,0,1.0
0729001923251,S14,UBE 850T-2,1,,Laser Marking NG,,2026-09-21 16:37:39.124995+00:00,,CR,C,C-1,Top View,,0.27489179646559697,0,0.7272214097763654,1,0.43233945286676045,1,0.18222830746854302,0,0.7258655882092309,1,0.10169222606536336,0,
0728203923075,S14,UBE 850T-2,1,,Laser Marking NG,,2026-09-21 16:41:17.602518+00:00,,CR,C,C-1,Top View,,0.24079756654478948,0,0.8270116554331732,1,0.4019663030678645,1,0.8922422606267953,1,0.2005440617194964,0,0.43294396281903297,1,
0731031725227,S14,UBE 850T-2,1,,Bend,,2026-09-22 05:08:22.931330+00:00,,CR,A,A-3,Top View,,0.16558844006905504,0,0.2951945074584229,0,0.5403874480880924,1,0.35120368452238104,0,0.4223268918493155,1,0.43268964917253905,1,
0731034225248,S14,UBE 850T-2,1,,M14 Face Blow Hole,,2026-09-22 05:09:28.020614+00:00,,CRAM,Q,Q-1,Rear,Blow_Hole,0.2883636063302777,0,0.7586441526103954,1,0.17656358795756172,0,0.4043952354617575,1,0.19834131133269015,0,0.44430013722351225,1,0.0
0731032925237,S14,UBE 850T-2,1,,Crack,,2026-09-22 05:12:55.780183+00:00,,CRAM,R,R-1,Rear,Crack,0.1335512862927413,0,0.7450444132591508,1,0.46963770786384285,1,0.42529895397190887,1,0.7380113278688232,1,0.14066817153590377,0,1.0
0731030525217,S14,UBE 850T-2,1,,Bend,,2026-09-21 18:29:59.801685+00:00,,CR,R,R-1,Rear,,0.48999313714020465,1,0.7429666499835583,1,0.31038906242751513,0,0.14859790766967734,0,0.21159364424037344,0,0.48212605267708275,1,
0728233923216,S14,UBE 850T-2,1,,Chip-off,,2026-09-21 23:15:29.712954+00:00,,CR,B,B-1,Top View,Chipoff,0.16195638332964005,0,0.7448463185066007,1,0.6113879533807549,1,0.4861578783683319,1,0.2527748353271831,0,0.12714846295524157,0,0.0
0731032525234,S14,UBE 850T-2,1,,Bend,,2026-09-22 05:05:19.505677+00:00,,CR,A,A-3,Top View,,0.17829931094381277,0,0.2633034633588831,0,0.32945638573056335,0,0.5624464869283754,1,0.7412280317600212,1,0.3746468074063913,0,
0729014123327,S14,UBE 850T-2,1,,Porosity,,2026-09-21 23:12:26.656829+00:00,,CRAM,H,H-3,Bottom View,Porosity,0.6778145307100902,1,0.7556603659362083,1,0.45858953133439706,1,0.35482886485305354,0,0.563835430161411,1,0.08983853453610305,0,0.0
0730183225136,S14,UBE 850T-2,1,,Porosity,,2026-09-21 19:01:53.874397+00:00,,CRAM,E,E-2,Bottom View,Porosity,0.38553344083335445,0,0.8207280596756942,1,0.5580725730780924,1,0.3545647409172195,0,0.4634767368025258,1,0.1217455486453447,0,0.0
0730183125135,S14,UBE 850T-2,1,,Face Blow Hole,,2026-09-21 19:02:46.604268+00:00,,CRAM,E,E-2,Bottom View,Blow_Hole,0.45570965701344834,1,0.8212216965736403,1,0.39344816719350967,0,0.16113761180732128,0,0.5639608393433315,1,0.11914304932005623,0,1.0
0730182125126,S14,UBE 850T-2,1,,Porosity,,2026-09-21 19:04:40.261140+00:00,,CRAM,E,E-2,Bottom View,Porosity,0.32649089056948555,0,0.8280021675554788,1,0.39260115816253177,0,0.299079238443666,0,0.42210720046842665,1,0.11655135359750601,0,0.0
0730183425138,S14,UBE 850T-2,1,,Porosity,,2026-09-21 19:05:08.867569+00:00,,CRAM,E,E-2,Bottom View,Porosity,0.26356417856197006,0,0.8298370988287082,1,0.5297231879712399,1,0.18299421236968783,0,0.2521581800320274,0,0.13765987029183308,0,0.0
0730170125055,S14,UBE 850T-2,1,,Porosity,,2026-09-21 19:05:25.099495+00:00,,CRAM,E,E-2,Bottom View,Porosity,0.17090218416867906,0,0.7940755973023735,1,0.4689434990530336,1,0.2971543353462111,0,0.19787204830065253,0,0.1567220640772887,0,0.0
0730170425057,S14,UBE 850T-2,1,,Porosity,,2026-09-21 19:11:13.446087+00:00,,CRAM,E,E-2,Bottom View,Porosity,0.16877833342292223,0,0.7786669846856062,1,0.46561588878203447,1,0.27022969856673795,0,0.4198446698954444,1,0.17630850833684045,0,0.0
0730042824523,S14,UBE 850T-2,1,,Bend,,2026-09-21 19:14:15.793567+00:00,,CR,A,A-2,Top View,,0.06445535048835452,0,0.23076453614683923,0,0.45878125793838287,1,0.3540093456328891,0,0.17383315552964768,0,0.7088701684709721,1,
0730025324447,S14,UBE 850T-2,1,,Porosity,,2026-09-21 19:15:44.865372+00:00,,CRAM,E,E-2,Bottom View,Porosity,0.35267379320345327,0,0.796871357280027,1,0.61162831487102,1,0.2838746941878849,0,0.19690549520347783,0,0.1547032536864937,0,0.0
0730143824969,S14,UBE 850T-2,1,,Porosity,,2026-09-21 19:23:26.890941+00:00,,CRAM,E,E-2,Bottom View,Porosity,0.24120141020232036,0,0.7799579755667573,1,0.7001313790688943,1,0.27101989308323976,0,0.23680737863509846,0,0.309643745424852,0,0.0
0730163625032,S14,UBE 850T-2,1,,Bend,,2026-09-21 19:27:04.497936+00:00,,CR,R,R-1,Rear,,0.1702688927316615,0,0.2707289448226856,0,0.17682151619881056,0,0.5985558037926267,1,0.4198176690335965,1,0.7069638593706727,1,
0730145424984,S14,UBE 850T-2,1,,Porosity,,2026-09-21 19:27:21.041835+00:00,,CRAM,E,E-2,Bottom View,Porosity,0.3025391942082063,0,0.7590842020553823,1,0.4189345299319391,1,0.18276307304661604,0,0.7266997593418738,1,0.13840310403183223,0,0.0
0730164225037,S14,UBE 850T-2,1,,Bend,,2026-09-21 19:31:39.961642+00:00,,CR,R,R-1,Rear,,0.4078008971092547,1,0.762752409175871,1,0.4656919811341643,1,0.2087189432662852,0,0.5350084976244477,1,0.13965564991707669,0,
0730164625041,S14,UBE 850T-2,1,,Porosity,,2026-09-21 19:32:20.569403+00:00,,CRAM,E,E-2,Bottom View,Porosity,0.2936964999295712,0,0.7973202128382444,1,0.49765610098773455,1,0.29468212465410193,0,0.2514340122542552,0,0.20287643448648499,0,0.0
0730165225046,S14,UBE 850T-2,1,,Bend,,2026-09-21 19:35:59.031870+00:00,,CR,A,A-2,Top View,,0.6822022304255069,1,0.8069940002206575,1,0.415829575814086,1,0.1987810978339985,0,0.23527531024185497,0,0.1233890621925357,0,
0728231823198,S14,UBE 850T-2,1,,Pre Filling,,2026-09-21 19:40:34.595118+00:00,,CR,S,S-2,Rear,,0.7166358295089702,1,0.7733805761422261,1,0.2895752985853688,0,0.300063431878685,0,0.20736151271763853,0,0.12113658091096019,0,
0730104424757,S14,UBE 850T-2,1,,Bend,,2026-09-21 19:43:45.121780+00:00,,CR,O,O-2,Front,,0.08653893098876228,0,0.30182792637436606,0,0.5586333781064753,1,0.29625796397722626,0,0.5897443606148667,1,0.15739950543740716,0,
0730052924579,S14,UBE 850T-2,1,,Dent,,2026-09-21 20:13:01.648930+00:00,,CR,G,G-1,Bottom View,,0.554316478632177,1,0.7821867103009847,1,0.45959080682738207,1,0.18532807394544104,0,0.7450682100552396,1,0.10719615418364106,0,
0730025524449,S14,UBE 850T-2,1,,Face Blow Hole,,2026-09-21 20:21:21.541650+00:00,,CRAM,E,E-2,Bottom View,Blow_Hole,0.239474521470567,0,0.7725509394535056,1,0.7135391913737337,1,0.2697067439854456,0,0.2502282306644451,0,0.3052393921307933,0,0.0
0730122224846,S14,UBE 850T-2,1,,"PLC_COMMUNICATION_FAILED_PLC SLMP START_ACK timeout (expected 1,1,2)",,2026-09-21 20:26:30.503489+00:00,,,,,,,0.40836310911586726,1,0.7740523496316133,1,0.6117911411050398,1,0.17495898477076016,0,0.20569993516577326,0,0.3040637318991361,0,
0730112924798,S14,UBE 850T-2,1,,Porosity,,2026-09-21 20:29:00.909860+00:00,,CRAM,F,F-3,Bottom View,Porosity,0.3815440788314941,0,0.7933593881675612,1,0.695808903795029,1,0.17676361920043776,0,0.4175830519583543,1,0.1130606543623178,0,0.0
0730114924816,S14,UBE 850T-2,1,,Laser Marking NG,,2026-09-21 20:35:59.199579+00:00,,CR,C,C-1,Top View,,0.08061512907470872,0,0.8073911432359752,1,0.5302363847070852,1,0.7995613552556344,1,0.7402183695385625,1,0.1542357849978107,0,
0728230923190,S14,UBE 850T-2,1,,Shrinkage,,2026-09-21 20:40:55.249240+00:00,,CR,I,I-1,Left Side,Shrinkage,0.2916995027307287,0,0.2614022213169776,0,0.4515205912555105,1,0.1510157301181805,0,0.294501800649431,0,0.15742010108258173,0,0.0
0730115924825,S14,UBE 850T-2,1,,Porosity,,2026-09-21 20:42:24.840422+00:00,,CRAM,P,P-2,Front,Porosity,0.17868836589007223,0,0.7599025756849119,1,0.5494288729193801,1,0.2989805903430863,0,0.24943274641849755,0,0.1661416360368033,0,0.0
0730103024744,S14,UBE 850T-2,1,,Crack,,2026-09-21 20:49:28.332633+00:00,,CR,D,D-4,Top View,Crack,0.07526619141241546,0,0.7767730694873451,1,0.36841956661081066,0,0.5113989086908914,1,0.7363233186387792,1,0.7833444536244579,1,1.0
0730102124740,S14,UBE 850T-2,1,,Non-Filling,,2026-09-21 20:49:40.610627+00:00,,CR,I,I-1,Left Side,Non_filling,0.08322953596831605,0,0.28334981080536165,0,0.3835336204245403,0,0.19140560760580613,0,0.23914407890937034,0,0.3097554342144392,0,0.0
0731031925229,S14,UBE 850T-2,1,,Face Blow Hole,,2026-09-22 05:16:43.961535+00:00,,CRAM,P,P-2,Front,Blow_Hole,0.18178333665471572,0,0.2906548732649702,0,0.17600144241376708,0,0.18693439741720835,0,0.7358962711639062,1,0.15454642686295358,0,0.0
0731014925157,S14,UBE 850T-2,1,,Porosity,,2026-09-22 05:17:24.835677+00:00,,CRAM,P,P-2,Front,Porosity,0.7639863782016082,1,0.820426599952836,1,0.60854116938584,1,0.1623311020931017,0,0.2802785780768259,0,0.09609670832685721,0,0.0
0731020325168,S14,UBE 850T-2,1,,Face Blow Hole,,2026-09-22 05:19:17.700021+00:00,,CRAM,H,H-3,Bottom View,Blow_Hole,0.17101943668475544,0,0.7507713530992416,1,0.3044223147094474,0,0.3068687180454549,0,0.4192980467810314,1,0.13993753274783238,0,0.0
0731024425202,S14,UBE 850T-2,1,,Porosity,,2026-09-22 05:21:51.458289+00:00,,CRAM,H,H-3,Bottom View,Porosity,0.29194676881328246,0,0.7103687797628689,1,0.30299932285008674,0,0.15265661580360002,0,0.23908588814136075,0,0.1561924522831431,0,0.0
0731025125208,S14,UBE 850T-2,1,,"PLC_COMMUNICATION_FAILED_PLC SLMP START_ACK timeout (expected 1,1,2)",,2026-09-22 05:23:00.506088+00:00,,,,,,,0.31167565701402633,0,0.7117405642680993,1,0.3034409910299646,0,0.2968824668857389,0,0.7137201940453435,1,0.11085124239501729,0,
0731025625212,S14,UBE 850T-2,1,,Shrinkage,,2026-09-22 05:31:03.995640+00:00,,CR,P,P-2,Front,Shrinkage,0.215363517612116,0,0.3015359974278232,0,0.17768150665317026,0,0.154320884847506,0,0.42022814855294677,1,0.15424884975063208,0,1.0
0731021525178,S14,UBE 850T-2,1,,Non-Filling,,2026-09-22 05:31:16.308916+00:00,,CR,A,A-2,Top View,Non_filling,0.09492727741635881,0,0.2682717501987616,0,0.3662325280599575,0,0.2998720759283412,0,0.7015306161962093,1,0.17758819644617355,0,0.0
0730181425121,S14,UBE 850T-2,1,,Non-Filling,,2026-09-22 05:34:53.168567+00:00,,CR,A,A-4,Top View,Non_filling,0.17460947624770198,0,0.83391918597632,1,0.6077344822227708,1,0.9065135528142043,1,0.27698575383522783,0,0.7655444325478582,1,1.0
0731033325241,S14,UBE 850T-2,1,,Cold Shut,,2026-09-21 18:22:37.653706+00:00,,CRAM,K,K-1,Left Side,,0.14607446755295084,0,0.29366358668127035,0,0.4156792784425923,1,0.18216700685012366,0,0.670096233272074,1,0.311956913216706,0,
0819002721075,S14,UBE 850T-2,1,,Non-Filling,,2026-09-21 20:03:50.631280+00:00,,CR,H,H-1,Bottom View,Non_filling,0.5001302514496218,1,0.7966211342852834,1,0.7132798927560609,1,0.38369557386120845,0,0.564007179236593,1,0.12514341025935896,0,1.0
0728235723232,S14,UBE 850T-2,1,,Shrinkage,,2026-09-21 21:01:36.291664+00:00,,CR,L,L-1,Left Side,Shrinkage,0.3490761054005989,0,0.7574669164828112,1,0.28977423300783595,0,0.2954458704090002,0,0.2945688507138031,0,0.12361148494547364,0,0.0
0729093623569,S14,UBE 850T-2,1,,Bend,,2026-09-21 21:11:06.401942+00:00,,CR,B,B-1,Top View,,0.16125294863521428,0,0.7608115684737649,1,0.574003666238172,1,0.3679721604572945,0,0.7372197023374203,1,0.13692150067128767,0,
0730075224656,S14,UBE 850T-2,1,,Bend,,2026-09-21 21:12:43.741837+00:00,,CR,O,O-2,Front,,0.12869508257495207,0,0.8089063935282307,1,0.5284011439344144,1,0.8833609148447956,1,0.19720084758514672,0,0.16265882910112126,0,
0730075024654,S14,UBE 850T-2,1,,Bend,,2026-09-21 21:13:28.394276+00:00,,CR,O,O-2,Front,,0.16265131782936776,0,0.7967843363487445,1,0.7768898824842813,1,0.8393810275873029,1,0.20612477825693007,0,0.17648557183439992,0,
0730082124683,S14,UBE 850T-2,1,,Bend,,2026-09-21 21:14:31.053401+00:00,,CR,A,A-3,Top View,,0.17279847216865424,0,0.8057228173511782,1,0.37177844082252304,0,0.18695689954647926,0,0.7466262130485752,1,0.15340224043764344,0,
0730075324657,S14,UBE 850T-2,1,,Non-Filling,,2026-09-21 21:18:59.806653+00:00,,CR,C,C-1,Top View,Non_filling,0.17905432816530287,0,0.768196266252601,1,0.6923089984931995,1,0.14978648812882786,0,0.2371144797007025,0,0.17441206924849548,0,1.0
0730061424599,S14,UBE 850T-2,1,,Non-Filling,,2026-09-21 21:27:34.823365+00:00,,CR,L,L-1,Left Side,Non_filling,0.7638179584932565,1,0.7981104847681006,1,0.5943088168471852,1,0.17615154190915544,0,0.73838889877519,1,0.10403380819804223,0,1.0
0730075124655,S14,UBE 850T-2,1,,Bend,,2026-09-21 21:32:22.788849+00:00,,CR,A,A-3,Top View,,0.08596526038717354,0,0.8037896106683597,1,0.8124244836853547,1,0.8971151839628742,1,0.19638456824676792,0,0.8029069591475719,1,
0730053024580,S14,UBE 850T-2,1,,Porosity,,2026-09-21 21:35:53.773721+00:00,,CRAM,C,C-1,Top View,Porosity,0.08830937690427522,0,0.7511879194513429,1,0.7935418896995232,1,0.8675300439744018,1,0.7422676335526965,1,0.15425618210124034,0,1.0
0730082424685,S14,UBE 850T-2,1,,Porosity,,2026-09-21 21:36:50.860650+00:00,,CRAM,C,C-1,Top View,Porosity,0.17197979272850933,0,0.7959028316318615,1,0.4437532162634637,1,0.15391927126138336,0,0.5345339765389243,1,0.15440639268183548,0,0.0
0730061524600,S14,UBE 850T-2,1,,Bend,,2026-09-21 21:39:29.002850+00:00,,CR,A,A-2,Top View,,0.6920759609799683,1,0.8011688109898042,1,0.44237710109263,1,0.18528246036063986,0,0.28053868687464545,0,0.10125071751070286,0,
0730064924631,S14,UBE 850T-2,1,,Blow Hole M8,,2026-09-21 21:40:05.341289+00:00,,CRAM,B,B-1,Top View,Blow_Hole,0.6642229313375952,1,0.7885251550425422,1,0.46731252893720476,1,0.18776722620361774,0,0.4699227795247588,1,0.09612799082123977,0,1.0
0730051924570,S14,UBE 850T-2,1,,Non-Filling,,2026-09-21 21:45:57.380198+00:00,,CR,S,S-2,Rear,Non_filling,0.43816468967847866,1,0.7929329217075556,1,0.6047117708308339,1,0.18430612928979762,0,0.742028354692362,1,0.11161036207248529,0,1.0
0729035523430,S14,UBE 850T-2,1,,Porosity,,2026-09-21 20:53:24.665810+00:00,,CRAM,C,C-1,Top View,Porosity,0.519481741209076,1,0.7823997136629357,1,0.3835133075324102,0,0.16030644475248335,0,0.24400873131070155,0,0.10374062259641997,0,0.0
0730035124499,S14,UBE 850T-2,1,,Porosity,,2026-09-21 22:05:52.543081+00:00,,CRAM,C,C-1,Top View,Porosity,0.29177735970297847,0,0.8046724349987016,1,0.508694455004717,1,0.18271496421320194,0,0.24172161965351796,0,0.12744177057176692,0,0.0
0730051524566,S14,UBE 850T-2,1,,Non-filling,,2026-09-21 22:13:44.065886+00:00,,CRAM,K,K-1,Left Side,Non_filling,0.2745794479505417,0,0.8152576544698421,1,0.5627449193656701,1,0.18428690475664608,0,0.20186935584652396,0,0.13987495688929866,0,1.0
0729125623744,S14,UBE 850T-2,1,,Face Blow Hole,,2026-09-21 22:20:58.183006+00:00,,CRAM,C,C-1,Top View,Blow_Hole,0.154162293249308,0,0.8081128462400011,1,0.6878816088143622,1,0.19126851200940087,0,0.19668542076553086,0,0.1585374373587965,0,0.0
0826091522942,S14,UBE 850T-2,1,,Chip-off,,2026-09-21 22:04:11.057136+00:00,,CR,E,E-1,Bottom View,Chipoff,0.31155795152548527,0,0.2911897126148477,0,0.5281382922762557,1,0.17535319622987855,0,0.19622729476812206,0,0.16194663676821452,0,0.0
0826102423003,S14,UBE 850T-2,1,,Shrinkage,,2026-09-21 22:06:46.487411+00:00,,CR,L,L-1,Left Side,Shrinkage,0.17885312275538628,0,0.27381537310093534,0,0.17713229597873728,0,0.18150953632003675,0,0.24722588883759725,0,0.6082238016555899,1,0.0
0821070122466,S14,UBE 850T-2,1,,Black Mark,,2026-09-21 22:12:39.408267+00:00,,CR,G,G-1,Bottom View,,0.2147120039175293,0,0.28206036121020317,0,0.39662139392280116,0,0.3565608112709438,0,0.20856353626497054,0,0.16909655661538345,0,
0826093322958,S14,UBE 850T-2,1,,Shrinkage,,2026-09-21 22:13:16.029434+00:00,,CR,L,L-1,Left Side,Shrinkage,0.4077053450206716,1,0.7070204826736348,1,0.267893034887323,0,0.18121807388769742,0,0.2483377862771904,0,0.3044948646391427,0,0.0
0826061322820,S14,UBE 850T-2,1,,Black Mark,,2026-09-21 22:18:54.602833+00:00,,CR,S,S-1,Rear,,0.08537579907006616,0,0.2649275079557343,0,0.544399620122722,1,0.29614184702592944,0,0.19385865019037749,0,0.8570579745330511,1,
0826102123000,S14,UBE 850T-2,1,,Chip-off,,2026-09-21 23:05:02.269747+00:00,,CR,E,E-2,Bottom View,Chipoff,0.06664526275824938,0,0.2668972775108841,0,0.3733181737458405,0,0.5976431205883936,1,0.205317741544232,0,0.7814294906621394,1,1.0
0826114623075,S14,UBE 850T-2,1,,Non-Filling,,2026-09-21 23:13:34.317870+00:00,,CR,P,P-1,Front,Non_filling,0.22531575608682486,0,0.8533898733466877,1,0.4154636493311981,1,0.3545415857768447,0,0.16855797605002631,0,0.16861605053513642,0,1.0
0730061224597,S14,UBE 850T-2,1,,Extra Metal,,2026-09-21 21:32:35.009888+00:00,,CR,A,A-3,Top View,,0.43599189634377283,1,0.7841187475157183,1,0.7926373876478214,1,0.27027224952242,0,0.3951479808168131,0,0.1110644723911264,0,
0730033524486,S14,UBE 850T-2,1,,Porosity,,2026-09-21 22:03:04.669512+00:00,,CRAM,C,C-1,Top View,Porosity,0.09718348059877067,0,0.7879199415564339,1,0.700009866311819,1,0.1815823308577295,0,0.2809124593625199,0,0.17054133372858585,0,0.0
0729215924193,S14,UBE 850T-2,1,,Porosity,,2026-09-21 22:03:21.311116+00:00,,CRAM,C,C-1,Top View,Porosity,0.23867457087773472,0,0.7969328924410134,1,0.5627606723191194,1,0.34114699604365717,0,0.20141528282859106,0,0.11221176681753148,0,0.0
0801011926248,S14,UBE 850T-2,1,,Non-Filling,,2026-09-21 23:53:21.661085+00:00,,CR,R,R-3,Rear,Non_filling,0.24324806527898957,0,0.7597751247850196,1,0.4438423244196159,1,0.35184398461020316,0,0.27737579376241617,0,0.17570839751748663,0,1.0
0801012026249,S14,UBE 850T-2,1,,Non-Filling,,2026-09-21 23:53:33.905326+00:00,,CR,R,R-3,Rear,Non_filling,0.26852101003809575,0,0.708657102002432,1,0.40206231278867954,1,0.3019255562345301,0,0.5279307898408642,1,0.10836357590334428,0,1.0
0818232521019,S14,UBE 850T-2,1,,Black Mark,,2026-09-21 23:57:50.662502+00:00,,CR,A,A-1,Top View,,0.3122030480149284,0,0.7630392829400285,1,0.40043983652617826,1,0.8615497579001636,1,0.42187198813370386,1,0.13771305799670255,0,
0819003021078,S14,UBE 850T-2,1,,Black Mark,,2026-09-21 23:58:15.360299+00:00,,CR,P,P-2,Front,,0.32404139484954575,0,0.7495757377458926,1,0.4570036081215818,1,0.7902880005982209,1,0.7269056854500513,1,0.3086320624839897,0,
0801011826247,S14,UBE 850T-2,1,,PLC_COMMUNICATION_FAILED_PLC circuit open until 2026-08-06T03:20:38.152Z,,2026-09-21 23:59:55.766546+00:00,,,,,,,0.29146262467566886,0,0.7717582716341327,1,0.4667090122764722,1,0.28586432402917794,0,0.41735904834643495,1,0.10923277881786644,0,
0801020926290,S14,UBE 850T-2,1,,Non-Filling,,2026-09-22 00:05:42.157938+00:00,,CR,O,O-2,Front,Non_filling,0.5970180092611165,1,0.788109182203838,1,0.45874165972717296,1,0.35361543859571043,0,0.28759045846488157,0,0.10389630521349938,0,1.0
0801003326210,S14,UBE 850T-2,1,,Non-Filling,,2026-09-22 00:11:16.043582+00:00,,CR,A,A-1,Top View,Non_filling,0.24288024804929445,0,0.27722862025637407,0,0.17589084615259126,0,0.18532324867552646,0,0.7168505393909899,1,0.12459588313074196,0,0.0
0731235626179,S14,UBE 850T-2,1,,Bend,,2026-09-22 00:11:40.762127+00:00,,CR,D,D-5,Top View,,0.17730859325378845,0,0.7593463756598704,1,0.4019254286217453,1,0.18518699009718953,0,0.6698829582614796,1,0.11259503402587462,0,
0731234326168,S14,UBE 850T-2,1,,Non-Filling,,2026-09-22 00:18:27.435231+00:00,,CR,A,A-1,Top View,Non_filling,0.2160080358111716,0,0.448983468546142,1,0.17577663185970668,0,0.15074941677059012,0,0.27795387962193746,0,0.30458445599066897,0,0.0
0801000926190,S14,UBE 850T-2,1,,Porosity,,2026-09-22 00:38:15.751234+00:00,,CRAM,E,E-2,Bottom View,Porosity,0.5970501973160143,1,0.777625788087736,1,0.4278619364155104,1,0.2664434139214519,0,0.41892505800801594,1,0.09950370721400718,0,0.0
0731221026098,S14,UBE 850T-2,1,,Non-Filling,,2026-09-22 00:55:06.393905+00:00,,CR,R,R-3,Rear,Non_filling,0.07352948360501357,0,0.7754642236462461,1,0.18329646796956875,0,0.8790188138581752,1,0.21095972283829095,0,0.13677854878365617,0,0.0
0731220126091,S14,UBE 850T-2,1,,Non-Filling,,2026-09-22 00:56:56.167721+00:00,,CR,A,A-2,Top View,Non_filling,0.5327469854848608,1,0.7909673198120521,1,0.4159391296188089,1,0.2860643010016004,0,0.5356406671011996,1,0.09101161317295102,0,1.0
0731225626137,S14,UBE 850T-2,1,,Non-Filling,,2026-09-22 00:57:41.319659+00:00,,CR,R,R-3,Rear,Non_filling,0.12879252425256887,0,0.7467541634377514,1,0.44711134595953894,1,0.35060267845237925,0,0.7008285794396644,1,0.1184212466373332,0,1.0
0731210226042,S14,UBE 850T-2,1,,Dent,,2026-09-22 01:17:44.091439+00:00,,CR,D,D-1,Top View,,0.08368553911424902,0,0.25794188801357815,0,0.39325859822814735,0,0.5956369690076637,1,0.6690581574283005,1,0.15356695881019478,0,
0731193025964,S14,UBE 850T-2,1,,Non-Filling,,2026-09-22 01:59:20.054906+00:00,,CR,K,K-1,Left Side,Non_filling,0.48089861043089105,1,0.7642888058663633,1,0.4790079387646622,1,0.3390794353326944,0,0.27945535193773563,0,0.11549084268824203,0,1.0
0731181325899,S14,UBE 850T-2,1,,Bend,,2026-09-22 02:03:12.339139+00:00,,CR,A,A-2,Top View,,0.4079172722171932,1,0.28225006455953283,0,0.4449637913199863,1,0.2975614265449868,0,0.4239663522071202,1,0.12072537348069251,0,
0731110725597,S14,UBE 850T-2,1,,Non-Filling,,2026-09-22 02:12:47.238873+00:00,,CR,S,S-2,Rear,Non_filling,0.05150587365331592,0,0.2589253103822501,0,0.415414614897374,1,0.8622884559453812,1,0.23848161427382358,0,0.8204104536002758,1,1.0
0731140325714,S14,UBE 850T-2,1,,Non-Filling,,2026-09-22 02:14:49.410204+00:00,,CR,S,S-2,Rear,Non_filling,0.49640023801083977,1,0.748821085902691,1,0.4241064908811102,1,0.20826100986740687,0,0.2876251552937634,0,0.1117611675696404,0,1.0
0731122725664,S14,UBE 850T-2,1,,Non-Filling,,2026-09-22 02:15:01.995861+00:00,,CR,S,S-2,Rear,Non_filling,0.3333926359480563,0,0.2914750974336976,0,0.49296238767022077,1,0.28564462768441506,0,0.7130311789550144,1,0.09856371632561867,0,1.0
0731165625856,S14,UBE 850T-2,1,,Porosity,,2026-09-22 02:22:49.923176+00:00,,CRAM,E,E-2,Bottom View,Porosity,0.38273031219403053,0,0.7538166303853503,1,0.46751496125194614,1,0.19877116072896464,0,0.24349587277516632,0,0.1212109353485383,0,0.0
0731163925844,S14,UBE 850T-2,1,,Face Blow Hole,,2026-09-22 02:25:48.782652+00:00,,CRAM,E,E-2,Bottom View,Blow_Hole,0.17397700606492045,0,0.7595835773114932,1,0.3488607951496601,0,0.18426574687639924,0,0.2765116498443185,0,0.12968865946091854,0,0.0
0731160525816,S14,UBE 850T-2,1,,Chipoff on M8.0,,2026-09-22 02:29:56.172879+00:00,,CRAM,E,E-2,Bottom View,Chipoff,0.5166601523487133,1,0.7579164028350963,1,0.45535262629451856,1,0.39847213841384027,0,0.20543192262554738,0,0.12108990468827988,0,0.0
0731153525791,S14,UBE 850T-2,1,,Chipoff on M8.0,,2026-09-22 02:30:53.183585+00:00,,CRAM,E,E-2,Bottom View,Chipoff,0.6544659383470394,1,0.7529770774282606,1,0.46749078814323103,1,0.3546237352590745,0,0.2429996567203943,0,0.10235321977618106,0,0.0
0731130225693,S14,UBE 850T-2,1,,Porosity,,2026-09-22 03:01:34.561860+00:00,,CRAM,E,E-2,Bottom View,Porosity,0.08816039807633995,0,0.27229596805545997,0,0.1737957065593973,0,0.6790509609556141,1,0.5636114495443078,1,0.1595282061700014,0,1.0
0731092725518,S14,UBE 850T-2,1,,Porosity,,2026-09-22 03:02:03.427588+00:00,,CRAM,E,E-2,Bottom View,Porosity,0.16106948345165878,0,0.7112309038547016,1,0.16491189820683955,0,0.7064905468851534,1,0.7077083517156456,1,0.2319267914532653,0,1.0
0731124925682,S14,UBE 850T-2,1,,Face Blow Hole,,2026-09-22 03:02:19.769354+00:00,,CRAM,B,B-1,Top View,Blow_Hole,0.17052828658574018,0,0.30275023023936254,0,0.46166289610763855,1,0.3155369363064373,0,0.694640527630895,1,0.1050202288851701,0,0.0
0731080125446,S14,UBE 850T-2,1,,Non-Filling,,2026-09-22 03:17:42.466270+00:00,,CR,O,O-2,Front,Non_filling,0.4733550457884633,1,0.7461021084046094,1,0.41184496927860753,1,0.18773530258749632,0,0.24665498110985004,0,0.1023789646826429,0,1.0
0818201320893,S14,UBE 850T-2,1,,Non-Filling,,2026-09-22 04:49:15.301276+00:00,,CR,K,K-1,Left Side,Non_filling,0.37159891401207906,0,0.7709566471717122,1,0.32111754896242783,0,0.6795510445503885,1,0.7466417007352162,1,0.30499813882893656,0,0.0
0817012928950,S14,UBE 850T-2,1,,Non-Filling,,2026-09-22 06:12:02.971793+00:00,,CR,H,H-1,Bottom View,Non_filling,0.5840356089865852,1,0.7574287764257263,1,0.38063137461212027,0,0.7059266255320242,1,0.5859442349027586,1,0.1764610023242283,0,0.0
0817040629080,S14,UBE 850T-2,1,,Non-Filling,,2026-09-22 06:35:06.172170+00:00,,CR,L,L-1,Left Side,Non_filling,0.6178032770468446,1,0.7659329154037158,1,0.3833405876670094,0,0.5127166601248835,1,0.7323196187511503,1,0.16735411894095212,0,0.0
0731085125488,S14,UBE 850T-2,1,,Bend,,2026-09-22 03:45:50.541527+00:00,,CR,A,A-3,Top View,,0.13359690805057778,0,0.2645505440559356,0,0.304176501409414,0,0.15997070337785327,0,0.6694368675388659,1,0.1588555595120812,0,
0731082925469,S14,UBE 850T-2,1,,Non-Filling,,2026-09-22 03:47:49.451628+00:00,,CR,A,A-4,Top View,Non_filling,0.30455751328359393,0,0.4496860903693565,1,0.5583650131025193,1,0.15078425066494372,0,0.24739041375968784,0,0.13807514285194145,0,1.0
0731092525516,S14,UBE 850T-2,1,,Non-Filling,,2026-09-22 03:49:15.458809+00:00,,CR,O,O-2,Front,Non_filling,0.2383918936961056,0,0.7118507979387722,1,0.44627856756413276,1,0.339010552924656,0,0.5274278282867063,1,0.1391957228188497,0,1.0
0731090825502,S14,UBE 850T-2,1,,Non-Filling,,2026-09-22 03:53:37.679008+00:00,,CR,A,A-2,Top View,Non_filling,0.17534337251372106,0,0.2578034383533867,0,0.4472086761536034,1,0.7332948148932212,1,0.24688319733104622,0,0.3102006886139178,0,1.0
0731081825460,S14,UBE 850T-2,1,,Porosity,,2026-09-22 04:05:30.636517+00:00,,CRAM,P,P-2,Front,Porosity,0.07426145810506643,0,0.2751883218850215,0,0.34689421747141586,0,0.8447274855700373,1,0.7398863323016664,1,0.8019952379539036,1,1.0
0731084325481,S14,UBE 850T-2,1,,Non-Filling,,2026-09-22 04:07:20.951178+00:00,,CR,S,S-2,Rear,Non_filling,0.32246037055689325,0,0.44955333043774215,1,0.36693686041588786,0,0.3598413054522469,0,0.28794812861905444,0,0.15978091990423188,0,0.0
0731065825394,S14,UBE 850T-2,1,,Shrinkage,,2026-09-22 04:10:36.547260+00:00,,CRAM,H,H-3,Bottom View,Shrinkage,0.4945945662362887,1,0.2931644131604193,0,0.17669064343560506,0,0.30149417572016635,0,0.5344489002101481,1,0.1279445332878733,0,1.0
0731081325456,S14,UBE 850T-2,1,,Dent,,2026-09-22 04:18:00.221015+00:00,,MR,Q,Q-1,Rear,,0.2668533893093275,0,0.7501688697712516,1,0.17348739040556266,0,0.27540962103282435,0,0.18743276220225913,0,0.7299277158832391,1,
0731060825352,S14,UBE 850T-2,1,,Bend,,2026-09-22 04:18:37.081573+00:00,,CR,B,B-1,Top View,,0.13348111181494327,0,0.2950752101192413,0,0.31056114563189546,0,0.7590110789769756,1,0.7363303282247421,1,0.31034109762359946,0,
0731072125413,S14,UBE 850T-2,1,,Bend,,2026-09-22 04:44:41.991860+00:00,,CR,A,A-2,Top View,,0.172995985703858,0,0.2827134280138134,0,0.44625609959918244,1,0.17562109936287373,0,0.7476421923800106,1,0.11696779135669097,0,
0731035125256,S14,UBE 850T-2,1,,Chip-off,,2026-09-22 04:50:53.766461+00:00,,CR,L,L-1,Left Side,Chipoff,0.07599600913844289,0,0.7106728204618196,1,0.17615264329132707,0,0.736848491006183,1,0.6690945030141286,1,0.7983316119702774,1,1.0
0731043525287,S14,UBE 850T-2,1,,Bend,,2026-09-22 04:51:30.328259+00:00,,CR,A,A-2,Top View,,0.21451109964615098,0,0.28204624300063225,0,0.1770704743603385,0,0.3559478863490927,0,0.7076341934112229,1,0.13651802491034193,0,
0731035925263,S14,UBE 850T-2,1,,Bend,,2026-09-22 04:51:42.511602+00:00,,CR,A,A-2,Top View,,0.23941973822876758,0,0.709766440289934,1,0.45593692271032576,1,0.18903282788816914,0,0.2774960449785394,0,0.305256475057456,0,
0731040125264,S14,UBE 850T-2,1,,Bend,,2026-09-22 04:51:54.697922+00:00,,CR,A,A-3,Top View,,0.08420930871219899,0,0.28242705442837723,0,0.3048791683196981,0,0.8685695321383663,1,0.24978406315113819,0,0.46890261749854,1,
0731042525279,S14,UBE 850T-2,1,,Bend,,2026-09-22 04:52:07.194790+00:00,,CR,B,B-1,Top View,,0.07390314231461759,0,0.8533911435097861,1,0.3213414757814462,0,0.7532950650347754,1,0.19863219246374378,0,0.1655839421040326,0,
0731044425295,S14,UBE 850T-2,1,,Bend,,2026-09-22 04:52:19.374304+00:00,,CR,A,A-3,Top View,,0.12895360268972622,0,0.7066786774938517,1,0.4020463370613601,1,0.20801549509304967,0,0.7376999088513058,1,0.1573777641750629,0,
0731053225335,S14,UBE 850T-2,1,,Bend,,2026-09-22 05:05:07.217195+00:00,,CR,A,A-3,Top View,,0.4364782906312491,1,0.7468276343613786,1,0.4653740457186487,1,0.18301790876728963,0,0.2773272586586847,0,0.10264823007896286,0,
0801210826963,S14,UBE 850T-2,1,,Bend,,2026-09-22 06:30:09.901391+00:00,,CR,C,C-1,Top View,,0.1657055469388113,0,0.29371240648134084,0,0.3926787489820931,0,0.18752534871021098,0,0.6694234452350626,1,0.12064745041665212,0,
