id_part,id_die,id_client,updated_at,category,zone,sub_zone,view,id_machine,defect_type,mapped_defect,prob_Blow_Hole,prob_Crack,prob_Non_filling,prob_Porosity,prob_Shrinkage,prob_Chipoff,pred_Blow_Hole,pred_Crack,pred_Non_filling,pred_Porosity,pred_Shrinkage,pred_Chipoff,defect_prediction_done,accuracy
0728174022922,S14,1,2026-09-21 16:41:54.354900+00:00,CR,Q,Q-1,Rear,UBE 850T-2,Non-Filling,Non_filling,0.07486571141815535,0.8425419049864318,0.8995090876567765,0.6387823063648264,0.7390565256237538,0.1626943190472888,0,1,1,1,1,0,1,1.0
0728174222924,S14,1,2026-09-21 11:32:41.138691+00:00,CR,D,D-4,Top View,UBE 850T-2,Bend,,0.19974135633995535,0.8217778773459805,0.5409214076762303,0.31884844662230993,0.21453529285925088,0.1616144235584833,0,1,1,0,0,0,1,
0728180022937,S14,1,2026-09-21 23:23:34.057421+00:00,CRAM,E,E-3,Bottom View,UBE 850T-2,Porosity,Porosity,0.4319002646742179,0.8121883585255317,0.7006459523576625,0.8196028321433827,0.441190947267997,0.11190566107406152,1,1,1,1,1,0,1,1.0
0728181222948,S14,1,2026-09-21 23:24:14.893237+00:00,CRAM,E,E-2,Bottom View,UBE 850T-2,Porosity,Porosity,0.5998943465457427,0.6415445874191963,0.5684270802627593,0.7659863843969638,0.42421598935490223,0.09695319037980532,1,1,1,1,1,0,1,1.0
0728191723004,S14,1,2026-09-22 05:47:29.463769+00:00,CRAM,K,K-1,Left Side,UBE 850T-2,Non-filling,Non_filling,0.2718731587155153,0.2720999588007563,0.7675952117018655,0.7728613739364759,0.2590530209789303,0.07607906626260545,0,0,1,1,0,0,1,1.0
0728192123008,S14,1,2026-09-21 11:27:57.976982+00:00,CR,S,S-2,Rear,UBE 850T-2,Non-Filling,Non_filling,0.2651115221351787,0.6942451188759886,0.6843154731348431,0.6728561866021467,0.42365627214868207,0.06221611280006084,0,1,1,1,1,0,1,1.0
0728201523053,S14,1,2026-09-21 10:58:12.711905+00:00,CR,L,L-1,Left Side,UBE 850T-2,Non-Filling,Non_filling,0.09523560685365469,0.5918459720088582,0.6637089370766261,0.6194798892337532,0.7724768530281019,0.10042351104806307,0,1,1,1,1,0,1,1.0
0728203923075,S14,1,2026-09-21 16:41:17.602518+00:00,CR,C,C-1,Top View,UBE 850T-2,Laser Marking NG,,0.3895366657356929,0.8272187706087699,0.6765910075433436,0.8461308802815564,0.7347091051688666,0.14467695656627302,0,1,1,1,1,0,1,
0728210223096,S14,1,2026-09-21 10:57:24.085633+00:00,CR,R,R-3,Rear,UBE 850T-2,Dent,,0.09557384411561676,0.28480610407573764,0.4110301450209424,0.31776951866662784,0.19712091557160416,0.09957064919310624,0,0,1,0,0,0,1,
0728210423098,S14,1,2026-09-21 11:00:42.699566+00:00,CR,S,S-2,Rear,UBE 850T-2,Dent,,0.18515687232270547,0.5237595796675549,0.3553757185932369,0.37686263233443457,0.20864865867945978,0.8347800617410862,0,1,0,0,0,1,1,
0728211323106,S14,1,2026-09-21 16:41:05.328516+00:00,CR,L,L-1,Left Side,UBE 850T-2,Dent,,0.26066938060307465,0.8303093426981363,0.3036411393278915,0.7228899823863686,0.6840623251483082,0.2201556044399613,0,1,0,1,1,0,1,
0728230923190,S14,1,2026-09-21 20:40:55.249240+00:00,CR,I,I-1,Left Side,UBE 850T-2,Shrinkage,Shrinkage,0.09984994733424207,0.8359188452149635,0.6833827778059928,0.5087494364915568,0.6781877512372747,0.061255423274788126,0,1,1,1,1,0,1,1.0
0728231823198,S14,1,2026-09-21 19:40:34.595118+00:00,CR,S,S-2,Rear,UBE 850T-2,Pre Filling,,0.19243700493796606,0.2848132271036559,0.324091930020257,0.13647064264805397,0.19260984970226228,0.28379832163536756,0,0,0,0,0,0,1,
0728233923216,S14,1,2026-09-21 23:15:29.712954+00:00,CR,B,B-1,Top View,UBE 850T-2,Chip-off,Chipoff,0.08895389022677529,0.7639730963829874,0.33188637040922053,0.3580414270963054,0.2690099780509829,0.0711176713639352,0,1,0,0,0,0,1,0.0
0728235723232,S14,1,2026-09-21 21:01:36.291664+00:00,CR,L,L-1,Left Side,UBE 850T-2,Shrinkage,Shrinkage,0.10146232309653228,0.7600115386955775,0.24463901946940242,0.6750221405717469,0.2559801494588056,0.07171962745944072,0,1,0,1,0,0,1,0.0
0729001923251,S14,1,2026-09-21 16:37:39.124995+00:00,CR,C,C-1,Top View,UBE 850T-2,Laser Marking NG,,0.09311512888063334,0.29736353725125164,0.5171613103692864,0.723129257454105,0.3355402577063825,0.06478408007428778,0,0,1,1,0,0,1,
0729014123327,S14,1,2026-09-21 23:12:26.656829+00:00,CRAM,H,H-3,Bottom View,UBE 850T-2,Porosity,Porosity,0.5538365905810407,0.7584138367514177,0.349711246970035,0.5708216974596412,0.7920116585804954,0.10758364240103767,1,1,0,1,1,0,1,1.0
0729033623413,S14,1,2026-09-21 15:36:46.312363+00:00,CR,A,A-2,Top View,UBE 850T-2,Crack,Crack,0.39439235065136224,0.8267356174125835,0.8411889196444761,0.11004049101547048,0.8505591684407519,0.06450626110869544,0,1,1,0,1,0,1,1.0
0729035523430,S14,1,2026-09-21 20:53:24.665810+00:00,CRAM,C,C-1,Top View,UBE 850T-2,Porosity,Porosity,0.10607596949433451,0.29052540614664035,0.32720995020368737,0.6240597986258296,0.3358369085047893,0.08798521430643569,0,0,0,1,0,0,1,1.0
0729072623467,S14,1,2026-09-21 15:48:55.584351+00:00,CR,A,A-3,Top View,UBE 850T-2,Bend,,0.21102835704455217,0.7647221156889954,0.7226231847792352,0.7213366342469901,0.324968386719849,0.8031189968477692,0,1,1,1,0,1,1,
0729093223565,S14,1,2026-09-21 23:08:22.640746+00:00,CRAM,J,J-1,Left Side,UBE 850T-2,Non-filling,Non_filling,0.09555921675884911,0.8210603348114124,0.6017876190019471,0.8456144558859693,0.7623014531614607,0.6870896239495119,0,1,1,1,1,1,1,1.0
0729093623569,S14,1,2026-09-21 21:11:06.401942+00:00,CR,B,B-1,Top View,UBE 850T-2,Bend,,0.19015162741505687,0.8377637597875268,0.3194811186762924,0.7905050592921062,0.7893642910716084,0.1637429027217613,0,1,0,1,1,0,1,
0729094223574,S14,1,2026-09-21 23:10:32.672988+00:00,CRAM,H,H-3,Bottom View,UBE 850T-2,Face Blow Hole,Blow_Hole,0.528184091839546,0.8099791167556846,0.4483640655905453,0.3298101494260731,0.30660557880675005,0.16339411164548653,1,1,1,0,0,0,1,1.0
0729101223598,S14,1,2026-09-21 23:03:30.186878+00:00,CRAM,H,H-3,Bottom View,UBE 850T-2,Porosity,Porosity,0.4169477958341268,0.7242776167749695,0.4365375129847614,0.7675482130364726,0.7787648384446487,0.566018792686257,1,1,1,1,1,1,1,1.0
0729105623637,S14,1,2026-09-21 23:04:35.428151+00:00,CRAM,C,C-1,Top View,UBE 850T-2,Porosity,Porosity,0.2622967343615522,0.812768559286749,0.4784442550798176,0.8533602057742176,0.3020663373073427,0.08120277846864629,0,1,1,1,0,0,1,1.0
0729125623744,S14,1,2026-09-21 22:20:58.183006+00:00,CRAM,C,C-1,Top View,UBE 850T-2,Face Blow Hole,Blow_Hole,0.101800914286866,0.7613819660040491,0.48840625040548075,0.724331005229209,0.25616153187752,0.07858258578104949,0,1,1,1,0,0,1,0.0
0729133423766,S14,1,2026-09-21 15:06:55.039568+00:00,CR,A,A-2,Top View,UBE 850T-2,Bend,,0.44809921881836945,0.8383980621879823,0.9455997376963594,0.8501238668679251,0.7338444243900124,0.8811377890782608,1,1,1,1,1,1,1,
0729134323774,S14,1,2026-09-21 15:11:47.496956+00:00,CR,C,C-1,Top View,UBE 850T-2,Bend,,0.07776983912541925,0.7616895924873807,0.16999196387769017,0.809283559299811,0.25538696286237234,0.30121858883198827,0,1,0,1,0,0,1,
0729134923779,S14,1,2026-09-21 15:11:22.783249+00:00,CR,S,S-2,Rear,UBE 850T-2,Non-Filling,Non_filling,0.08074106214956259,0.7594853086832813,0.3017936663224112,0.498972501402726,0.24414562773808438,0.2838159947691642,0,1,0,1,0,0,1,0.0
0729191324051,S14,1,2026-09-21 22:46:41.195687+00:00,CRAM,H,H-3,Bottom View,UBE 850T-2,Porosity,Porosity,0.05661792495370467,0.2764027643593475,0.26225758968300106,0.8517235688846152,0.7947759660344322,0.10414609838127614,0,0,0,1,1,0,1,1.0
0729200424097,S14,1,2026-09-21 14:06:05.023022+00:00,CR,D,D-4,Top View,UBE 850T-2,Bend,,0.3591819281604506,0.7209729778210019,0.5688134906688858,0.8624813511739813,0.39945080727827637,0.11151577664649534,0,1,1,1,0,0,1,
0729205624141,S14,1,2026-09-21 22:35:53.645447+00:00,CRAM,B,B-1,Top View,UBE 850T-2,M14 Face Blow Hole,Blow_Hole,0.5712006058642357,0.7583289718793693,0.2006287180711595,0.7668591712230968,0.3417414613109318,0.7264642518539945,1,1,0,1,0,1,1,1.0
0729212324166,S14,1,2026-09-21 22:42:28.696591+00:00,CRAM,E,E-2,Bottom View,UBE 850T-2,Blister,,0.37456071116010986,0.721003336201472,0.6642668857507582,0.8456321930404195,0.26875304392913235,0.11871295875408315,0,1,1,1,0,0,1,
0729215924193,S14,1,2026-09-21 22:03:21.311116+00:00,CRAM,C,C-1,Top View,UBE 850T-2,Porosity,Porosity,0.25118935789097274,0.7612163182343402,0.5493064350257851,0.732958733421079,0.24425008239172635,0.08406499817365314,0,1,1,1,0,0,1,1.0
0729231524251,S14,1,2026-09-21 22:26:46.788840+00:00,CRAM,C,C-1,Top View,UBE 850T-2,Porosity,Porosity,0.10011895477755572,0.5959268566311451,0.19920710682584547,0.8136814573209289,0.7372998605761274,0.07250352667624925,0,1,0,1,1,0,1,1.0
0729235224285,S14,1,2026-09-21 22:25:17.548532+00:00,,,,,UBE 850T-2,"PLC_COMMUNICATION_FAILED_PLC SLMP START_ACK timeout (expected 1,1,2)",,0.2720876103636202,0.8007303025050221,0.2669114022781705,0.7943812458849604,0.580144628905087,0.09341046334313954,0,1,0,1,1,0,1,
0730025324447,S14,1,2026-09-21 19:15:44.865372+00:00,CRAM,E,E-2,Bottom View,UBE 850T-2,Porosity,Porosity,0.09594863070045777,0.7578575147165154,0.34097804992651465,0.743666650055516,0.2493639829951021,0.40300362169265835,0,1,0,1,0,1,1,1.0
0730025524449,S14,1,2026-09-21 20:21:21.541650+00:00,CRAM,E,E-2,Bottom View,UBE 850T-2,Face Blow Hole,Blow_Hole,0.48978817957900384,0.7575015364334647,0.7433655907493367,0.4990113064111349,0.5767649340651031,0.09187729184449137,1,1,1,1,1,0,1,1.0
0730033524486,S14,1,2026-09-21 22:03:04.669512+00:00,CRAM,C,C-1,Top View,UBE 850T-2,Porosity,Porosity,0.5440618353067078,0.8141625860389612,0.2709964500463283,0.46656887005273306,0.7807791169943287,0.8371736293413339,1,1,0,1,1,1,1,1.0
0730035124499,S14,1,2026-09-21 22:05:52.543081+00:00,CRAM,C,C-1,Top View,UBE 850T-2,Porosity,Porosity,0.37185188950075154,0.6136887835388831,0.3403001471714047,0.6823392444806821,0.36224217503617306,0.145066454840887,0,1,0,1,0,0,1,1.0
0730042824523,S14,1,2026-09-21 19:14:15.793567+00:00,CR,A,A-2,Top View,UBE 850T-2,Bend,,0.12247659931301794,0.2647881973509899,0.4845321305749037,0.1960534087446662,0.6847170130961351,0.5677215870486091,0,0,1,0,1,1,1,
0730051524566,S14,1,2026-09-21 22:13:44.065886+00:00,CRAM,K,K-1,Left Side,UBE 850T-2,Non-filling,Non_filling,0.2717076390553573,0.76450606672428,0.5995373886634484,0.7508999008520785,0.684886095913255,0.0965855741682065,0,1,1,1,1,0,1,1.0
0730051924570,S14,1,2026-09-21 21:45:57.380198+00:00,CR,S,S-2,Rear,UBE 850T-2,Non-Filling,Non_filling,0.4170611592754638,0.7212718925548935,0.5156203094407892,0.6395947701070555,0.7816852158812189,0.8755718006735366,1,1,1,1,1,1,1,1.0
0730052924579,S14,1,2026-09-21 20:13:01.648930+00:00,CR,G,G-1,Bottom View,UBE 850T-2,Dent,,0.5440980763704991,0.8157530536514777,0.6988389420152431,0.667900029003993,0.765225000039991,0.30840786245508295,1,1,1,1,1,0,1,
0730053024580,S14,1,2026-09-21 21:35:53.773721+00:00,CRAM,C,C-1,Top View,UBE 850T-2,Porosity,Porosity,0.2801431697262765,0.8357033400287988,0.7954499947486657,0.8487593108442706,0.5125828797414056,0.48286580395926654,0,1,1,1,1,1,1,1.0
0730061224597,S14,1,2026-09-21 21:32:35.009888+00:00,CR,A,A-3,Top View,UBE 850T-2,Extra Metal,,0.18523603137926756,0.7211873647813423,0.14193417583861395,0.683491518613125,0.25502178402947245,0.10474522662316715,0,1,0,1,0,0,1,
0730061424599,S14,1,2026-09-21 21:27:34.823365+00:00,CR,L,L-1,Left Side,UBE 850T-2,Non-Filling,Non_filling,0.4010891069252733,0.6129529245745894,0.6368310840136332,0.7211333906372489,0.780241843732685,0.16178415010447353,1,1,1,1,1,0,1,1.0
0730061524600,S14,1,2026-09-21 21:39:29.002850+00:00,CR,A,A-2,Top View,UBE 850T-2,Bend,,0.18966386945851646,0.6130902921745658,0.3873898447630653,0.686554877586277,0.29780136225597076,0.15992654054522593,0,1,0,1,0,0,1,
0730064924631,S14,1,2026-09-21 21:40:05.341289+00:00,CRAM,B,B-1,Top View,UBE 850T-2,Blow Hole M8,Blow_Hole,0.18702682184168673,0.5960831558441304,0.3350082145293326,0.2842055150052721,0.21308445996828945,0.10909755646326982,0,1,0,0,0,0,1,0.0
0730075024654,S14,1,2026-09-21 21:13:28.394276+00:00,CR,O,O-2,Front,UBE 850T-2,Bend,,0.4100125638430143,0.7638106357616444,0.8821546455127373,0.7302511808893636,0.8046966016855026,0.25233914594041507,1,1,1,1,1,0,1,
0730075124655,S14,1,2026-09-21 21:32:22.788849+00:00,CR,A,A-3,Top View,UBE 850T-2,Bend,,0.299141293490108,0.5925008367456296,0.668223239857157,0.723480178467252,0.8181620588140434,0.11142139382690448,0,1,1,1,1,0,1,
0730075224656,S14,1,2026-09-21 21:12:43.741837+00:00,CR,O,O-2,Front,UBE 850T-2,Bend,,0.18549383248458604,0.524040353349918,0.6414522887496737,0.8487632364644839,0.8145669976155788,0.09824079333662016,0,1,1,1,1,0,1,
0730075324657,S14,1,2026-09-21 21:18:59.806653+00:00,CR,C,C-1,Top View,UBE 850T-2,Non-Filling,Non_filling,0.20853066071872506,0.5913890133979635,0.43212520819459105,0.7256383382171929,0.776282519373356,0.08396873147656989,0,1,1,1,1,0,1,1.0
0730082124683,S14,1,2026-09-21 21:14:31.053401+00:00,CR,A,A-3,Top View,UBE 850T-2,Bend,,0.2752196920200619,0.8434904331246964,0.5136668677898932,0.8579252165951794,0.5796107270815731,0.8924173121769835,0,1,1,1,1,1,1,
0730082424685,S14,1,2026-09-21 21:36:50.860650+00:00,CRAM,C,C-1,Top View,UBE 850T-2,Porosity,Porosity,0.18464325225940498,0.7599236160897556,0.3983551464063074,0.761018630643741,0.7849559445518988,0.8671604925055828,0,1,0,1,1,1,1,1.0
0730102124740,S14,1,2026-09-21 20:49:40.610627+00:00,CR,I,I-1,Left Side,UBE 850T-2,Non-Filling,Non_filling,0.19008164350233095,0.614326901841003,0.8593776964796405,0.8537686245050192,0.7660701518409632,0.10695072712111368,0,1,1,1,1,0,1,1.0
0730103024744,S14,1,2026-09-21 20:49:28.332633+00:00,CR,D,D-4,Top View,UBE 850T-2,Crack,Crack,0.1358248626356136,0.8006913854121098,0.7437460663939369,0.7628902780219562,0.7663705560541284,0.16850947385467008,0,1,1,1,1,0,1,1.0
0730104424757,S14,1,2026-09-21 19:43:45.121780+00:00,CR,O,O-2,Front,UBE 850T-2,Bend,,0.36368355035343564,0.8340833856272933,0.725476185368861,0.8336367775452032,0.785905885565571,0.8753231036208666,0,1,1,1,1,1,1,
0730112924798,S14,1,2026-09-21 20:29:00.909860+00:00,CRAM,F,F-3,Bottom View,UBE 850T-2,Porosity,Porosity,0.20832887192929175,0.5265823311588671,0.4243240353258409,0.833989484792689,0.7373250693123439,0.15536147903507067,0,1,1,1,1,0,1,1.0
0730114924816,S14,1,2026-09-21 20:35:59.199579+00:00,CR,C,C-1,Top View,UBE 850T-2,Laser Marking NG,,0.3984931438696568,0.8444433449982669,0.3607465454746581,0.8029508858866106,0.7916718292262319,0.8795278455127686,0,1,0,1,1,1,1,
0730115924825,S14,1,2026-09-21 20:42:24.840422+00:00,CRAM,P,P-2,Front,UBE 850T-2,Porosity,Porosity,0.12202221138916602,0.8141533045303506,0.3281917413874333,0.8187282262834544,0.7820229648513731,0.8315156108751057,0,1,0,1,1,1,1,1.0
0730122224846,S14,1,2026-09-21 20:26:30.503489+00:00,,,,,UBE 850T-2,"PLC_COMMUNICATION_FAILED_PLC SLMP START_ACK timeout (expected 1,1,2)",,0.2089038705675614,0.2989752492908311,0.4536886839475148,0.847957305273793,0.2980352298790697,0.11280675823414058,0,0,1,1,0,0,1,
0730143824969,S14,1,2026-09-21 19:23:26.890941+00:00,CRAM,E,E-2,Bottom View,UBE 850T-2,Porosity,Porosity,0.27207069808887924,0.28534167356428114,0.4641200588759736,0.7252905188437352,0.5713378298501753,0.8411174573051179,0,0,1,1,1,1,1,1.0
0730145424984,S14,1,2026-09-21 19:27:21.041835+00:00,CRAM,E,E-2,Bottom View,UBE 850T-2,Porosity,Porosity,0.30011447487539067,0.8229504487189025,0.10338601012806616,0.76687912310334,0.7845577708321643,0.8817821681643019,0,1,0,1,1,1,1,1.0
0730163625032,S14,1,2026-09-21 19:27:04.497936+00:00,CR,R,R-1,Rear,UBE 850T-2,Bend,,0.4318798479042401,0.8354986095865002,0.7413006018248478,0.858887891548439,0.5761764294817205,0.15341880439201735,1,1,1,1,1,0,1,
0730164225037,S14,1,2026-09-21 19:31:39.961642+00:00,CR,R,R-1,Rear,UBE 850T-2,Bend,,0.09808337628827463,0.613709470391753,0.10062043131554149,0.5000565145196528,0.7811007254603308,0.8883912716591499,0,1,0,1,1,1,1,
0730164625041,S14,1,2026-09-21 19:32:20.569403+00:00,CRAM,E,E-2,Bottom View,UBE 850T-2,Porosity,Porosity,0.19283859343475157,0.5326428738781723,0.6292097956006881,0.759587481749405,0.7979921720959898,0.838339715632659,0,1,1,1,1,1,1,1.0
0730165225046,S14,1,2026-09-21 19:35:59.031870+00:00,CR,A,A-2,Top View,UBE 850T-2,Bend,,0.08102385360800168,0.8140486199106476,0.21537942295500107,0.4150083168726323,0.2470584706881977,0.10693493471227794,0,1,0,1,0,0,1,
0730170125055,S14,1,2026-09-21 19:05:25.099495+00:00,CRAM,E,E-2,Bottom View,UBE 850T-2,Porosity,Porosity,0.2510396223107539,0.29680938725127476,0.6254832130946184,0.8336358838988416,0.7217728592172423,0.18849133102747098,0,0,1,1,1,0,1,1.0
0730170425057,S14,1,2026-09-21 19:11:13.446087+00:00,CRAM,E,E-2,Bottom View,UBE 850T-2,Porosity,Porosity,0.08840994399437979,0.8169089398304229,0.09329567462948436,0.6891465368399436,0.7669750001339753,0.6278618362917199,0,1,0,1,1,1,1,1.0
0730181425121,S14,1,2026-09-22 05:34:53.168567+00:00,CR,A,A-4,Top View,UBE 850T-2,Non-Filling,Non_filling,0.27174283547910855,0.7219134721978475,0.5953982604630148,0.8501193295374909,0.7993337812293132,0.110824601523355,0,1,1,1,1,0,1,1.0
0730182125126,S14,1,2026-09-21 19:04:40.261140+00:00,CRAM,E,E-2,Bottom View,UBE 850T-2,Porosity,Porosity,0.4319002924736155,0.5957833842195694,0.34444343371881103,0.7507605194394472,0.5786548394718338,0.8691628394706375,1,1,0,1,1,1,1,1.0
0730183125135,S14,1,2026-09-21 19:02:46.604268+00:00,CRAM,E,E-2,Bottom View,UBE 850T-2,Face Blow Hole,Blow_Hole,0.39441958986806913,0.5799169934078022,0.5203217458986482,0.49377310520001955,0.25639324117760126,0.5804837177988179,0,1,1,1,0,1,1,0.0
0730183225136,S14,1,2026-09-21 19:01:53.874397+00:00,CRAM,E,E-2,Bottom View,UBE 850T-2,Porosity,Porosity,0.28769993091537693,0.5284424255420901,0.6676440753016445,0.5593572438000214,0.42490397333309576,0.8417066713250387,0,1,1,1,1,1,1,1.0
0730183425138,S14,1,2026-09-21 19:05:08.867569+00:00,CRAM,E,E-2,Bottom View,UBE 850T-2,Porosity,Porosity,0.2521258150337755,0.7647411474132231,0.37219196834420076,0.8332695309551487,0.7836579776479468,0.8333565377542395,0,1,0,1,1,1,1,1.0
0731014925157,S14,1,2026-09-22 05:17:24.835677+00:00,CRAM,P,P-2,Front,UBE 850T-2,Porosity,Porosity,0.5331402089451512,0.8244867529539309,0.8437060694878724,0.7794227326214441,0.7339127254194379,0.633165335269767,1,1,1,1,1,1,1,1.0
0731020325168,S14,1,2026-09-22 05:19:17.700021+00:00,CRAM,H,H-3,Bottom View,UBE 850T-2,Face Blow Hole,Blow_Hole,0.09304385622936169,0.29022680354387664,0.4635729627444768,0.8326568738337463,0.7396037048856795,0.28467214100431126,0,0,1,1,1,0,1,0.0
0731021525178,S14,1,2026-09-22 05:31:16.308916+00:00,CR,A,A-2,Top View,UBE 850T-2,Non-Filling,Non_filling,0.07838204881333757,0.7629220049716678,0.4002206858932926,0.801763310608399,0.24328088521052244,0.8370277800826679,0,1,1,1,0,1,1,1.0
0731024425202,S14,1,2026-09-22 05:21:51.458289+00:00,CRAM,H,H-3,Bottom View,UBE 850T-2,Porosity,Porosity,0.09624623770383539,0.6943168196319559,0.11105766019644066,0.8250641688488751,0.2685485038996657,0.11801191682010148,0,1,0,1,0,0,1,1.0
0731025125208,S14,1,2026-09-22 05:23:00.506088+00:00,,,,,UBE 850T-2,"PLC_COMMUNICATION_FAILED_PLC SLMP START_ACK timeout (expected 1,1,2)",,0.2992890116096409,0.6939991195274641,0.40496773011731285,0.25503483693374557,0.7581864537452244,0.5812906576981086,0,1,1,0,1,1,1,
0731025625212,S14,1,2026-09-22 05:31:03.995640+00:00,CR,P,P-2,Front,UBE 850T-2,Shrinkage,Shrinkage,0.19425175773393896,0.7404490891153147,0.8089709357339891,0.6054976340855022,0.7391898538854171,0.8307164867605921,0,1,1,1,1,1,1,1.0
0731030525217,S14,1,2026-09-21 18:29:59.801685+00:00,CR,R,R-1,Rear,UBE 850T-2,Bend,,0.4897293903823201,0.29399712144582335,0.5298990241720236,0.8244730831163878,0.42392442589146606,0.8350057997529097,1,0,1,1,1,1,1,
0731031725227,S14,1,2026-09-22 05:08:22.931330+00:00,CR,A,A-3,Top View,UBE 850T-2,Bend,,0.15038173640816013,0.822281266395068,0.3404785102647693,0.6193352720401465,0.21093226446934502,0.7393427265653227,0,1,0,1,0,1,1,
0731031925229,S14,1,2026-09-22 05:16:43.961535+00:00,CRAM,P,P-2,Front,UBE 850T-2,Face Blow Hole,Blow_Hole,0.4168234576215363,0.8454898472562793,0.7915167707296008,0.6188270471902692,0.21086591528635762,0.8897712672125038,1,1,1,1,0,1,1,1.0
0731032525234,S14,1,2026-09-22 05:05:19.505677+00:00,CR,A,A-3,Top View,UBE 850T-2,Bend,,0.09813040941923432,0.8133284725651946,0.4419696595348235,0.8195296917267323,0.4412471050437231,0.8309765527175282,0,1,1,1,1,1,1,
0731032925237,S14,1,2026-09-22 05:12:55.780183+00:00,CRAM,R,R-1,Rear,UBE 850T-2,Crack,Crack,0.4382140906516938,0.8293302289170048,0.694429199857281,0.6851952953498652,0.7706922136234432,0.8031593081538567,1,1,1,1,1,1,1,1.0
0731033325241,S14,1,2026-09-21 18:22:37.653706+00:00,CRAM,K,K-1,Left Side,UBE 850T-2,Cold Shut,,0.280489517790764,0.8386915289188257,0.5907876052698614,0.7592727339991626,0.25073639551065546,0.8364978754492103,0,1,1,1,0,1,1,
0731034225248,S14,1,2026-09-22 05:09:28.020614+00:00,CRAM,Q,Q-1,Rear,UBE 850T-2,M14 Face Blow Hole,Blow_Hole,0.5704603877494038,0.5990518418294895,0.6921372897109722,0.8495914917578586,0.19760525446224797,0.09258667461501216,1,1,1,1,0,0,1,1.0
0731035125256,S14,1,2026-09-22 04:50:53.766461+00:00,CR,L,L-1,Left Side,UBE 850T-2,Chip-off,Chipoff,0.19262392038551296,0.8340861190029093,0.7651952640462407,0.810052274514505,0.24609411774704135,0.836300130580567,0,1,1,1,0,1,1,1.0
0731035925263,S14,1,2026-09-22 04:51:42.511602+00:00,CR,A,A-2,Top View,UBE 850T-2,Bend,,0.09897619057936732,0.27240139189754164,0.5396124103953537,0.7217290477866626,0.2537019279471183,0.8411358296010352,0,0,1,1,0,1,1,
0731040125264,S14,1,2026-09-22 04:51:54.697922+00:00,CR,A,A-3,Top View,UBE 850T-2,Bend,,0.09592128979741289,0.2789608789497978,0.3028771779638449,0.5966086049249917,0.25531411004117344,0.8320622662574345,0,0,0,1,0,1,1,
0731042525279,S14,1,2026-09-22 04:52:07.194790+00:00,CR,B,B-1,Top View,UBE 850T-2,Bend,,0.5331962084754646,0.30177280358518155,0.9499164695992552,0.19353308214516715,0.17398036485367116,0.803342700014473,1,0,1,0,0,1,1,
0731043525287,S14,1,2026-09-22 04:51:30.328259+00:00,CR,A,A-2,Top View,UBE 850T-2,Bend,,0.3646283448885035,0.6133390801798919,0.4440979283131119,0.4942626608293552,0.41897290468812004,0.6272059136101897,0,1,1,1,1,1,1,
0731044425295,S14,1,2026-09-22 04:52:19.374304+00:00,CR,A,A-3,Top View,UBE 850T-2,Bend,,0.4943151651113068,0.7213466672366144,0.28727372264237666,0.6833520983293201,0.2969267728017664,0.8854197729777408,1,1,0,1,0,1,1,
0731053225335,S14,1,2026-09-22 05:05:07.217195+00:00,CR,A,A-3,Top View,UBE 850T-2,Bend,,0.09714804881079141,0.2932415587645102,0.6445216115167635,0.6035323342946918,0.72174675104444,0.07998653023152838,0,0,1,1,1,0,1,
0731060825352,S14,1,2026-09-22 04:18:37.081573+00:00,CR,B,B-1,Top View,UBE 850T-2,Bend,,0.2506380467473783,0.2646814424116207,0.5240011341796662,0.41190258189226014,0.24645858207415708,0.11851818447421071,0,0,1,1,0,0,1,
0731065825394,S14,1,2026-09-22 04:10:36.547260+00:00,CRAM,H,H-3,Bottom View,UBE 850T-2,Shrinkage,Shrinkage,0.2026616883648121,0.8512151719094778,0.4000695963509093,0.6227066311060616,0.79556159047702,0.6308851579591777,0,1,1,1,1,1,1,1.0
0731072125413,S14,1,2026-09-22 04:44:41.991860+00:00,CR,A,A-2,Top View,UBE 850T-2,Bend,,0.20260633457040814,0.8106731073377631,0.19825546499665472,0.8326213713577051,0.7355626964774197,0.2530055798280857,0,1,0,1,1,0,1,
0731080125446,S14,1,2026-09-22 03:17:42.466270+00:00,CR,O,O-2,Front,UBE 850T-2,Non-Filling,Non_filling,0.1897109021318012,0.5789173264019108,0.34353103690532355,0.6864419102750612,0.733587681408265,0.10101033258753499,0,1,0,1,1,0,1,0.0
0731081325456,S14,1,2026-09-22 04:18:00.221015+00:00,MR,Q,Q-1,Rear,UBE 850T-2,Dent,,0.09706413954386287,0.2925949888890689,0.17372773102778397,0.7903438378139063,0.254764318432453,0.2502571799025626,0,0,0,1,0,0,1,
0731081825460,S14,1,2026-09-22 04:05:30.636517+00:00,CRAM,P,P-2,Front,UBE 850T-2,Porosity,Porosity,0.09720606155918726,0.8154479700965939,0.7876160713447967,0.6240383391688571,0.20324431093305684,0.4742861819816058,0,1,1,1,0,1,1,1.0
0731082925469,S14,1,2026-09-22 03:47:49.451628+00:00,CR,A,A-4,Top View,UBE 850T-2,Non-Filling,Non_filling,0.18935138309928742,0.7411906559485396,0.6631898176127254,0.6415692202486807,0.24755277249527918,0.7261683711155031,0,1,1,1,0,1,1,1.0
0731084325481,S14,1,2026-09-22 04:07:20.951178+00:00,CR,S,S-2,Rear,UBE 850T-2,Non-Filling,Non_filling,0.5187568480126121,0.29867369104579145,0.6187500670880797,0.672524352377177,0.2025804989167943,0.08670595294084765,1,0,1,1,0,0,1,1.0
0731085125488,S14,1,2026-09-22 03:45:50.541527+00:00,CR,A,A-3,Top View,UBE 850T-2,Bend,,0.545159199214244,0.8256791852377112,0.41609011720596445,0.851919237582523,0.7363880318778696,0.8069073742732051,1,1,1,1,1,1,1,
0731090825502,S14,1,2026-09-22 03:53:37.679008+00:00,CR,A,A-2,Top View,UBE 850T-2,Non-Filling,Non_filling,0.367027190413638,0.6139635920337405,0.42889162634375816,0.6920942642204239,0.20827003417519419,0.10460572822353503,0,1,1,1,0,0,1,1.0
0731092525516,S14,1,2026-09-22 03:49:15.458809+00:00,CR,O,O-2,Front,UBE 850T-2,Non-Filling,Non_filling,0.5741283648381212,0.8283529553153,0.4893162492833319,0.7218923877775378,0.7742477838900074,0.7876433758601801,1,1,1,1,1,1,1,1.0
0731092725518,S14,1,2026-09-22 03:02:03.427588+00:00,CRAM,E,E-2,Bottom View,UBE 850T-2,Porosity,Porosity,0.19962431896493799,0.8362585606587662,0.7681047180844036,0.8152219032846882,0.25464159146127124,0.8805387626154234,0,1,1,1,0,1,1,1.0
0731102525565,S14,1,2026-09-22 08:38:25.660346+00:00,MR,Q,Q-1,Rear,UBE 850T-2,Dent,,0.18548137066758533,0.7592777466396539,0.1903936623145846,0.6456744135224174,0.7784206331876593,0.11933964216284511,0,1,0,1,1,0,1,
0731103025569,S14,1,2026-09-22 08:38:09.142301+00:00,CRAM,J,J-1,Left Side,UBE 850T-2,LT Oil Gallery-1 NG,,0.5537896003800715,0.817881240447642,0.11585471820978868,0.6675655275377127,0.8106871599212433,0.8682272905628257,1,1,0,1,1,1,1,
0731110725597,S14,1,2026-09-22 02:12:47.238873+00:00,CR,S,S-2,Rear,UBE 850T-2,Non-Filling,Non_filling,0.09889626157647638,0.7221030164013479,0.44096856911362287,0.6748938681763466,0.8016840926313716,0.8317870752874819,0,1,1,1,1,1,1,1.0
0731115725639,S14,1,2026-09-22 08:39:58.695304+00:00,CRAM,E,E-2,Bottom View,UBE 850T-2,Porosity,Porosity,0.43199898310787266,0.2794252804751949,0.3241846577247477,0.7949601158130455,0.6841160142433367,0.09096683335504381,1,0,0,1,1,0,1,1.0
0731122725664,S14,1,2026-09-22 02:15:01.995861+00:00,CR,S,S-2,Rear,UBE 850T-2,Non-Filling,Non_filling,0.5851190454997919,0.8211753453033408,0.6280603710548478,0.8589139234184708,0.8118077686838554,0.6320918066121086,1,1,1,1,1,1,1,1.0
0731124925682,S14,1,2026-09-22 03:02:19.769354+00:00,CRAM,B,B-1,Top View,UBE 850T-2,Face Blow Hole,Blow_Hole,0.3002157984402444,0.8107828951425087,0.2835564806077259,0.633354376297591,0.7653261720234067,0.8671699729936624,0,1,0,1,1,1,1,0.0
0731130225693,S14,1,2026-09-22 03:01:34.561860+00:00,CRAM,E,E-2,Bottom View,UBE 850T-2,Porosity,Porosity,0.09234284273598323,0.598702594398463,0.44577280607016556,0.6933932446967276,0.7607927349207058,0.41531610159998344,0,1,1,1,1,1,1,1.0
0731140325714,S14,1,2026-09-22 02:14:49.410204+00:00,CR,S,S-2,Rear,UBE 850T-2,Non-Filling,Non_filling,0.5287789536494036,0.578829837209463,0.512687192958476,0.7220642813157137,0.24528423208568467,0.8103022840272064,1,1,1,1,0,1,1,1.0
0731153525791,S14,1,2026-09-22 02:30:53.183585+00:00,CRAM,E,E-2,Bottom View,UBE 850T-2,Chipoff on M8.0,Chipoff,0.42751309668757476,0.7246390633504369,0.39218625331112633,0.23918000078190638,0.24842762610833213,0.8283065878946896,1,1,0,0,0,1,1,1.0
0731160525816,S14,1,2026-09-22 02:29:56.172879+00:00,CRAM,E,E-2,Bottom View,UBE 850T-2,Chipoff on M8.0,Chipoff,0.4318075435739299,0.7447629851265476,0.4203672172541251,0.6416913220323409,0.2000164906427625,0.11980947051957194,1,1,1,1,0,0,1,0.0
0731161725826,S14,1,2026-09-22 09:57:10.827603+00:00,CRAM,E,E-2,Bottom View,UBE 850T-2,Crack,Crack,0.10545621378431685,0.8102686982888094,0.197799550665195,0.6534321300000114,0.2980267530339151,0.09578608163445734,0,1,0,1,0,0,1,1.0
0731163925844,S14,1,2026-09-22 02:25:48.782652+00:00,CRAM,E,E-2,Bottom View,UBE 850T-2,Face Blow Hole,Blow_Hole,0.49350513146214187,0.7208366582956034,0.33180934066064527,0.8535030969098263,0.7930886626697238,0.14695962116921996,1,1,0,1,1,0,1,1.0
0731165625856,S14,1,2026-09-22 02:22:49.923176+00:00,CRAM,E,E-2,Bottom View,UBE 850T-2,Porosity,Porosity,0.26086553616183616,0.5981731632609694,0.1782346763973096,0.7357467799396744,0.20554871765835442,0.11409775622456639,0,1,0,1,0,0,1,1.0
0731181325899,S14,1,2026-09-22 02:03:12.339139+00:00,CR,A,A-2,Top View,UBE 850T-2,Bend,,0.36718695016872616,0.6134782193885077,0.66584357442699,0.7066420739026469,0.3677995445914098,0.15998806253143885,0,1,1,1,0,0,1,
0731193025964,S14,1,2026-09-22 01:59:20.054906+00:00,CR,K,K-1,Left Side,UBE 850T-2,Non-Filling,Non_filling,0.2908738707846643,0.6129406897337015,0.7019455096591222,0.6939564326846807,0.2498980908974851,0.09240057516280992,0,1,1,1,0,0,1,1.0
0731210226042,S14,1,2026-09-22 01:17:44.091439+00:00,CR,D,D-1,Top View,UBE 850T-2,Dent,,0.2877401685266795,0.8255817525635446,0.5036808916790319,0.7276867262270554,0.5758064431136982,0.8727810259850091,0,1,1,1,1,1,1,
0731211326051,S14,1,2026-09-22 09:45:45.504670+00:00,CR,C,C-1,Top View,UBE 850T-2,Chip-off,Chipoff,0.2081608037855674,0.4293757781686791,0.49006139183776876,0.13641212147285653,0.2444911212754407,0.7262263796951542,0,1,1,0,0,1,1,1.0
0731220126091,S14,1,2026-09-22 00:56:56.167721+00:00,CR,A,A-2,Top View,UBE 850T-2,Non-Filling,Non_filling,0.532787692915568,0.32795510780413506,0.796134782983119,0.40875798665957314,0.2105764034122312,0.07766343677472064,1,0,1,1,0,0,1,1.0
0731221026098,S14,1,2026-09-22 00:55:06.393905+00:00,CR,R,R-3,Rear,UBE 850T-2,Non-Filling,Non_filling,0.1211612460277618,0.2760611754858872,0.6819927541902934,0.7432237087889904,0.7720491019683209,0.07882882569472574,0,0,1,1,1,0,1,1.0
0731225626137,S14,1,2026-09-22 00:57:41.319659+00:00,CR,R,R-3,Rear,UBE 850T-2,Non-Filling,Non_filling,0.207998844312657,0.8149704629961807,0.21792965601609293,0.82264471635545,0.8310456155364804,0.11895313485051552,0,1,0,1,1,0,1,0.0
0731231126149,S14,1,2026-09-22 00:12:01.115678+00:00,,,,,UBE 850T-2,PLC_COMMUNICATION_FAILED_PLC packet timeout,,0.37973829101162937,0.7635603798119921,0.8211645829736435,0.6196844218829701,0.5745153488876031,0.5788513271370865,0,1,1,1,1,1,1,
0731234326168,S14,1,2026-09-22 00:18:27.435231+00:00,CR,A,A-1,Top View,UBE 850T-2,Non-Filling,Non_filling,0.09393299366318072,0.2922287840729857,0.671439119490159,0.6337490855939283,0.29776930042755684,0.33922481814826416,0,0,1,1,0,0,1,1.0
0731234926173,S14,1,2026-09-22 00:10:19.061191+00:00,,,,,UBE 850T-2,PLC_COMMUNICATION_FAILED_PLC packet timeout,,0.4216245466969094,0.25768428794262366,0.7838558934635119,0.4119424818110855,0.2081543744392957,0.08672475776499847,1,0,1,1,0,0,1,
0731235626179,S14,1,2026-09-22 00:11:40.762127+00:00,CR,D,D-5,Top View,UBE 850T-2,Bend,,0.300041245891431,0.83434858428807,0.820575755387607,0.19383055613083716,0.3253803530593315,0.08331124568328235,0,1,1,0,0,0,1,
0801000926190,S14,1,2026-09-22 00:38:15.751234+00:00,CRAM,E,E-2,Bottom View,UBE 850T-2,Porosity,Porosity,0.2648714610515247,0.7433760818879394,0.6279387160703203,0.3509501249477365,0.1960056132863831,0.07094773058793188,0,1,1,0,0,0,1,0.0
0801002526204,S14,1,2026-09-22 00:12:54.564090+00:00,,,,,UBE 850T-2,PLC_COMMUNICATION_FAILED_PLC circuit open until 2026-08-06T03:18:50.354Z,,0.40082195528672393,0.5321927348050508,0.8132045470798119,0.38733409557076115,0.4413303572383339,0.11953539414148566,1,1,1,0,1,0,1,
0801002926207,S14,1,2026-09-22 00:13:55.535555+00:00,,,,,UBE 850T-2,PLC_COMMUNICATION_FAILED_PLC packet timeout,,0.25110174482541214,0.7593270438073927,0.8370245363147917,0.6188009184883438,0.20660274851843466,0.1886659621548867,0,1,1,1,0,0,1,
0801003326210,S14,1,2026-09-22 00:11:16.043582+00:00,CR,A,A-1,Top View,UBE 850T-2,Non-Filling,Non_filling,0.2510534495438423,0.8194375275056152,0.6100811060703666,0.33206697780369765,0.21134394715871285,0.1082474572943744,0,1,1,0,0,0,1,1.0
0801004826222,S14,1,2026-09-22 09:10:51.312379+00:00,CR,H,H-1,Bottom View,UBE 850T-2,Shrinkage,Shrinkage,0.5326470908627756,0.8160893520370011,0.27742009478539276,0.23859628110088107,0.7350616696520408,0.410276744151238,1,1,0,0,1,1,1,1.0
0801010126233,S14,1,2026-09-22 00:12:21.788432+00:00,,,,,UBE 850T-2,PLC_COMMUNICATION_FAILED_PLC circuit open until 2026-08-06T03:17:53.057Z,,0.5899296572133872,0.7650162067251349,0.4900181823460068,0.6930640728966919,0.7764114145754344,0.8815025755878898,1,1,1,1,1,1,1,
0801011826247,S14,1,2026-09-21 23:59:55.766546+00:00,,,,,UBE 850T-2,PLC_COMMUNICATION_FAILED_PLC circuit open until 2026-08-06T03:20:38.152Z,,0.18935177182324897,0.5262853442043983,0.4765232950384534,0.2698378885797542,0.21367646519338296,0.09617921610293476,0,1,1,0,0,0,1,
0801011926248,S14,1,2026-09-21 23:53:21.661085+00:00,CR,R,R-3,Rear,UBE 850T-2,Non-Filling,Non_filling,0.271893315861915,0.5918788767732734,0.717334785164818,0.10518549660200464,0.20151475202387056,0.0980584363525537,0,1,1,0,0,0,1,1.0
0801012026249,S14,1,2026-09-21 23:53:33.905326+00:00,CR,R,R-3,Rear,UBE 850T-2,Non-Filling,Non_filling,0.10532613126595736,0.2558189829092846,0.7468466116264294,0.6188176845074828,0.21881638472344708,0.08513986535418658,0,0,1,1,0,0,1,1.0
0801014126266,S14,1,2026-09-21 23:59:14.757821+00:00,,,,,UBE 850T-2,PLC_COMMUNICATION_FAILED_PLC packet timeout,,0.2911270175190763,0.29708556803047337,0.5033602270085562,0.37665116826919176,0.4029801224944201,0.18778418818870307,0,0,1,0,1,0,1,
0801014726271,S14,1,2026-09-21 23:59:35.113755+00:00,,,,,UBE 850T-2,PLC_COMMUNICATION_FAILED_PLC packet timeout,,0.4158277529097332,0.5325912355384296,0.6474437903441729,0.11220708771958263,0.2057651014825994,0.8314525080228704,1,1,1,0,0,1,1,
0801015626279,S14,1,2026-09-22 00:01:08.971702+00:00,,,,,UBE 850T-2,PLC_COMMUNICATION_FAILED_PLC packet timeout,,0.2898399239933627,0.4299016805516651,0.10775833035296632,0.14115647037216708,0.36157456935617005,0.08706056760983569,0,1,0,0,0,0,1,
0801020726288,S14,1,2026-09-22 00:04:12.562484+00:00,,,,,UBE 850T-2,PLC_COMMUNICATION_FAILED_PLC packet timeout,,0.21012551683369465,0.2970932107283793,0.5023858056993349,0.3698180039731725,0.5137182043314081,0.30789892406678515,0,0,1,0,1,0,1,
0801020926290,S14,1,2026-09-22 00:05:42.157938+00:00,CR,O,O-2,Front,UBE 850T-2,Non-Filling,Non_filling,0.42753935874435106,0.7663029820120975,0.32373565596759296,0.10547146440419168,0.20965827795794903,0.8373099154023314,1,1,0,0,0,1,1,0.0
0801021426294,S14,1,2026-09-22 00:02:51.021592+00:00,,,,,UBE 850T-2,PLC_COMMUNICATION_FAILED_PLC packet timeout,,0.18530304688427895,0.526802384582692,0.10554639376756997,0.13242284207125812,0.5746660861442652,0.08834395247768118,0,1,0,0,1,0,1,
0801035226368,S14,1,2026-09-21 23:28:36.841685+00:00,CRAM,O,O-2,Front,UBE 850T-2,Blow Hole M8,Blow_Hole,0.1997920215015991,0.8098150241635016,0.5731951024457845,0.4176378407960044,0.20154495542544504,0.10218924620994906,0,1,1,1,0,0,1,0.0
0801035926374,S14,1,2026-09-21 23:34:21.523844+00:00,CRAM,P,P-3,Front,UBE 850T-2,Blow Hole M8,Blow_Hole,0.4441132367079127,0.759342969376308,0.655652604013814,0.14695194797985833,0.20753523815503544,0.06805580502166114,1,1,1,0,0,0,1,1.0
0801051726436,S14,1,2026-09-22 07:32:28.099500+00:00,CR,R,R-3,Rear,UBE 850T-2,Non-Filling,Non_filling,0.3960546165546128,0.4254551383060724,0.7462238130577639,0.5196142076512718,0.7736803568177925,0.7396352041356987,0,1,1,1,1,1,1,1.0
0801053026447,S14,1,2026-09-22 07:11:15.189438+00:00,CR,S,S-2,Rear,UBE 850T-2,Non-Filling,Non_filling,0.18976607348186128,0.27695516826444777,0.44877680512309776,0.13108036221467487,0.2561986241352521,0.1051373659393714,0,0,1,0,0,0,1,1.0
0801062726473,S14,1,2026-09-22 08:19:25.017999+00:00,CR,B,B-1,Top View,UBE 850T-2,Dent,,0.36334060481210584,0.8260769962149247,0.3423574082402526,0.3191449235162778,0.2023048641063146,0.06915359915889807,0,1,0,0,0,0,1,
0801064126485,S14,1,2026-09-22 08:08:45.409382+00:00,CR,L,L-1,Left Side,UBE 850T-2,Dent,,0.5099011009041376,0.8153382842642644,0.23863830936318517,0.6333226025396798,0.24379128466348396,0.14525457111761414,1,1,0,1,0,0,1,
0801074826538,S14,1,2026-09-22 08:04:21.325121+00:00,CR,A,A-4,Top View,UBE 850T-2,Non-Filling,Non_filling,0.518643785870148,0.7214584772426427,0.3382803303559722,0.3290263264265978,0.405658519007453,0.09570158977922973,1,1,0,0,1,0,1,0.0
0801115526574,S14,1,2026-09-22 07:42:28.952879+00:00,CR,A,A-2,Top View,UBE 850T-2,Bend,,0.40466804330328876,0.8304703822660529,0.3420599236845871,0.24595404775916369,0.4196754489750838,0.10354953731767357,1,1,0,0,1,0,1,
0801120226580,S14,1,2026-09-22 07:44:59.656469+00:00,CR,A,A-3,Top View,UBE 850T-2,Bend,,0.4144518339515647,0.8345525677477745,0.3429999298221261,0.8201642437299264,0.7691311477597488,0.6322904219349356,1,1,0,1,1,1,1,
0801130026629,S14,1,2026-09-22 06:54:39.193716+00:00,CR,R,R-3,Rear,UBE 850T-2,Non-Filling,Non_filling,0.09886447750155891,0.2867667085044295,0.6159863686696695,0.7207317346482564,0.250832271384885,0.08845223569733343,0,0,1,1,0,0,1,1.0
0801132526650,S14,1,2026-09-22 07:47:41.657022+00:00,CR,A,A-4,Top View,UBE 850T-2,Crack,Crack,0.1945461995906734,0.5292903767014924,0.18127208192044442,0.686586072412578,0.6851595708933782,0.09303971531844252,0,1,0,1,1,0,1,1.0
0801143426708,S14,1,2026-09-22 07:13:24.966632+00:00,CR,R,R-3,Rear,UBE 850T-2,Non-Filling,Non_filling,0.2114937026998981,0.6415468837778652,0.47705515946027766,0.5787880408253253,0.7365625806483309,0.8845102711115267,0,1,1,1,1,1,1,1.0
0801160126764,S14,1,2026-09-22 07:25:50.696572+00:00,CR,A,A-2,Top View,UBE 850T-2,Non-Filling,Non_filling,0.5328034346161306,0.27834104538800725,0.6464665168745023,0.5706138332701334,0.20214194131216096,0.40250981288545046,1,0,1,1,0,1,1,1.0
0801161526776,S14,1,2026-09-22 07:23:24.741971+00:00,,,,,UBE 850T-2,PLC_COMMUNICATION_FAILED_PLC circuit open until 2026-08-06T16:26:18.673Z,,0.26099763934446163,0.2782898330557918,0.6329610509750874,0.6698729242339142,0.5785803814065451,0.07766503557273974,0,0,1,1,1,0,1,
0801173126796,S14,1,2026-09-22 06:55:39.345140+00:00,,,,,UBE 850T-2,PLC_COMMUNICATION_FAILED_PLC circuit open until 2026-08-06T04:43:23.776Z,,0.5455050227634904,0.5960537952709045,0.14126830325403816,0.7509555956170398,0.5250485265290603,0.18780209246411583,1,1,0,1,1,0,1,
0801195426901,S14,1,2026-09-22 06:43:28.994959+00:00,CR,A,A-3,Top View,UBE 850T-2,Bend,,0.19977834241199924,0.8310162783157096,0.11910176759650694,0.8191877403033005,0.8178815849904628,0.8070209571600189,0,1,0,1,1,1,1,
0801200326909,S14,1,2026-09-22 06:46:48.276815+00:00,CR,R,R-3,Rear,UBE 850T-2,Non-Filling,Non_filling,0.3805868409243845,0.28443172166862235,0.44353310441393085,0.8486832707020162,0.7354570025214677,0.08647506095656093,0,0,1,1,1,0,1,1.0
0801202726929,S14,1,2026-09-22 06:40:22.398708+00:00,CR,N,N-1,Right Side,UBE 850T-2,Non-Filling,Non_filling,0.196576194896694,0.8128384677534768,0.48285141613177934,0.6200361997278891,0.24758077954296204,0.16362013188786784,0,1,1,1,0,0,1,1.0
0801204126941,S14,1,2026-09-22 06:47:24.590702+00:00,CR,N,N-2,Right Side,UBE 850T-2,Non-Filling,Non_filling,0.09685966915487551,0.8146250822404478,0.5500637639206388,0.6972877516440182,0.26012486511994243,0.7229349184841578,0,1,1,1,0,1,1,1.0
0801210426960,S14,1,2026-09-22 06:28:52.250587+00:00,CR,N,N-1,Right Side,UBE 850T-2,Non-Filling,Non_filling,0.26493050916202104,0.810279463072285,0.5119730854720863,0.6706957080036431,0.7382570028315498,0.7267737364744864,0,1,1,1,1,1,1,1.0
0801210826963,S14,1,2026-09-22 06:30:09.901391+00:00,CR,C,C-1,Top View,UBE 850T-2,Bend,,0.5281818383579852,0.8142033301620549,0.3924451846636184,0.6850829431892858,0.3355338544411242,0.7267777691790385,1,1,0,1,0,1,1,
0801214926997,S14,1,2026-09-22 06:29:49.564682+00:00,CRAM,E,E-2,Bottom View,UBE 850T-2,Porosity,Porosity,0.10040856694106398,0.28375753974317797,0.25659390753422306,0.686587774289316,0.5135692346696032,0.8375142087392042,0,0,0,1,1,1,1,1.0
0801220027007,S14,1,2026-09-22 06:30:42.677527+00:00,CR,A,A-2,Top View,UBE 850T-2,Bend,,0.2987944612091856,0.8340429480284617,0.5972547595490495,0.7100678435798677,0.2106323623177984,0.5103604125839115,0,1,1,1,0,1,1,
0801220827013,S14,1,2026-09-22 06:37:32.208356+00:00,,,,,UBE 850T-2,"PLC_COMMUNICATION_FAILED_PLC SLMP START_ACK timeout (expected 1,1,2)",,0.2090562192070974,0.5235128189929144,0.6464845967439901,0.7100109276162221,0.7678207950152582,0.743193802249931,0,1,1,1,1,1,1,
0802041627040,S14,1,2026-09-11 11:17:54.295371+00:00,CR,A,A-3,Top View,UBE 850T-2,Bend,,0.5597097638056722,0.8547266011697389,0.7507100793165347,0.8194013954499769,0.24620061153441736,0.16138741108008,1,1,1,1,0,0,1,
0802045327063,S14,1,2026-09-11 11:20:51.523175+00:00,CR,A,A-1,Top View,UBE 850T-2,Bend,,0.3633241090953317,0.6127058914210279,0.7853309733080103,0.40165469444195934,0.735793386841793,0.9027456174430752,0,1,1,1,1,1,1,
0802050127069,S14,1,2026-09-11 11:23:36.967831+00:00,CR,A,A-3,Top View,UBE 850T-2,Bend,,0.25210613970718476,0.615445614784498,0.5392584401982579,0.6228025697138142,0.7615090911308342,0.5778620666583769,0,1,1,1,1,1,1,
0802062527094,S14,1,2026-09-11 10:57:56.360790+00:00,CR,A,A-2,Top View,UBE 850T-2,Bend,,0.4013072819540746,0.8563380989190659,0.7284301802937028,0.568374526803593,0.5801221308420235,0.6319927910403513,1,1,1,1,1,1,1,
0802062727096,S14,1,2026-09-11 10:52:36.954851+00:00,CR,A,A-3,Top View,UBE 850T-2,Bend,,0.192549968999123,0.8389059476715534,0.8759360199656232,0.5982655504857294,0.20929861790075172,0.880337716503123,0,1,1,1,0,1,1,
0802065327118,S14,1,2026-09-11 10:52:24.411644+00:00,CR,A,A-3,Top View,UBE 850T-2,Bend,,0.10171145856030364,0.8128421215828314,0.6951070416064107,0.6933252057060176,0.24855471138035368,0.7264897927306113,0,1,1,1,0,1,1,
0802071027130,S14,1,2026-09-11 10:40:13.520974+00:00,CR,A,A-2,Top View,UBE 850T-2,Bend,,0.07993080624482372,0.811404505088062,0.07240217861166276,0.7444507593881078,0.7578647908015362,0.1687522410859359,0,1,0,1,1,0,1,
0802071627135,S14,1,2026-09-11 10:52:12.172237+00:00,CR,A,A-3,Top View,UBE 850T-2,Bend,,0.44989392599395117,0.761455371716815,0.5312243297508117,0.46672726027492706,0.2591464777100444,0.1869792974054128,1,1,1,1,0,0,1,
0802074527155,S14,1,2026-09-11 10:51:59.932454+00:00,CR,A,A-2,Top View,UBE 850T-2,Bend,,0.39852211673159516,0.7602103877236532,0.6350661047651248,0.7641545395766489,0.18253553666695105,0.566088281242946,0,1,1,1,0,1,1,
0802100527229,S14,1,2026-09-11 10:28:52.560899+00:00,CR,O,O-1,Front,UBE 850T-2,Bend,,0.3790867301485023,0.8387215746272858,0.9411914318179765,0.721060177594565,0.15089700040615558,0.8338083869464272,0,1,1,1,0,1,1,
0802103427240,S14,1,2026-09-11 10:36:40.186783+00:00,CR,D,D-4,Top View,UBE 850T-2,Bend,,0.19433535157066065,0.5922879776494826,0.50306068236102,0.6374440030261266,0.2449480585881775,0.07889968219607091,0,1,1,1,0,0,1,
0802104927253,S14,1,2026-09-11 10:31:28.913344+00:00,CRAM,E,E-2,Bottom View,UBE 850T-2,Porosity,Porosity,0.42086818911724816,0.8275304095247544,0.2563250561018361,0.722667056554529,0.25126523011447116,0.10533913924139013,1,1,0,1,0,0,1,1.0
0802105427257,S14,1,2026-09-11 10:30:29.116241+00:00,CRAM,E,E-3,Bottom View,UBE 850T-2,Porosity,Porosity,0.2646687775601767,0.8111539048537728,0.7234881054345753,0.5964653986280061,0.17851602175315848,0.10901239203542613,0,1,1,1,0,0,1,1.0
0802105727260,S14,1,2026-09-11 10:35:53.164874+00:00,CR,A,A-3,Top View,UBE 850T-2,Bend,,0.20808554873526097,0.7628547281434375,0.3852062462910099,0.32109215123649015,0.20032900692442074,0.1552371052294213,0,1,0,0,0,0,1,
0802132627268,S14,1,2026-09-11 10:19:40.016480+00:00,CR,E,E-1,Bottom View,UBE 850T-2,Crack,Crack,0.3227320295619456,0.29981369702037375,0.7856603131604927,0.32201295327329876,0.19843451023073574,0.15938480907381453,0,0,1,0,0,0,1,0.0
0802145527343,S14,1,2026-09-11 10:07:38.111683+00:00,CR,G,G-1,Bottom View,UBE 850T-2,Crack,Crack,0.40066337943504354,0.8279863488052217,0.38645601269932106,0.3320417929557571,0.1786277887800094,0.6327891163573612,1,1,0,0,0,1,1,1.0
0802152027364,S14,1,2026-09-11 10:04:48.095820+00:00,CR,E,E-5,Bottom View,UBE 850T-2,Crack,Crack,0.28783851896499163,0.5332139698176871,0.12288116730609938,0.64140129067207,0.24414251709198603,0.8260849234833425,0,1,0,1,0,1,1,1.0
0802161327409,S14,1,2026-09-11 09:53:05.763468+00:00,CR,A,A-1,Top View,UBE 850T-2,Non-Filling,Non_filling,0.21024938686000477,0.6143578487195431,0.6567116972821956,0.3294724369632315,0.24451575432635422,0.14466620037822503,0,1,1,0,0,0,1,1.0
0802161727412,S14,1,2026-09-11 10:02:42.230609+00:00,CR,O,O-1,Front,UBE 850T-2,Non-Filling,Non_filling,0.1926308883312296,0.2895470003514474,0.759431224429568,0.3065256274013052,0.24863661203161774,0.24822056484849386,0,0,1,0,0,0,1,1.0
0802161827413,S14,1,2026-09-11 17:10:13.928254+00:00,CRAM,E,E-2,Bottom View,UBE 850T-2,Face Blow Hole,Blow_Hole,0.5278843091027975,0.2956212555895746,0.7744495196605184,0.23909429102538546,0.21300252360515332,0.15908475905167033,1,0,1,0,0,0,1,1.0
0802165627445,S14,1,2026-09-12 10:42:16.397821+00:00,,,,,UBE 850T-2,PLC_COMMUNICATION_FAILED_PLC packet timeout,,0.3792064169022066,0.8483037754083987,0.33698098351835193,0.7252445134560067,0.6835995513756077,0.8985514047268911,0,1,0,1,1,1,1,
0802171027457,S14,1,2026-09-11 09:53:17.896445+00:00,CR,N,N-1,Right Side,UBE 850T-2,Non-Filling,Non_filling,0.44405693989889583,0.28599219784853924,0.6022010807791633,0.80907727074768,0.379251601521668,0.10119216873566461,1,0,1,1,0,0,1,1.0
0802172227467,S14,1,2026-09-11 17:36:28.256396+00:00,CRAM,P,P-2,Front,UBE 850T-2,Porosity,Porosity,0.30005145089367735,0.8240618989357906,0.6165515103212775,0.23438845801123287,0.2977068763726259,0.25095881147311616,0,1,1,0,0,0,1,0.0
0802174227484,S14,1,2026-09-12 10:40:59.374383+00:00,,,,,UBE 850T-2,PLC_COMMUNICATION_FAILED_PLC circuit open until 2026-08-06T07:40:21.891Z,,0.20797479274341907,0.5247917226595343,0.1418267960619506,0.2391597277790098,0.24478294786851512,0.41039513114129517,0,1,0,0,0,1,1,
0802175527494,S14,1,2026-09-12 10:40:39.229746+00:00,,,,,UBE 850T-2,PLC_COMMUNICATION_FAILED_PLC circuit open until 2026-08-06T07:53:18.781Z,,0.5326868629696284,0.8252215377245122,0.3395279268420654,0.6065721595731306,0.21108919183036567,0.3079261343560577,1,1,0,1,0,0,1,
0802175927498,S14,1,2026-09-12 10:41:19.819996+00:00,,,,,UBE 850T-2,PLC_COMMUNICATION_FAILED_PLC circuit open until 2026-08-06T08:04:54.740Z,,0.253184077559395,0.8229030449700121,0.5550150324916788,0.6187557656821353,0.7610232385817136,0.6290422849750774,0,1,1,1,1,1,1,
0802180327501,S14,1,2026-09-12 10:40:18.754258+00:00,,,,,UBE 850T-2,PLC_COMMUNICATION_FAILED_PLC circuit open until 2026-08-06T08:08:54.108Z,,0.2649279407531462,0.29206369482411143,0.64130774751481,0.7952725186553732,0.19903091370551423,0.0960900416633318,0,0,1,1,0,0,1,
0802182827522,S14,1,2026-09-12 10:39:38.155467+00:00,,,,,UBE 850T-2,PLC_COMMUNICATION_FAILED_PLC packet timeout,,0.09999011321192733,0.2866285313708184,0.3733588133699924,0.7905668083162478,0.3365812261574373,0.08413247284566774,0,0,0,1,0,0,1,
0802183627529,S14,1,2026-09-12 10:41:56.249318+00:00,,,,,UBE 850T-2,PLC_COMMUNICATION_FAILED_PLC circuit open until 2026-08-06T07:46:55.084Z,,0.48963948137127605,0.8312703340950784,0.5184850918392786,0.7066654399971186,0.4423722126710639,0.25307053576738164,1,1,1,1,1,0,1,
0802184227534,S14,1,2026-09-12 10:39:58.604296+00:00,,,,,UBE 850T-2,PLC_COMMUNICATION_FAILED_PLC packet timeout,,0.18465018807012662,0.2854598318551388,0.6495077336873256,0.4939395445008025,0.3356579299605611,0.4026759516968197,0,0,1,1,0,1,1,
0802190027549,S14,1,2026-09-11 17:26:53.891760+00:00,CR,H,H-3,Bottom View,UBE 850T-2,Shrinkage,Shrinkage,0.5277999152102237,0.8410044043922642,0.2626277606019838,0.7640342093136321,0.7781237928818902,0.4152165741695018,1,1,0,1,1,1,1,1.0
0802214027609,S14,1,2026-09-11 09:19:05.142649+00:00,CR,A,A-2,Top View,UBE 850T-2,Bend,,0.39892503105335364,0.721291863281392,0.4801018556209409,0.8577894009682765,0.7647356316023345,0.0957819369247598,0,1,1,1,1,0,1,
0802214127610,S14,1,2026-09-11 09:15:14.088407+00:00,CR,A,A-3,Top View,UBE 850T-2,Bend,,0.571176355472123,0.43063345848788676,0.49864083961132605,0.8076079536112437,0.24654037884662305,0.2547113999790274,1,1,1,1,0,0,1,
0802214327611,S14,1,2026-09-11 09:18:28.239629+00:00,CR,M,M-2,Right Side,UBE 850T-2,Non-Filling,Non_filling,0.4936259724611123,0.8403864016699791,0.531511364461596,0.32174862178717833,0.735329994925419,0.8843954449885784,1,1,1,0,1,1,1,1.0
0802214927616,S14,1,2026-09-11 09:24:49.968292+00:00,CR,R,R-1,Rear,UBE 850T-2,Bend,,0.43190767167826205,0.6126133533567135,0.19465363598617003,0.8191011325691392,0.40317409758439393,0.15541945510256586,1,1,0,1,1,0,1,
0802215527621,S14,1,2026-09-11 09:14:01.096181+00:00,CR,A,A-2,Top View,UBE 850T-2,Bend,,0.3227249425115142,0.5917692855737072,0.4914955180260808,0.6418258076961502,0.3064629135489167,0.0927961946781545,0,1,1,1,0,0,1,
0802215827624,S14,1,2026-09-11 09:14:37.669014+00:00,CR,A,A-3,Top View,UBE 850T-2,Bend,,0.2989857500660892,0.6125860741616218,0.49346488075092176,0.6746599766095567,0.18580192845653906,0.08097306854487617,0,1,1,1,0,0,1,
0802220327628,S14,1,2026-09-11 09:14:13.235154+00:00,CR,N,N-1,Right Side,UBE 850T-2,Non-Filling,Non_filling,0.09447975052413911,0.8410779621552353,0.6146408422783246,0.4746085867737593,0.24355874450647153,0.88548274802008,0,1,1,1,0,1,1,1.0
0802221927634,S14,1,2026-09-11 09:23:36.772286+00:00,CR,O,O-2,Front,UBE 850T-2,Bend,,0.0967218426485491,0.8167959482824296,0.6927093949429459,0.6459596115457085,0.42478709930643455,0.8313617997705602,0,1,1,1,1,1,1,
0802222027635,S14,1,2026-09-11 09:15:50.619235+00:00,CR,R,R-1,Rear,UBE 850T-2,Bend,,0.21011643718458992,0.6141942211722581,0.17138331462680517,0.329109571987997,0.24611610677877296,0.8357975323042275,0,1,0,0,0,1,1,
0802222227637,S14,1,2026-09-11 09:19:41.682685+00:00,CR,D,D-4,Top View,UBE 850T-2,Bend,,0.22350104369038776,0.4304027772828125,0.2647300107083657,0.7904723830485602,0.20821475089238398,0.7232253568191293,0,1,0,1,0,1,1,
0802222427638,S14,1,2026-09-11 09:24:13.540420+00:00,CR,O,O-2,Front,UBE 850T-2,Bend,,0.2079716281784381,0.8313059625660486,0.7610310563074347,0.8152964807715376,0.24654101694013725,0.888776246767599,0,1,1,1,0,1,1,
0802222627640,S14,1,2026-09-11 09:16:02.800268+00:00,CR,R,R-1,Rear,UBE 850T-2,Bend,,0.20834788430133624,0.7595324456495877,0.44319802175437817,0.7247615565058946,0.24621753142536235,0.6300775795372037,0,1,1,1,0,1,1,
0802222827642,S14,1,2026-09-11 09:23:24.637908+00:00,CR,N,N-1,Right Side,UBE 850T-2,Non-Filling,Non_filling,0.37185261382102447,0.6938482335752205,0.5317179367715885,0.6834498100249642,0.37895728000211676,0.15385622216359132,0,1,1,1,0,0,1,1.0
0802223427647,S14,1,2026-09-11 17:22:28.432443+00:00,CRAM,H,H-4,Bottom View,UBE 850T-2,Face Blow Hole,Blow_Hole,0.5451450688352815,0.8129975916454857,0.3403279139310735,0.6940299650478128,0.25961645330122685,0.7877184779255874,1,1,0,1,0,1,1,1.0
0802223527648,S14,1,2026-09-11 09:22:19.741925+00:00,CR,S,S-2,Rear,UBE 850T-2,Non-Filling,Non_filling,0.28484760026306694,0.8119193806998829,0.6903575554984456,0.8140077240855619,0.4426763154601627,0.10243868566304598,0,1,1,1,1,0,1,1.0
0802230827672,S14,1,2026-09-11 16:22:19.671963+00:00,CR,A,A-1,Top View,UBE 850T-2,Bend,,0.37477517940879235,0.29603205664784055,0.3496799282334637,0.7179401646901598,0.21112637880707708,0.8336227699529365,0,0,0,1,0,1,1,
0802231227675,S14,1,2026-09-11 20:34:37.418646+00:00,CRAM,E,E-2,Bottom View,UBE 850T-2,Chipoff on M8.0,Chipoff,0.19251252922950243,0.5750693137181778,0.24029910661759168,0.7253022157583519,0.7409159610209606,0.8891008225409036,0,1,0,1,1,1,1,1.0
0802233727692,S14,1,2026-09-11 15:50:16.177909+00:00,CR,A,A-3,Top View,UBE 850T-2,Bend,,0.28997978625958554,0.7424742118702311,0.5447540243232212,0.830459246236176,0.1994127982723131,0.11819994503363515,0,1,1,1,0,0,1,
0802234027693,S14,1,2026-09-11 16:22:33.648304+00:00,CR,A,A-3,Top View,UBE 850T-2,Bend,,0.1856536249048048,0.845423013382268,0.48202193123888015,0.7505833878685886,0.42371377449159187,0.14591364763798875,0,1,1,1,1,0,1,
0803011627772,S14,1,2026-09-11 17:02:06.767263+00:00,CR,A,A-3,Top View,UBE 850T-2,Bend,,0.19229887381601138,0.8104619402466813,0.19970280106386207,0.4939673793620307,0.2690628959400374,0.2505968499334747,0,1,0,1,0,0,1,
0803045027947,S14,1,2026-09-11 19:23:03.006368+00:00,,,,,UBE 850T-2,"PLC_COMMUNICATION_FAILED_PLC SLMP START_ACK timeout (expected 1,1,2)",,0.4044561675708517,0.32788933145445087,0.7359027207280667,0.641403869943542,0.769733447979282,0.8309385828643583,1,0,1,1,1,1,1,
0803051927958,S14,1,2026-09-11 16:09:03.480980+00:00,CR,O,O-1,Front,UBE 850T-2,Bend,,0.527846780005032,0.2651914193699319,0.6709299980237224,0.7434573228190652,0.7676554076733207,0.25026434008184606,1,0,1,1,1,0,1,
0803071328046,S14,1,2026-09-11 15:34:38.738974+00:00,CR,D,D-4,Top View,UBE 850T-2,Dent,,0.414557720989472,0.5919440369857496,0.46620892889557486,0.3739706032903398,0.7362462686520236,0.27778660431770985,1,1,1,0,1,0,1,
0803090128127,S14,1,2026-09-11 14:19:49.688300+00:00,CRAM,E,E-2,Bottom View,UBE 850T-2,M14 Face Blow Hole,Blow_Hole,0.5898513468689471,0.7626224606037961,0.5754259881322985,0.7209189469535967,0.44206380851580757,0.07706785205729266,1,1,1,1,1,0,1,1.0
0803090328129,S14,1,2026-09-11 14:27:09.667339+00:00,CR,O,O-1,Front,UBE 850T-2,Non-Filling,Non_filling,0.21083146404032224,0.8153339405963755,0.8449787426966495,0.1247999883683684,0.3991145779914686,0.6307748345429713,0,1,1,0,0,1,1,1.0
0803090428130,S14,1,2026-09-11 14:14:45.871934+00:00,CRAM,O,O-2,Front,UBE 850T-2,Bend,,0.22353557000010854,0.4483420007087513,0.42253242432096255,0.34782766772892926,0.20149618316558268,0.8358746324197871,0,1,1,0,0,1,1,
0803094428164,S14,1,2026-09-11 20:28:05.733132+00:00,CRAM,E,E-2,Bottom View,UBE 850T-2,Porosity,Porosity,0.4981629510477529,0.8480370057047436,0.6648898513305423,0.47863702883182296,0.2453602944909672,0.16319477692545434,1,1,1,1,0,0,1,1.0
0803103528192,S14,1,2026-09-11 15:13:32.696103+00:00,CR,A,A-3,Top View,UBE 850T-2,Bend,,0.18638652934941738,0.42567136184426635,0.5498603078358024,0.8253904019976924,0.6793920556539039,0.8343720917140759,0,1,1,1,1,1,1,
0803111128218,S14,1,2026-09-11 15:10:55.447166+00:00,CR,A,A-2,Top View,UBE 850T-2,Bend,,0.40022589157450666,0.3083784155274678,0.12033497965234338,0.8573786642600785,0.7886951320674462,0.11284328095121529,1,0,0,1,1,0,1,
0803113528231,S14,1,2026-09-11 15:02:00.837594+00:00,CR,R,R-1,Rear,UBE 850T-2,Bend,,0.09717164274462498,0.8266252270709458,0.36449745023695684,0.49403611454632346,0.5788848757887923,0.18882629505158577,0,1,0,1,1,0,1,
0803113928234,S14,1,2026-09-11 15:19:43.768725+00:00,CR,A,A-3,Top View,UBE 850T-2,Extra Metal,,0.2512611860006387,0.5797850466782464,0.20217192336601433,0.7490851849830105,0.7855228998149651,0.8831425726161047,0,1,0,1,1,1,1,
0803115628248,S14,1,2026-09-11 20:24:27.914213+00:00,CRAM,C,C-1,Top View,UBE 850T-2,Porosity,Porosity,0.5015287349063163,0.825661479780315,0.5238525944382715,0.6444551468027411,0.30368711420636146,0.1080922902207197,1,1,1,1,0,0,1,1.0
0803124528265,S14,1,2026-09-11 15:09:51.573608+00:00,CR,O,O-2,Front,UBE 850T-2,Bend,,0.09470879229212321,0.8228679456961847,0.43929636716231013,0.14504146308140875,0.8515091801453737,0.07276409366859621,0,1,1,0,1,0,1,
0803130728282,S14,1,2026-09-11 13:56:40.976991+00:00,CRAM,O,O-1,Front,UBE 850T-2,Non-filling,Non_filling,0.1416283722468237,0.2944233435723926,0.3389455826999128,0.41503639292008154,0.25426854193062554,0.21965966990868563,0,0,0,1,0,0,1,0.0
0803131328287,S14,1,2026-09-11 19:51:28.994009+00:00,CRAM,E,E-2,Bottom View,UBE 850T-2,Porosity,Porosity,0.2990371566503449,0.820206623451494,0.11066369308479747,0.37436070403011557,0.8190364190537743,0.8360405585110562,0,1,0,0,1,1,1,0.0
0803132928300,S14,1,2026-09-12 10:38:29.716033+00:00,,,,,UBE 850T-2,PLC_COMMUNICATION_FAILED_PLC circuit open until 2026-08-06T16:18:30.892Z,,0.28775202043438153,0.5237603753771173,0.33131791151937406,0.3452571938349254,0.7408862117801035,0.6355775658372556,0,1,0,0,1,1,1,
0803133928308,S14,1,2026-09-11 13:36:02.508830+00:00,CRAM,E,E-2,Bottom View,UBE 850T-2,M14 Face Blow Hole,Blow_Hole,0.5099930735416516,0.2846514033133012,0.7706216795253396,0.2552051161471197,0.25368725929985114,0.8360871981177421,1,0,1,0,0,1,1,1.0
0803134128310,S14,1,2026-09-12 10:37:28.531271+00:00,,,,,UBE 850T-2,PLC_COMMUNICATION_FAILED_PLC circuit open until 2026-08-06T16:16:52.380Z,,0.5110008939605298,0.7665621865314483,0.7045737833098975,0.6203366612961989,0.7343194335180669,0.1028635515396486,1,1,1,1,1,0,1,
0803134228311,S14,1,2026-09-12 10:38:09.223244+00:00,,,,,UBE 850T-2,PLC_COMMUNICATION_FAILED_PLC packet timeout,,0.5354616899467354,0.5915187841190575,0.4710511598067784,0.3873717827802561,0.7365485342807065,0.2699418189841356,1,1,1,0,1,0,1,
0803140528329,S14,1,2026-09-11 19:58:59.393491+00:00,,,,,UBE 850T-2,PLC_COMMUNICATION_FAILED_PLC packet timeout,,0.3511107250278607,0.39021748559237646,0.22242719304923694,0.41480491207718295,0.737176684408809,0.11381779070650691,0,0,0,1,1,0,1,
0803140928332,S14,1,2026-09-11 13:49:04.092339+00:00,CRAM,O,O-1,Front,UBE 850T-2,Non-filling,Non_filling,0.10652266978516314,0.253376920162694,0.4610217550050156,0.5991790765241596,0.26100960673425483,0.10105376862423024,0,0,1,1,0,0,1,1.0
0803141528337,S14,1,2026-09-11 13:29:47.662587+00:00,CRAM,O,O-1,Front,UBE 850T-2,Non-filling,Non_filling,0.27180560025355044,0.2648764690771253,0.8185761201169166,0.24453642977164064,0.17264070812075874,0.07239837357993047,0,0,1,0,0,0,1,1.0
0803142728347,S14,1,2026-09-11 13:34:29.720485+00:00,CRAM,E,E-2,Bottom View,UBE 850T-2,Blow Hole M8,Blow_Hole,0.6070648766628612,0.25318940064265294,0.4588495822614773,0.6336497858312031,0.5122748120044722,0.09099145341034817,1,0,1,1,1,0,1,1.0
0803144428360,S14,1,2026-09-11 13:52:34.045529+00:00,CRAM,E,E-2,Bottom View,UBE 850T-2,Porosity,Porosity,0.10094200055709074,0.7404012188107493,0.5068652300590724,0.26963668426652954,0.16309515832087376,0.08031903680078123,0,1,1,0,0,0,1,0.0
0803144828364,S14,1,2026-09-11 13:48:15.858351+00:00,CRAM,E,E-2,Bottom View,UBE 850T-2,M14 Face Blow Hole,Blow_Hole,0.38074701133294875,0.2814830711465278,0.622799847775166,0.5912050788291728,0.20936440215835783,0.08584576605295566,0,0,1,1,0,0,1,0.0
0803145128366,S14,1,2026-09-11 14:59:23.790219+00:00,CRAM,E,E-2,Bottom View,UBE 850T-2,Blow Hole M8,Blow_Hole,0.6579971614532358,0.42524952942046446,0.7492166278049166,0.6419138039635288,0.24476336925125664,0.6287710699290435,1,1,1,1,0,1,1,1.0
0803150228375,S14,1,2026-09-11 20:10:08.638950+00:00,CRAM,Q,Q-1,Rear,UBE 850T-2,M14 Face Blow Hole,Blow_Hole,0.4280328083704216,0.7654642003991345,0.3202807645064366,0.32942024906320605,0.3993312444114828,0.14517666210421973,1,1,0,0,0,0,1,1.0
0803150428377,S14,1,2026-09-11 14:54:33.533627+00:00,CRAM,E,E-2,Bottom View,UBE 850T-2,M14 Face Blow Hole,Blow_Hole,0.3997489626298182,0.759298865930756,0.0929986207403803,0.7617625348078019,0.6811004273390977,0.15534762341041422,0,1,0,1,1,0,1,0.0
0803153428400,S14,1,2026-09-11 14:51:47.873549+00:00,CR,O,O-1,Front,UBE 850T-2,Non-Filling,Non_filling,0.4929481917980572,0.8488754853252639,0.8043941193600392,0.6451620201333592,0.16178115472805965,0.19406270619421306,1,1,1,1,0,0,1,1.0
0803153828403,S14,1,2026-09-11 14:47:33.396105+00:00,CR,R,R-2,Rear,UBE 850T-2,Non-Filling,Non_filling,0.3717014152030148,0.766805791866132,0.1334729369927734,0.7615372995561056,0.5771715199038157,0.11097274778372843,0,1,0,1,1,0,1,0.0
0803154328407,S14,1,2026-09-11 14:59:07.360925+00:00,CRAM,E,E-2,Bottom View,UBE 850T-2,Porosity,Porosity,0.29906885997101174,0.8131950758052174,0.2582072491472839,0.6333047460409603,0.5745842899949263,0.6351111949035825,0,1,0,1,1,1,1,1.0
0803160728427,S14,1,2026-09-11 14:40:28.901139+00:00,CRAM,E,E-2,Bottom View,UBE 850T-2,M14 Face Blow Hole,Blow_Hole,0.4657894118935165,0.28048759776717935,0.38055502446940026,0.7184958891439575,0.18856367236956675,0.4020606369335454,1,0,0,1,0,1,1,1.0
0803162628443,S14,1,2026-09-11 14:47:09.078865+00:00,CRAM,E,E-2,Bottom View,UBE 850T-2,Porosity,Porosity,0.1925991795215546,0.6144972510621858,0.10277550863774096,0.7256176190802646,0.5134348200798868,0.08030554411758728,0,1,0,1,1,0,1,1.0
0803164828461,S14,1,2026-09-11 14:52:00.040594+00:00,CR,D,D-4,Top View,UBE 850T-2,Non-Filling,Non_filling,0.208294504371339,0.7244482333435014,0.8953363166600874,0.3479431456816596,0.25921295144944495,0.8939424385600883,0,1,1,0,0,1,1,1.0
0803165928471,S14,1,2026-09-11 14:47:21.237281+00:00,CR,A,A-2,Top View,UBE 850T-2,Non-Filling,Non_filling,0.29918588757622666,0.5983898960291533,0.7006469066199542,0.6334763260977966,0.19321150300316225,0.11971129954442883,0,1,1,1,0,0,1,1.0
0803170828478,S14,1,2026-09-11 14:46:28.582577+00:00,CR,A,A-1,Top View,UBE 850T-2,Non-Filling,Non_filling,0.3746164592254115,0.8233559247941425,0.8081475062699243,0.5385060065886437,0.25466143054258206,0.08026136836443523,0,1,1,1,0,0,1,1.0
0803171628485,S14,1,2026-09-11 14:43:10.743531+00:00,CR,A,A-1,Top View,UBE 850T-2,Non-Filling,Non_filling,0.5855178645527079,0.7665836249515573,0.7928913706624132,0.11094517811808924,0.19576151264780822,0.6302930189993792,1,1,1,0,0,1,1,1.0
0803171728486,S14,1,2026-09-11 14:33:22.582974+00:00,,,,,UBE 850T-2,"PLC_COMMUNICATION_FAILED_PLC SLMP START_ACK timeout (expected 1,1,2)",,0.44831138260559183,0.6141566555812168,0.3812385111980445,0.23589354770492502,0.19777123841815067,0.8193945663770736,1,1,0,0,0,1,1,
0803173428500,S14,1,2026-09-12 10:37:49.036244+00:00,,,,,UBE 850T-2,PLC_COMMUNICATION_FAILED_PLC packet timeout,,0.5552583459536713,0.7421506964795719,0.46262812931982944,0.686483508423556,0.24615624684128884,0.09596151874256646,1,1,1,1,0,0,1,
0803180128512,S14,1,2026-09-12 10:37:08.336111+00:00,,,,,UBE 850T-2,PLC_COMMUNICATION_FAILED_PLC circuit open until 2026-08-06T16:03:49.561Z,,0.2999049866524808,0.29774048824064914,0.3010704226131144,0.6678798413332037,0.25398310156794496,0.7231728931150934,0,0,0,1,0,1,1,
0803180228513,S14,1,2026-09-11 13:43:09.866186+00:00,CRAM,O,O-1,Front,UBE 850T-2,Bend,,0.271783664843804,0.2949838484812014,0.6368750348489266,0.6822711689174784,0.45630243242730006,0.1128207055858782,0,0,1,1,1,0,1,
0803182028528,S14,1,2026-09-11 14:01:10.630916+00:00,CRAM,E,E-2,Bottom View,UBE 850T-2,Chipoff on M8.0,Chipoff,0.19261861481894693,0.4248235167599206,0.17985598616432188,0.41495859512618793,0.2512413450946989,0.8367123081729311,0,1,0,1,0,1,1,1.0
0803182728532,S14,1,2026-09-11 14:05:05.346858+00:00,CRAM,E,E-2,Bottom View,UBE 850T-2,M14 Face Blow Hole,Blow_Hole,0.5551892020862248,0.42607024020117507,0.5194316538080166,0.13323997317340228,0.41893343185135273,0.7437110058799331,1,1,1,0,1,1,1,1.0
0803192628568,S14,1,2026-09-11 14:11:41.197603+00:00,CRAM,O,O-2,Front,UBE 850T-2,Bend,,0.27216546243763173,0.7657517235888246,0.26525080916560545,0.2445929720719725,0.19464547322619474,0.10763922262027752,0,1,0,0,0,0,1,
0803195428592,S14,1,2026-09-11 13:01:31.390989+00:00,CR,P,P-2,Front,UBE 850T-2,Bend,,0.3000441810857495,0.7582737619198272,0.12578033478515055,0.24473399669902224,0.24836239575439092,0.11729431957974554,0,1,0,0,0,0,1,
0803213828613,S14,1,2026-09-11 13:18:02.579010+00:00,CRAM,G,G-2,Bottom View,UBE 850T-2,Non-filling,Non_filling,0.2802687256584151,0.28716028505721725,0.6315823198820197,0.5980802175983226,0.2110093980529498,0.8914788798376052,0,0,1,1,0,1,1,1.0
0803213928614,S14,1,2026-09-11 13:13:34.814835+00:00,CR,O,O-1,Front,UBE 850T-2,Bend,,0.43401111411208726,0.8227178554022447,0.7753326389977783,0.18190071064683916,0.2110941879384656,0.146039720018151,1,1,1,0,0,0,1,
0803214228616,S14,1,2026-09-11 13:18:15.098502+00:00,CRAM,O,O-1,Front,UBE 850T-2,Bend,,0.4999131325998714,0.7653454437368298,0.4865937557256942,0.13043092544500415,0.20796335828069018,0.7437025949421416,1,1,1,0,0,1,1,
0803214428618,S14,1,2026-09-11 13:14:31.666080+00:00,CRAM,O,O-2,Front,UBE 850T-2,Bend,,0.4249174478400687,0.30059094518967266,0.46840560396773684,0.24454009942477806,0.19339327637808268,0.5614240953150041,1,0,1,0,0,1,1,
0803214828621,S14,1,2026-09-11 19:23:43.544858+00:00,CRAM,E,E-2,Bottom View,UBE 850T-2,Porosity,Porosity,0.37447407463750004,0.5976818750133523,0.5075402315126073,0.6191076913012005,0.19394790389546868,0.10842455159395524,0,1,1,1,0,0,1,1.0
0803220228633,S14,1,2026-09-11 19:46:37.517306+00:00,,,,,UBE 850T-2,PLC_COMMUNICATION_FAILED_PLC packet timeout,,0.4043469924261508,0.7418658142200839,0.13105191823013423,0.4665807960008851,0.7684569064647289,0.1102930505295972,1,1,0,1,1,0,1,
0803220428634,S14,1,2026-09-12 10:36:27.582431+00:00,,,,,UBE 850T-2,PLC_COMMUNICATION_FAILED_PLC packet timeout,,0.4157995989116694,0.743034842778199,0.17701895183600516,0.33478028337786087,0.7617123901307853,0.11071890950793954,1,1,0,0,1,0,1,
0803221128640,S14,1,2026-09-12 10:36:47.832968+00:00,,,,,UBE 850T-2,PLC_COMMUNICATION_FAILED_PLC circuit open until 2026-08-06T01:29:09.199Z,,0.29143830776325763,0.7637680527547062,0.5214017446793181,0.6196656417519134,0.18394282364100364,0.08984541763253923,0,1,1,1,0,0,1,
0803223228658,S14,1,2026-09-11 18:58:13.848229+00:00,CR,H,H-4,Bottom View,UBE 850T-2,Black Mark,,0.5899963797795983,0.8230929336786541,0.6291989042716606,0.4019671013024257,0.21419748830118426,0.09055414658123948,1,1,1,1,0,0,1,
0803230628686,S14,1,2026-09-12 00:43:11.385459+00:00,CRAM,E,E-1,Bottom View,UBE 850T-2,Face Blow Hole,Blow_Hole,0.19271695825039836,0.8318707908619027,0.43846589622032184,0.6339524679089145,0.1871103925274857,0.07424712533846675,0,1,1,1,0,0,1,0.0
0803233828707,S14,1,2026-09-11 12:53:11.789509+00:00,CR,A,A-2,Top View,UBE 850T-2,Bend,,0.26656806944619027,0.8226429521886268,0.3991122743926491,0.32914190224322315,0.79374809818654,0.1172452359204133,0,1,0,0,1,0,1,
0803234028709,S14,1,2026-09-12 00:45:13.649927+00:00,,,,,UBE 850T-2,PLC_COMMUNICATION_FAILED_PLC packet timeout,,0.29970966572337354,0.8324453802885563,0.1841830735025909,0.8203485977828701,0.2451500371909973,0.07890315571481907,0,1,0,1,0,0,1,
0803234128710,S14,1,2026-09-12 00:42:55.111294+00:00,CRAM,A,A-4,Top View,UBE 850T-2,Shrinkage,Shrinkage,0.10072473428287138,0.6133179774204481,0.13333323156453242,0.23748906656149954,0.4036398593290004,0.07646194051347277,0,1,0,0,1,0,1,1.0
0803234328711,S14,1,2026-09-12 00:47:12.298348+00:00,,,,,UBE 850T-2,PLC_COMMUNICATION_FAILED_PLC packet timeout,,0.09818774755906676,0.8123569998152964,0.2888364111195953,0.6376003070052337,0.25080718309981465,0.07758367730487475,0,1,0,1,0,0,1,
0803234428712,S14,1,2026-09-12 00:44:32.738251+00:00,,,,,UBE 850T-2,PLC_COMMUNICATION_FAILED_PLC circuit open until 2026-08-05T15:46:52.636Z,,0.18589385827892504,0.825746620280804,0.22036140909697294,0.8257592443980737,0.7993600987680975,0.11888190913628062,0,1,0,1,1,0,1,
0803234528713,S14,1,2026-09-12 10:28:47.689524+00:00,CR,G,G-1,Bottom View,UBE 850T-2,Bend,,0.39429397591216697,0.8246521064439244,0.07696871296136958,0.4668260714040044,0.25432673687477714,0.11146241504898216,0,1,0,1,0,0,1,
0803234728715,S14,1,2026-09-12 00:47:53.194347+00:00,,,,,UBE 850T-2,PLC_COMMUNICATION_FAILED_PLC packet timeout,,0.49352159128278505,0.8266614447907514,0.22186299106714866,0.41109680412298044,0.19654037162566004,0.11081392901569936,1,1,0,1,0,0,1,
0803235028717,S14,1,2026-09-12 00:44:53.357982+00:00,,,,,UBE 850T-2,PLC_COMMUNICATION_FAILED_PLC packet timeout,,0.30017038394742324,0.7599608933185097,0.4161325738467697,0.3289849398362153,0.2009477266582279,0.2555592036009056,0,1,1,0,0,0,1,
0803235728723,S14,1,2026-09-12 00:46:31.409999+00:00,,,,,UBE 850T-2,PLC_COMMUNICATION_FAILED_PLC packet timeout,,0.2824811853127798,0.428919364114682,0.591345121205111,0.6689945601785929,0.24460164693298286,0.07909620243728134,0,1,1,1,0,0,1,
0804003628744,S14,1,2026-09-12 00:46:10.806729+00:00,CRAM,B,B-1,Top View,UBE 850T-2,Blow Hole M8,Blow_Hole,0.3718628548110637,0.7233602294145391,0.6614236728814833,0.23444042575842988,0.20133273453120237,0.24795765958009006,0,1,1,0,0,0,1,0.0
0804003828746,S14,1,2026-09-12 00:47:32.589187+00:00,,,,,UBE 850T-2,PLC_COMMUNICATION_FAILED_PLC packet timeout,,0.25496761234432885,0.8203757299345973,0.2356089067197904,0.7212889006767175,0.7527203696668346,0.0982680294284687,0,1,0,1,1,0,1,
0804010328767,S14,1,2026-09-12 00:46:51.701278+00:00,,,,,UBE 850T-2,PLC_COMMUNICATION_FAILED_PLC packet timeout,,0.2087870645671062,0.32851008253786707,0.6053407408907681,0.6414029398576998,0.18758553619457455,0.09892090834173006,0,0,1,1,0,0,1,
0804010728770,S14,1,2026-09-11 19:01:19.406461+00:00,CR,O,O-2,Front,UBE 850T-2,Bend,,0.10607619636765372,0.8429380084685881,0.7103995896700487,0.35754301663194177,0.306896364033765,0.1868006607285932,0,1,1,0,0,0,1,
0804011128773,S14,1,2026-09-12 00:45:54.543528+00:00,,,,,UBE 850T-2,PLC_COMMUNICATION_FAILED_PLC packet timeout,,0.19164334382989606,0.8268439598677935,0.7123266925581293,0.8201558695508472,0.4417934450660801,0.09893077557237273,0,1,1,1,1,0,1,
0804011228774,S14,1,2026-09-12 00:45:34.254634+00:00,,,,,UBE 850T-2,PLC_COMMUNICATION_FAILED_PLC packet timeout,,0.44311775971791784,0.819533592299405,0.6199983422443726,0.6124897576636062,0.7365619343573119,0.6270160777232706,1,1,1,1,1,1,1,
0804073029006,S14,1,2026-09-11 19:11:22.617219+00:00,CR,R,R-1,Rear,UBE 850T-2,Crack,Crack,0.8254775035803114,0.7218443651019808,0.9090168144650267,0.27771961625712965,0.21194488355072677,0.8338038699767996,1,1,1,0,0,1,1,1.0
0804073129007,S14,1,2026-09-11 19:14:56.897212+00:00,CR,D,D-4,Top View,UBE 850T-2,Crack,Crack,0.520608034743468,0.8195488204003291,0.8566271016459703,0.4999782648671628,0.25245265260156635,0.6355295954423633,1,1,1,1,0,1,1,1.0
0804073329009,S14,1,2026-09-11 19:09:13.467248+00:00,CR,A,A-3,Top View,UBE 850T-2,Crack,Crack,0.8776858565156933,0.8241082479825242,0.8813708275998865,0.5195565925675678,0.21308285040681596,0.891347093276734,1,1,1,1,0,1,1,1.0
0804073629011,S14,1,2026-09-11 19:09:25.599418+00:00,CR,R,R-1,Rear,UBE 850T-2,Bend,,0.5361496214747342,0.8154584422615538,0.9404576212536315,0.8175237149326866,0.16917379974020819,0.8967678627544151,1,1,1,1,0,1,1,
0804073729012,S14,1,2026-09-11 19:10:46.231550+00:00,CR,O,O-2,Front,UBE 850T-2,Bend,,0.5194479930863427,0.7411920249692279,0.9401697912118172,0.24521834555543814,0.5249785728552419,0.5802183009770846,1,1,1,0,1,1,1,
0804073829013,S14,1,2026-09-11 19:13:40.265843+00:00,CR,N,N-2,Right Side,UBE 850T-2,Non-Filling,Non_filling,0.5022952764214971,0.8103951117327799,0.803232373565741,0.3872666785246699,0.20283841321774482,0.9167105286408787,1,1,1,0,0,1,1,1.0
0804074029014,S14,1,2026-09-11 19:13:27.681313+00:00,CR,O,O-2,Front,UBE 850T-2,Bend,,0.8491803134265816,0.8123482593581149,0.804331656037976,0.299923724832995,0.19902366007428235,0.9155537059758241,1,1,1,0,0,1,1,
0804074329017,S14,1,2026-09-11 19:08:49.048214+00:00,CR,R,R-1,Rear,UBE 850T-2,Bend,,0.7043230581734479,0.8465462985346439,0.9142131458123954,0.47830439403004255,0.2438611577683114,0.8340900250270378,1,1,1,1,0,1,1,
0804080629036,S14,1,2026-09-12 10:15:58.704713+00:00,,,,,UBE 850T-2,PLC_COMMUNICATION_FAILED_PLC circuit open until 2026-08-06T03:26:54.961Z,,0.882204371785239,0.7615962974806985,0.9395336046391363,0.330074769305535,0.30215103590130843,0.8754616417756061,1,1,1,0,0,1,1,
0804081729045,S14,1,2026-09-12 12:09:43.359383+00:00,CR,N,N-1,Right Side,UBE 850T-2,Non-Filling,Non_filling,0.5198511151869509,0.8216824370646096,0.7893684714994065,0.7355077492210867,0.2156403387202508,0.8928839527722741,1,1,1,1,0,1,1,1.0
0804081829046,S14,1,2026-09-11 19:13:15.509819+00:00,CRAM,E,E-2,Bottom View,UBE 850T-2,Porosity,Porosity,0.8777543087552757,0.7236670551651441,0.9075968416036558,0.6317252313443137,0.18121306019083613,0.9160515920145179,1,1,1,1,0,1,1,1.0
0804083729061,S14,1,2026-09-11 19:08:36.922711+00:00,CRAM,E,E-2,Bottom View,UBE 850T-2,Chipoff on M8.0,Chipoff,0.7787446661961395,0.8467240503530353,0.9498383822174019,0.6070615530228878,0.21580769359396063,0.8669620409830863,1,1,1,1,0,1,1,1.0
0804084729068,S14,1,2026-09-12 00:51:31.452411+00:00,CRAM,H,H-2,Bottom View,UBE 850T-2,Face Blow Hole,Blow_Hole,0.6941880105662759,0.8312222290505915,0.888795097025068,0.4105587676567704,0.1913940884944172,0.8909526764558142,1,1,1,1,0,1,1,1.0
0804084829069,S14,1,2026-09-12 10:35:43.009719+00:00,,,,,UBE 850T-2,PLC_COMMUNICATION_FAILED_PLC packet timeout,,0.7799538018862473,0.8345774417366405,0.937189991870991,0.7442312656535116,0.19690086756454778,0.8757427605104688,1,1,1,1,0,1,1,
0804090929086,S14,1,2026-09-11 19:17:51.595958+00:00,CR,B,B-1,Top View,UBE 850T-2,Non-Filling,Non_filling,0.4982309576162475,0.30015416948548945,0.7400781037136659,0.786019581621654,0.7214791241861036,0.8768010217325414,1,0,1,1,1,1,1,1.0
0804092829101,S14,1,2026-09-12 00:51:15.318532+00:00,CR,E,E-4,Bottom View,UBE 850T-2,Chip-off,Chipoff,0.5395718592539875,0.8292714703934589,0.9496697638729685,0.3343460805979912,0.16538497275961198,0.8995247310096236,1,1,1,0,0,1,1,1.0
0804093429106,S14,1,2026-09-12 00:50:59.182520+00:00,CR,J,J-1,Left Side,UBE 850T-2,Chip-off,Chipoff,0.8770315121331009,0.8215371935381531,0.8848744176846507,0.7211729724696702,0.7614664127120769,0.6264237349275089,1,1,1,1,1,1,1,1.0
0804103229137,S14,1,2026-09-11 19:04:06.428728+00:00,CR,S,S-1,Rear,UBE 850T-2,Black Mark,,0.5331342061117245,0.28165522576873336,0.4943203484916513,0.5978737216169429,0.7389389224918947,0.8767285730361043,1,0,1,1,1,1,1,
0804212329149,S14,1,2026-09-12 00:30:54.533153+00:00,CRAM,H,H-2,Bottom View,UBE 850T-2,Face Blow Hole,Blow_Hole,0.7011289794197836,0.7235775777590646,0.5013423442894148,0.14041618887998314,0.2875378301412853,0.9385365083289207,1,1,1,0,0,1,1,1.0
0804212929154,S14,1,2026-09-12 10:27:21.899355+00:00,,,,,UBE 850T-2,PLC_COMMUNICATION_FAILED_PLC packet timeout,,0.7789752141057242,0.7663204698707681,0.691343846365831,0.3517982554239602,0.7706555483819684,0.8062684531607278,1,1,1,0,1,1,1,
0804220529184,S14,1,2026-09-12 00:31:26.932708+00:00,CRAM,P,P-2,Front,UBE 850T-2,Porosity,Porosity,0.7864732213855461,0.7658681343135126,0.7115894222439717,0.862303327243845,0.4413119572143768,0.9149311876000354,1,1,1,1,1,1,1,1.0
0804225429224,S14,1,2026-09-12 10:26:12.663682+00:00,,,,,UBE 850T-2,PLC_COMMUNICATION_FAILED_PLC circuit open until 2026-08-06T01:49:43.073Z,,0.5401301847649975,0.759592952366775,0.6894354872793733,0.6457835385505996,0.24356007033881663,0.6291376072764416,1,1,1,1,0,1,1,
0804225629226,S14,1,2026-09-12 00:18:24.542220+00:00,CRAM,E,E-1,Bottom View,UBE 850T-2,Porosity,Porosity,0.8807220909751483,0.280595434270537,0.5410854315932265,0.6201275762542647,0.25422495700779735,0.9097271850703821,1,0,1,1,0,1,1,1.0
0804232929251,S14,1,2026-09-12 00:28:05.078291+00:00,CRAM,P,P-2,Front,UBE 850T-2,Shrinkage,Shrinkage,0.8259565422565782,0.7435280103972146,0.5835742886700731,0.5385275136534832,0.7710754869150813,0.11809976421947614,1,1,1,1,1,0,1,1.0
0804233529256,S14,1,2026-09-12 00:22:58.431890+00:00,CR,K,K-1,Left Side,UBE 850T-2,Chip-off,Chipoff,0.6639544753832272,0.2785967393193171,0.783767511984252,0.2777210668867093,0.25042758460575276,0.9052061181124995,1,0,1,0,0,1,1,1.0
0804233929259,S14,1,2026-09-12 10:25:52.041097+00:00,,,,,UBE 850T-2,PLC_COMMUNICATION_FAILED_PLC circuit open until 2026-08-06T01:00:00.779Z,,0.4981836970373921,0.759212901746463,0.4173913862563293,0.409070588339819,0.2144002189961297,0.8044734841062757,1,1,1,1,0,1,1,
0805005129277,S14,1,2026-09-11 18:12:53.506852+00:00,CR,I,I-1,Left Side,UBE 850T-2,Non-Filling,Non_filling,0.5352548520681988,0.7585533148113293,0.3526835907509224,0.6973764157420813,0.36185348456510896,0.9104586014351963,1,1,0,1,0,1,1,0.0
0805005729282,S14,1,2026-09-12 00:14:30.803931+00:00,CRAM,F,F-4,Bottom View,UBE 850T-2,Blow Hole M8,Blow_Hole,0.4367708423519762,0.6155640653842558,0.49041594077927636,0.821051243133842,0.25396418212482746,0.8789031351034797,1,1,1,1,0,1,1,1.0
0805013229311,S14,1,2026-09-12 00:14:14.310460+00:00,CR,C,C-1,Top View,UBE 850T-2,Dent,,0.45722800432205113,0.6149676379254212,0.5713109034457691,0.32838544501443306,0.7351204394694023,0.8358729108048062,1,1,1,0,1,1,1,
0805013329312,S14,1,2026-09-12 00:07:09.810587+00:00,CRAM,P,P-2,Front,UBE 850T-2,Face Blow Hole,Blow_Hole,0.8789348357942358,0.29565609372424717,0.8869894800935416,0.32938469447868657,0.7642781771994281,0.8789166910202154,1,0,1,0,1,1,1,1.0
0805021529344,S14,1,2026-09-12 00:01:23.103230+00:00,CR,E,E-2,Bottom View,UBE 850T-2,Chip-off,Chipoff,0.8743551753316443,0.8401398918269193,0.5136666782479458,0.7213892454983367,0.30243245568996385,0.901245156097267,1,1,1,1,0,1,1,1.0
0805022629353,S14,1,2026-09-12 00:03:01.805569+00:00,CRAM,I,I-1,Left Side,UBE 850T-2,Non-filling,Non_filling,0.8159729608758308,0.8181631126691674,0.8139027367964098,0.26889055560884606,0.24662227228073494,0.6287276557291818,1,1,1,0,0,1,1,1.0
0805022729354,S14,1,2026-09-12 00:00:32.867422+00:00,CRAM,P,P-2,Front,UBE 850T-2,Porosity,Porosity,0.8741501178019018,0.760350915612598,0.707813098270283,0.40204550594769406,0.7662348107159063,0.8387767543358267,1,1,1,1,1,1,1,1.0
0805023729362,S14,1,2026-09-11 23:59:33.370340+00:00,CRAM,F,F-3,Bottom View,UBE 850T-2,Blow Hole M8,Blow_Hole,0.740561336008495,0.2871932979054781,0.38900161700905345,0.6727369015462177,0.24913027875314725,0.9063001606908782,1,0,0,1,0,1,1,1.0
0805024929372,S14,1,2026-09-12 12:09:26.259588+00:00,CR,H,H-1,Bottom View,UBE 850T-2,Non-Filling,Non_filling,0.6056033024683136,0.5988918070877034,0.6311513508062147,0.849565845196181,0.36118602153829604,0.8376762242711168,1,1,1,1,0,1,1,1.0
0805025429376,S14,1,2026-09-11 23:53:42.630010+00:00,CRAM,E,E-2,Bottom View,UBE 850T-2,Chipoff on M8.0,Chipoff,0.8770209524333349,0.7660553174563224,0.9008834309998284,0.8200618547572296,0.1716730221526649,0.8303500742162236,1,1,1,1,0,1,1,1.0
0805025729378,S14,1,2026-09-11 23:36:24.570164+00:00,CR,K,K-1,Left Side,UBE 850T-2,Non-Filling,Non_filling,0.7430905958672982,0.28493232857367823,0.7051838589033645,0.5086290452600408,0.17048596187159418,0.26961854948215924,1,0,1,1,0,0,1,1.0
0805032329394,S14,1,2026-09-12 12:08:56.133292+00:00,,,,,UBE 850T-2,PLC_COMMUNICATION_FAILED_PLC circuit open until 2026-08-07T02:01:50.399Z,,0.537422021028001,0.8399827374034833,0.6692008836914652,0.8189101220350776,0.1740664010752206,0.8810137295130025,1,1,1,1,0,1,1,
0805035329419,S14,1,2026-09-11 23:51:45.077182+00:00,CRAM,P,P-2,Front,UBE 850T-2,Shrinkage,Shrinkage,0.7115213266879965,0.8302623315907984,0.7164185310162325,0.7207866307672944,0.7713791736544717,0.2550813120666638,1,1,1,1,1,0,1,1.0
0805035729422,S14,1,2026-09-12 10:17:12.184156+00:00,,,,,UBE 850T-2,PLC_COMMUNICATION_FAILED_PLC packet timeout,,0.37894926368017673,0.28198948115390055,0.7586909708960461,0.7421783260938657,0.6778307821956635,0.8074210579801575,0,0,1,1,1,1,1,
0805040729430,S14,1,2026-09-11 23:56:16.036713+00:00,CRAM,P,P-2,Front,UBE 850T-2,Porosity,Porosity,0.49870870089882263,0.7445804649569194,0.9189770162835473,0.7207391924162487,0.19181224605070452,0.9139753638168182,1,1,1,1,0,1,1,1.0
0805041029433,S14,1,2026-09-11 23:55:59.916812+00:00,CRAM,P,P-2,Front,UBE 850T-2,Porosity,Porosity,0.5477599023585066,0.7221491354581799,0.7071573446123947,0.8514829549249032,0.735101555647734,0.8736962416354268,1,1,1,1,1,1,1,1.0
0805041629438,S14,1,2026-09-12 10:20:15.105530+00:00,,,,,UBE 850T-2,PLC_COMMUNICATION_FAILED_PLC packet timeout,,0.8792074828323171,0.8259603637011658,0.4050512817356022,0.14695719198931315,0.7699374877035678,0.9046913155945087,1,1,1,0,1,1,1,
0805042729447,S14,1,2026-09-11 23:45:25.857732+00:00,CRAM,P,P-2,Front,UBE 850T-2,Porosity,Porosity,0.7816054901408472,0.853030906797091,0.6084584150799084,0.4110234199981412,0.249577197581023,0.18663948461246838,1,1,1,1,0,0,1,1.0
0805043029449,S14,1,2026-09-11 23:45:41.979637+00:00,CR,P,P-2,Front,UBE 850T-2,Dent,,0.7161695355340794,0.7615516953793035,0.26188574790855684,0.7329245386254315,0.5252693739041896,0.2300328278603304,1,1,0,1,1,0,1,
0805043529453,S14,1,2026-09-11 23:39:14.206195+00:00,CRAM,P,P-2,Front,UBE 850T-2,Porosity,Porosity,0.5495522987581357,0.2807778764338802,0.33812664093279104,0.7259035154040265,0.8015260084004538,0.8756431357768905,1,0,0,1,1,1,1,1.0
0805043729455,S14,1,2026-09-12 10:19:38.301914+00:00,,,,,UBE 850T-2,PLC_COMMUNICATION_FAILED_PLC circuit open until 2026-08-06T11:19:42.080Z,,0.6406462918631104,0.8385572404745524,0.42000619811420625,0.47449805269694356,0.8177491115850525,0.9030468584317551,1,1,1,1,1,1,1,
0805044729463,S14,1,2026-09-12 10:18:53.643124+00:00,,,,,UBE 850T-2,PLC_COMMUNICATION_FAILED_PLC circuit open until 2026-08-06T09:52:13.108Z,,0.46709374831674555,0.7647414602856226,0.8263614978495812,0.824988973302968,0.5754787634679599,0.8764420666496417,1,1,1,1,1,1,1,
0805045929473,S14,1,2026-09-12 10:17:44.749702+00:00,,,,,UBE 850T-2,PLC_COMMUNICATION_FAILED_PLC packet timeout,,0.5817978644536332,0.813547727760549,0.6605878385132704,0.7172348009285003,0.3359454883474828,0.9148996613320394,1,1,1,1,0,1,1,
0805050229475,S14,1,2026-09-12 10:16:51.873427+00:00,,,,,UBE 850T-2,PLC_COMMUNICATION_FAILED_PLC circuit open until 2026-08-06T11:38:29.856Z,,0.6639832853495937,0.5927030367076285,0.7771081496630021,0.7634905766003404,0.7709685978022547,0.8111861327247144,1,1,1,1,1,1,1,
0805050429477,S14,1,2026-09-12 10:19:54.536529+00:00,CRAM,P,P-2,Front,UBE 850T-2,Porosity,Porosity,0.5842530828394227,0.7635875939643308,0.3759493798141333,0.7857870984494689,0.403115436772715,0.9184889972808561,1,1,0,1,1,1,1,1.0
0805051929489,S14,1,2026-09-12 10:09:14.830440+00:00,,,,,UBE 850T-2,PLC_COMMUNICATION_FAILED_PLC packet timeout,,0.5198373573796025,0.7652726825137482,0.6809447911752806,0.8192110588752325,0.39881749861778665,0.11818616866510953,1,1,1,1,0,0,1,
0805052129491,S14,1,2026-09-12 10:12:59.815262+00:00,,,,,UBE 850T-2,PLC_COMMUNICATION_FAILED_PLC packet timeout,,0.18534963766490875,0.6143988038899901,0.1366443537332974,0.36476387360746665,0.7979615972651435,0.16163249412248512,0,1,0,0,1,0,1,
0805052529494,S14,1,2026-09-12 10:10:11.052387+00:00,,,,,UBE 850T-2,PLC_COMMUNICATION_FAILED_PLC circuit open until 2026-08-06T17:28:41.601Z,,0.5013495201940981,0.7242529721496473,0.5947762607049247,0.7170133189991321,0.7746700159122616,0.1625521524986317,1,1,1,1,1,0,1,
0805052629495,S14,1,2026-09-12 10:11:16.213278+00:00,,,,,UBE 850T-2,PLC_COMMUNICATION_FAILED_PLC packet timeout,,0.7851093119123221,0.8228684655577787,0.476983871639251,0.6833706611197753,0.7921602438822856,0.5803306390865005,1,1,1,1,1,1,1,
0805053529497,S14,1,2026-09-12 10:08:10.004222+00:00,,,,,UBE 850T-2,PLC_COMMUNICATION_FAILED_PLC packet timeout,,0.25217142255384356,0.7413281919477239,0.5227129969206379,0.40134876049226204,0.30298221008223386,0.8318506598200532,0,1,1,1,0,1,1,
0805053729499,S14,1,2026-09-12 10:08:31.543168+00:00,,,,,UBE 850T-2,PLC_COMMUNICATION_FAILED_PLC circuit open until 2026-08-06T17:20:49.842Z,,0.7374282806186565,0.4303223070948282,0.4274857541885854,0.8195446318251836,0.5783064500536726,0.33608108537605397,1,1,1,1,1,0,1,
0805053829500,S14,1,2026-09-11 23:22:52.815999+00:00,,,,,UBE 850T-2,PLC_COMMUNICATION_FAILED_PLC circuit open until 2026-08-05T16:43:02.838Z,,0.5031871805034295,0.8355925071973233,0.708111058194823,0.10945947840479249,0.24526148286169575,0.2298494651579353,1,1,1,0,0,0,1,
0805053929501,S14,1,2026-09-11 23:21:51.974986+00:00,,,,,UBE 850T-2,PLC_COMMUNICATION_FAILED_PLC packet timeout,,0.4597762132057928,0.8247856671674891,0.2943027640405688,0.7220286012219652,0.6797579805609804,0.8892054183398412,1,1,0,1,1,1,1,
0805054329504,S14,1,2026-09-11 21:55:13.106708+00:00,,,,,UBE 850T-2,PLC_COMMUNICATION_FAILED_PLC packet timeout,,0.4935518933944002,0.5789088886633813,0.82346825733533,0.6395660481749144,0.18127966845074733,0.6345818197818605,1,1,1,1,0,1,1,
0805054429505,S14,1,2026-09-12 10:14:04.688615+00:00,,,,,UBE 850T-2,PLC_COMMUNICATION_FAILED_PLC packet timeout,,0.8494969217379972,0.579411653526299,0.8908777857302465,0.6227268844855565,0.1878653891380569,0.6353675908729851,1,1,1,1,0,1,1,
0805054829508,S14,1,2026-09-11 23:21:31.850698+00:00,,,,,UBE 850T-2,PLC_COMMUNICATION_FAILED_PLC circuit open until 2026-08-05T13:09:54.975Z,,0.6668121265078708,0.8125763205688297,0.261961009906945,0.8177120313477853,0.7620433433343102,0.6266727043853741,1,1,0,1,1,1,1,
0805055529514,S14,1,2026-09-12 10:14:25.056277+00:00,,,,,UBE 850T-2,PLC_COMMUNICATION_FAILED_PLC packet timeout,,0.49354807986288485,0.3283503779559408,0.8826618845727665,0.6850317055951576,0.25265996211223357,0.5658623951463391,1,0,1,1,0,1,1,
0805055729516,S14,1,2026-09-12 10:09:32.026675+00:00,CRAM,B,B-1,Top View,UBE 850T-2,Blow Hole M8,Blow_Hole,0.6693903341065167,0.760105791202033,0.5868878553339683,0.6193163045410807,0.739182620808097,0.6347907389674816,1,1,1,1,1,1,1,1.0
0805060029518,S14,1,2026-09-12 10:12:16.539837+00:00,,,,,UBE 850T-2,PLC_COMMUNICATION_FAILED_PLC packet timeout,,0.18572975032512504,0.8154392346054726,0.2612048702432012,0.8304731569924659,0.20040065905097326,0.10816067112162835,0,1,0,1,0,0,1,
0805060129519,S14,1,2026-09-11 23:23:12.947443+00:00,,,,,UBE 850T-2,PLC_COMMUNICATION_FAILED_PLC packet timeout,,0.3591336448420216,0.76427730304438,0.540873074541241,0.18171702817153496,0.735397480214762,0.15917582640497438,0,1,1,0,1,0,1,
0805061029526,S14,1,2026-09-12 10:13:43.087392+00:00,,,,,UBE 850T-2,PLC_COMMUNICATION_FAILED_PLC packet timeout,,0.5049841623810813,0.8161692184998124,0.4531819273269807,0.8555550636148853,0.7876018693422823,0.9216214203848248,1,1,1,1,1,1,1,
0805061629531,S14,1,2026-09-12 10:10:32.862275+00:00,,,,,UBE 850T-2,PLC_COMMUNICATION_FAILED_PLC packet timeout,,0.39933808264394616,0.6133160667454309,0.35604551905929716,0.6326523143849558,0.801251283667361,0.867969133590099,0,1,0,1,1,1,1,
0805063429535,S14,1,2026-09-12 10:08:53.351139+00:00,,,,,UBE 850T-2,PLC_COMMUNICATION_FAILED_PLC circuit open until 2026-08-06T17:51:26.228Z,,0.6234788744243559,0.6145814487628313,0.5124527181802491,0.743314201427111,0.7650506324296983,0.40187004584504643,1,1,1,1,1,1,1,
0805064629543,S14,1,2026-09-12 10:09:49.569328+00:00,CRAM,B,B-1,Top View,UBE 850T-2,Blow Hole M8,Blow_Hole,0.7815806768706922,0.7584132610132513,0.9410555826655553,0.751117685954852,0.1848297288970463,0.879816248384907,1,1,1,1,0,1,1,1.0
0805064829545,S14,1,2026-09-12 10:12:38.343495+00:00,,,,,UBE 850T-2,PLC_COMMUNICATION_FAILED_PLC circuit open until 2026-08-06T17:58:47.236Z,,0.5734072131898713,0.8097268682640859,0.6264336944116,0.8509368522195822,0.7901154089087101,0.8881572395898806,1,1,1,1,1,1,1,
0805065529551,S14,1,2026-09-12 10:11:55.064953+00:00,,,,,UBE 850T-2,PLC_COMMUNICATION_FAILED_PLC circuit open until 2026-08-06T19:34:06.421Z,,0.6487857281583949,0.6147976695350259,0.7807612655366398,0.6318141245150367,0.17655426171852245,0.8346830677211307,1,1,1,1,0,1,1,
0805065829553,S14,1,2026-09-12 10:13:21.616408+00:00,,,,,UBE 850T-2,PLC_COMMUNICATION_FAILED_PLC packet timeout,,0.7217594135752863,0.7433366627747906,0.6087888979137083,0.2593860258381458,0.3987674863705378,0.6333043079530326,1,1,1,0,0,1,1,
0805065929554,S14,1,2026-09-12 10:10:54.369159+00:00,,,,,UBE 850T-2,PLC_COMMUNICATION_FAILED_PLC circuit open until 2026-08-06T17:19:09.338Z,,0.6692797609109877,0.30855906861706733,0.5516374907216675,0.7944639840238894,0.6798198537729614,0.8262949717146537,1,0,1,1,1,1,1,
0805070429558,S14,1,2026-09-12 10:15:01.867999+00:00,,,,,UBE 850T-2,PLC_COMMUNICATION_FAILED_PLC packet timeout,,0.5052410009991694,0.7614856365085315,0.6569910234897197,0.47838116496264754,0.21454721424233414,0.8371958472872038,1,1,1,1,0,1,1,
0805071529567,S14,1,2026-09-11 23:24:41.813385+00:00,,,,,UBE 850T-2,PLC_COMMUNICATION_FAILED_PLC packet timeout,,0.5135270822768406,0.2929574809021146,0.3791786952060296,0.7230264128320859,0.7355724255754964,0.5789747432637575,1,0,0,1,1,1,1,
0805071629568,S14,1,2026-09-11 21:54:52.731414+00:00,,,,,UBE 850T-2,PLC_COMMUNICATION_FAILED_PLC circuit open until 2026-08-05T22:05:05.058Z,,0.5199954629942418,0.7612815843599592,0.342474006451873,0.8255362392370538,0.7734676145971575,0.6283936745597327,1,1,0,1,1,1,1,
0805072129572,S14,1,2026-09-11 23:24:54.262103+00:00,CR,A,A-1,Top View,UBE 850T-2,Non-Filling,Non_filling,0.7789287562726748,0.832979915988283,0.5806191279819288,0.7438234261827169,0.7841687514359141,0.8671842565373695,1,1,1,1,1,1,1,1.0
0805072829577,S14,1,2026-09-12 10:03:21.228428+00:00,,,,,UBE 850T-2,PLC_COMMUNICATION_FAILED_PLC packet timeout,,0.7443478482793833,0.6940657982419982,0.7193102530632784,0.8587821197752519,0.7816583233203793,0.8342704311791359,1,1,1,1,1,1,1,
0805072929578,S14,1,2026-09-11 23:21:11.417988+00:00,,,,,UBE 850T-2,PLC_COMMUNICATION_FAILED_PLC packet timeout,,0.5020708070997364,0.8340231794687905,0.48220230618617566,0.6928910813065184,0.29771920822152076,0.9216668374959038,1,1,1,1,0,1,1,
0805073129580,S14,1,2026-09-11 23:17:16.238496+00:00,CR,R,R-3,Rear,UBE 850T-2,Crack,Crack,0.3788976583003928,0.8102541697706485,0.28022595752463064,0.53620600233974,0.25494284681765556,0.8689018028282303,0,1,0,1,0,1,1,1.0
0805073229581,S14,1,2026-09-12 10:06:46.383452+00:00,,,,,UBE 850T-2,PLC_COMMUNICATION_FAILED_PLC circuit open until 2026-08-06T01:58:59.517Z,,0.816107001417282,0.829234938812639,0.22615314464888334,0.6198457753079437,0.7386390387059455,0.633814062065523,1,1,0,1,1,1,1,
0805073529583,S14,1,2026-09-11 23:20:02.438947+00:00,,,,,UBE 850T-2,PLC_COMMUNICATION_FAILED_PLC packet timeout,,0.4985967825198558,0.613813446003145,0.7926294621687405,0.7229597131810973,0.7174538273284919,0.4284525431160261,1,1,1,1,1,1,1,
0805073629584,S14,1,2026-09-12 10:04:02.117868+00:00,,,,,UBE 850T-2,PLC_COMMUNICATION_FAILED_PLC packet timeout,,0.3025402161437507,0.7575779154028927,0.9132198446423415,0.8193239351116006,0.4423960500883256,0.8279450668436797,0,1,1,1,1,1,1,
0805073929586,S14,1,2026-09-11 23:14:41.942804+00:00,CR,R,R-2,Rear,UBE 850T-2,Crack,Crack,0.4934292730288946,0.8284744609340027,0.8034631315869926,0.31933720192076165,0.25191054690893167,0.09753588933757204,1,1,1,0,0,0,1,1.0
0805074029587,S14,1,2026-09-12 10:03:41.518625+00:00,,,,,UBE 850T-2,PLC_COMMUNICATION_FAILED_PLC packet timeout,,0.5049137632419572,0.4249665489931747,0.7894563131250778,0.7612620303146375,0.39907087071642017,0.8340379418171676,1,1,1,1,0,1,1,
0805074629592,S14,1,2026-09-11 23:26:27.363966+00:00,CR,S,S-2,Rear,UBE 850T-2,Non-Filling,Non_filling,0.6624809294727168,0.724272876794827,0.7394177275241623,0.856899332371748,0.684143435186821,0.9030293139125496,1,1,1,1,1,1,1,1.0
0805074829594,S14,1,2026-09-11 23:22:12.398309+00:00,,,,,UBE 850T-2,PLC_COMMUNICATION_FAILED_PLC packet timeout,,0.703939690806717,0.762820181809664,0.6051337161810045,0.2687124780961464,0.3357550423886846,0.900415622114868,1,1,1,0,0,1,1,
0805075229597,S14,1,2026-09-11 23:19:42.312849+00:00,,,,,UBE 850T-2,PLC_COMMUNICATION_FAILED_PLC packet timeout,,0.8808898715993414,0.6138923759068664,0.4325610684974486,0.6972928210613083,0.36742457595780004,0.15907009186828272,1,1,1,1,0,0,1,
0805075929603,S14,1,2026-09-11 23:20:51.288087+00:00,,,,,UBE 850T-2,PLC_COMMUNICATION_FAILED_PLC packet timeout,,0.4658523687774019,0.7448099262881276,0.6712727317631584,0.3522887746805903,0.25087291350904556,0.1596956100988644,1,1,1,0,0,0,1,
0805080329606,S14,1,2026-09-12 10:05:24.397641+00:00,,,,,UBE 850T-2,PLC_COMMUNICATION_FAILED_PLC packet timeout,,0.6079826706134622,0.7406474312521318,0.7253417645053067,0.8541832210132256,0.7708460601625357,0.15471104285259354,1,1,1,1,1,0,1,
0805080529608,S14,1,2026-09-11 23:20:22.878894+00:00,,,,,UBE 850T-2,PLC_COMMUNICATION_FAILED_PLC packet timeout,,0.8809385011226103,0.7619169027976623,0.5956610950661672,0.35964253030278626,0.802854579170589,0.17057493379573874,1,1,1,0,1,0,1,
0805080629609,S14,1,2026-09-12 10:07:48.201231+00:00,,,,,UBE 850T-2,PLC_COMMUNICATION_FAILED_PLC circuit open until 2026-08-06T11:18:36.667Z,,0.6615701930156217,0.8174166112726213,0.49126710131925616,0.7628741092948088,0.5143190755769572,0.6345277397812866,1,1,1,1,1,1,1,
0805080829610,S14,1,2026-09-12 10:07:27.364982+00:00,,,,,UBE 850T-2,PLC_COMMUNICATION_FAILED_PLC circuit open until 2026-08-06T04:09:47.371Z,,0.7163486823534817,0.5974910082978905,0.5870457558636153,0.8562164676393382,0.7705287082444819,0.8344557953469531,1,1,1,1,1,1,1,
0805080929611,S14,1,2026-09-11 23:19:21.879786+00:00,,,,,UBE 850T-2,PLC_COMMUNICATION_FAILED_PLC circuit open until 2026-08-05T18:11:09.667Z,,0.8741355250341207,0.8185038342709594,0.8225956409657688,0.6314274500301841,0.7364134796827229,0.8350892241948681,1,1,1,1,1,1,1,
0805081129613,S14,1,2026-09-11 23:19:01.752906+00:00,CR,L,L-1,Left Side,UBE 850T-2,Non-Filling,Non_filling,0.5017615899502078,0.43035352139784455,0.8656671154758796,0.27400907683820214,0.19637771979044236,0.6204506478844605,1,1,1,0,0,1,1,1.0
0805081729618,S14,1,2026-09-12 10:02:19.637698+00:00,,,,,UBE 850T-2,PLC_COMMUNICATION_FAILED_PLC packet timeout,,0.6418453778937507,0.7612144166503374,0.3413046435921492,0.3480867685545838,0.20872400756276765,0.09247758765186373,1,1,0,0,0,0,1,
0805082229622,S14,1,2026-09-12 10:03:00.635532+00:00,,,,,UBE 850T-2,PLC_COMMUNICATION_FAILED_PLC circuit open until 2026-08-06T16:24:50.216Z,,0.49307033861635596,0.7670500379169426,0.7443288414623598,0.11969214810234871,0.24503064984013523,0.7225872970210161,1,1,1,0,0,1,1,
0805082329623,S14,1,2026-09-12 10:01:38.634467+00:00,,,,,UBE 850T-2,PLC_COMMUNICATION_FAILED_PLC packet timeout,,0.6940515616481572,0.8362750127574483,0.629119633772121,0.41905697286892335,0.720942390990128,0.8067482436951174,1,1,1,1,1,1,1,
0805082529624,S14,1,2026-09-12 10:07:06.720943+00:00,,,,,UBE 850T-2,PLC_COMMUNICATION_FAILED_PLC circuit open until 2026-08-06T09:29:17.843Z,,0.7258480871094608,0.8369707744965903,0.6025206621021508,0.5901042233405892,0.5141359362094707,0.8402806572907804,1,1,1,1,1,1,1,
0805082629625,S14,1,2026-09-12 10:05:44.734107+00:00,,,,,UBE 850T-2,PLC_COMMUNICATION_FAILED_PLC packet timeout,,0.5731873220989614,0.8444523750434686,0.6168056653045375,0.5592576101660988,0.3253141426582321,0.8364654223565029,1,1,1,1,0,1,1,
0805082729626,S14,1,2026-09-12 10:04:43.403604+00:00,,,,,UBE 850T-2,PLC_COMMUNICATION_FAILED_PLC packet timeout,,0.5735386339728505,0.8322177191954092,0.837488599954388,0.6123023541908127,0.4245893293020409,0.17033854233407475,1,1,1,1,1,0,1,
0805082829627,S14,1,2026-09-12 10:06:25.731861+00:00,,,,,UBE 850T-2,PLC_COMMUNICATION_FAILED_PLC circuit open until 2026-08-06T15:30:16.067Z,,0.6203904663820317,0.7592196407601304,0.6866491827291891,0.8617836987935941,0.771717167925558,0.15849146223873106,1,1,1,1,1,0,1,
0805083129629,S14,1,2026-09-11 23:10:37.508398+00:00,CRAM,B,B-1,Top View,UBE 850T-2,Blow Hole M8,Blow_Hole,0.493250526107491,0.8258347167278811,0.24229622077720198,0.6833871811095006,0.7363948427456041,0.836794430379452,1,1,0,1,1,1,1,1.0
0805083429632,S14,1,2026-09-12 10:05:03.743997+00:00,,,,,UBE 850T-2,PLC_COMMUNICATION_FAILED_PLC packet timeout,,0.39273554231840835,0.2651359926718239,0.7842597244433268,0.3482341836098949,0.761311978389606,0.579533818082514,0,0,1,0,1,1,1,
0805084029637,S14,1,2026-09-12 10:01:59.293697+00:00,,,,,UBE 850T-2,PLC_COMMUNICATION_FAILED_PLC packet timeout,,0.5051754685611859,0.7644539008851401,0.6582451943091799,0.760996566942492,0.7835522108272264,0.8676460136237166,1,1,1,1,1,1,1,
0805084329639,S14,1,2026-09-12 10:06:05.398435+00:00,,,,,UBE 850T-2,PLC_COMMUNICATION_FAILED_PLC packet timeout,,0.43781036240860227,0.6945572613957172,0.13350563729032078,0.5978560014425883,0.8001279244448294,0.7879224946316628,1,1,0,1,1,1,1,
0805084829643,S14,1,2026-09-11 23:10:21.212882+00:00,CRAM,C,C-1,Top View,UBE 850T-2,M14 Face Porosity,Porosity,0.8260739843150078,0.7404173688193402,0.7695420217952658,0.19080428316971623,0.7773544904552296,0.8329241443710416,1,1,1,0,1,1,1,0.0
0805085029645,S14,1,2026-09-12 10:02:40.290635+00:00,,,,,UBE 850T-2,PLC_COMMUNICATION_FAILED_PLC packet timeout,,0.4209356667101547,0.8211135131691611,0.5361300248746642,0.32156128564982844,0.5140051198738917,0.15439003967784803,1,1,1,0,1,0,1,
0805090129651,S14,1,2026-09-12 10:04:22.400217+00:00,,,,,UBE 850T-2,PLC_COMMUNICATION_FAILED_PLC packet timeout,,0.5374180909601728,0.8004660094429896,0.9505338475550292,0.10292842135042651,0.1642096420142912,0.10955534987273995,1,1,1,0,0,0,1,
0805090529654,S14,1,2026-09-11 22:06:34.239778+00:00,,,,,UBE 850T-2,PLC_COMMUNICATION_FAILED_PLC packet timeout,,0.45974333903937875,0.6151870547769467,0.4249641283712672,0.2417169060874536,0.2429334194237429,0.09358165499019837,1,1,1,0,0,0,1,
0805091329661,S14,1,2026-09-11 23:08:30.597304+00:00,,,,,UBE 850T-2,PLC_COMMUNICATION_FAILED_PLC packet timeout,,0.5107919641680831,0.8285960946040727,0.68326608686334,0.41109474299937104,0.2975871070124972,0.06836888592842079,1,1,1,1,0,0,1,
0805092329669,S14,1,2026-09-11 23:08:51.068629+00:00,,,,,UBE 850T-2,PLC_COMMUNICATION_FAILED_PLC packet timeout,,0.4076092971280128,0.76218742472926,0.4052965168325058,0.6456232122824629,0.2548147872451798,0.10820660767814021,1,1,1,1,0,0,1,
0805093129675,S14,1,2026-09-11 23:09:44.286793+00:00,,,,,UBE 850T-2,PLC_COMMUNICATION_FAILED_PLC circuit open until 2026-08-05T21:56:31.728Z,,0.8244253765684408,0.817287818002931,0.37876732363671345,0.6455280652558378,0.5250639285598815,0.09974470022059115,1,1,0,1,1,0,1,
0805093729680,S14,1,2026-09-11 23:10:04.920535+00:00,,,,,UBE 850T-2,PLC_COMMUNICATION_FAILED_PLC circuit open until 2026-08-05T21:53:22.334Z,,0.8245925285688016,0.7604147237208947,0.5690712615561795,0.7954035339189515,0.40379878636790234,0.16862801276171296,1,1,1,1,1,0,1,
0805094329685,S14,1,2026-09-11 22:23:19.405922+00:00,CR,A,A-4,Top View,UBE 850T-2,Non-Filling,Non_filling,0.6646552891012423,0.8163261896728299,0.38883327604041307,0.6198686264408676,0.7805328912544088,0.8818582916992306,1,1,0,1,1,1,1,0.0
0805094729688,S14,1,2026-09-11 23:10:58.148933+00:00,,,,,UBE 850T-2,PLC_COMMUNICATION_FAILED_PLC circuit open until 2026-08-05T18:14:08.128Z,,0.5050809241564673,0.8004604045597729,0.41984096524485226,0.14146528775846973,0.8043080724820777,0.8900586316936004,1,1,1,0,1,1,1,
0805094829689,S14,1,2026-09-11 23:09:23.934561+00:00,,,,,UBE 850T-2,PLC_COMMUNICATION_FAILED_PLC packet timeout,,0.4235219936253968,0.5984903052180316,0.34269344081663966,0.8094292269293746,0.7645661314798978,0.15928698740936567,1,1,0,1,1,0,1,
0805095029690,S14,1,2026-09-11 23:11:34.867291+00:00,CRAM,E,E-2,Bottom View,UBE 850T-2,Porosity,Porosity,0.5331880143140447,0.8144465874181623,0.5253538189708538,0.8191158729978986,0.45621429533331687,0.5815545736711074,1,1,1,1,1,1,1,1.0
0805095129691,S14,1,2026-09-11 23:12:52.215527+00:00,CRAM,E,E-2,Bottom View,UBE 850T-2,Porosity,Porosity,0.8805360903577543,0.7427400519850373,0.8777207549919546,0.6954944797440069,0.7745522167318061,0.804743186591828,1,1,1,1,1,1,1,1.0
0805095729696,S14,1,2026-09-11 22:05:57.404161+00:00,,,,,UBE 850T-2,PLC_COMMUNICATION_FAILED_PLC packet timeout,,0.663821355817019,0.5992138384377643,0.744993786323356,0.1099109014210838,0.2592556565269574,0.1943152813736771,1,1,1,0,0,0,1,
0805101229708,S14,1,2026-09-11 22:05:20.558823+00:00,,,,,UBE 850T-2,PLC_COMMUNICATION_FAILED_PLC packet timeout,,0.5643614972404964,0.2921307948778234,0.6235304264043503,0.10516092075135755,0.19977696235983947,0.5818989400114422,1,0,1,0,0,1,1,
0805101529711,S14,1,2026-09-11 23:12:15.548797+00:00,,,,,UBE 850T-2,PLC_COMMUNICATION_FAILED_PLC packet timeout,,0.848854091637998,0.8124124493550015,0.9076642980031997,0.7275608202596703,0.20181673791966356,0.08502169286693788,1,1,1,1,0,0,1,
0805102329717,S14,1,2026-09-11 23:09:03.305506+00:00,CR,L,L-1,Left Side,UBE 850T-2,Non-Filling,Non_filling,0.5023107441103994,0.429495418638056,0.8683344835156817,0.10955867333218654,0.2683789509276375,0.8105360785454782,1,1,1,0,0,1,1,1.0
0805102429718,S14,1,2026-09-11 23:12:35.727132+00:00,,,,,UBE 850T-2,PLC_COMMUNICATION_FAILED_PLC circuit open until 2026-08-05T18:08:22.129Z,,0.5108403877441414,0.7624000788302604,0.8067395832888102,0.6188712879630749,0.33584816035994614,0.42852327707917526,1,1,1,1,0,1,1,
0805102529719,S14,1,2026-09-11 23:11:55.058105+00:00,,,,,UBE 850T-2,PLC_COMMUNICATION_FAILED_PLC packet timeout,,0.5301519777621443,0.6964410875040694,0.23163180647088166,0.3696871763508509,0.21619308471953483,0.11140395774715152,1,1,0,0,0,0,1,
0805102929722,S14,1,2026-09-11 23:11:18.383929+00:00,,,,,UBE 850T-2,PLC_COMMUNICATION_FAILED_PLC packet timeout,,0.5098626845479552,0.7212154273232071,0.45313145952011374,0.6675160839861436,0.28765359026104476,0.6261552456841943,1,1,1,1,0,1,1,
0805103029723,S14,1,2026-09-11 22:06:57.114319+00:00,,,,,UBE 850T-2,PLC_COMMUNICATION_FAILED_PLC packet timeout,,0.8242014164047855,0.8146570461625224,0.9124317460989164,0.6312154790739535,0.2561735914683237,0.8069234108682142,1,1,1,1,0,1,1,
0805103129724,S14,1,2026-09-11 23:13:08.407218+00:00,CRAM,F,F-3,Bottom View,UBE 850T-2,Body Leak,,0.48685268261378145,0.2942345825234174,0.6878026297831688,0.11823565628607467,0.2064203706134506,0.6326945127840267,1,0,1,0,0,1,1,
0805103929730,S14,1,2026-09-11 22:04:57.687275+00:00,,,,,UBE 850T-2,PLC_COMMUNICATION_FAILED_PLC packet timeout,,0.8243257204031126,0.8240118222348676,0.6286125331640022,0.8140678384039054,0.7617102519424294,0.12737437171419305,1,1,1,1,1,0,1,
0805104029731,S14,1,2026-09-11 23:07:38.117737+00:00,CRAM,P,P-2,Front,UBE 850T-2,Face Blow Hole,Blow_Hole,0.7199109891716141,0.6131206003473764,0.35704990223452465,0.5386975254210631,0.7527655583033472,0.11457634031695724,1,1,0,1,1,0,1,1.0
0805104429734,S14,1,2026-09-11 22:51:47.340269+00:00,,,,,UBE 850T-2,PLC_COMMUNICATION_FAILED_PLC packet timeout,,0.4976786736096681,0.5782679346744962,0.5447300971173642,0.24575975568086186,0.7649760790417852,0.19418354135643795,1,1,1,0,1,0,1,
0805104629736,S14,1,2026-09-11 22:57:14.152913+00:00,,,,,UBE 850T-2,PLC_COMMUNICATION_FAILED_PLC packet timeout,,0.5736838674370863,0.8338026730905441,0.8051180679459484,0.8619990924778966,0.8065413779519311,0.8055358774094422,1,1,1,1,1,1,1,
0805104829737,S14,1,2026-09-11 22:58:28.063209+00:00,,,,,UBE 850T-2,PLC_COMMUNICATION_FAILED_PLC packet timeout,,0.6663861693436721,0.7409218205433459,0.3204516981338445,0.5085687417460392,0.7714635926731,0.6308196868075024,1,1,0,1,1,1,1,
0805105429742,S14,1,2026-09-11 22:53:29.529198+00:00,,,,,UBE 850T-2,PLC_COMMUNICATION_FAILED_PLC packet timeout,,0.4981696318361808,0.6941509182688841,0.5359971832465311,0.5994129811780048,0.29698165158609785,0.15269120630741412,1,1,1,1,0,0,1,
0805105529743,S14,1,2026-09-11 22:51:06.377966+00:00,,,,,UBE 850T-2,PLC_COMMUNICATION_FAILED_PLC circuit open until 2026-08-05T13:10:49.087Z,,0.549382181218362,0.8177960783665359,0.898449755398206,0.26833213620454865,0.2541377235655511,0.12014424898675026,1,1,1,0,0,0,1,
0805105629744,S14,1,2026-09-11 22:56:09.388324+00:00,,,,,UBE 850T-2,PLC_COMMUNICATION_FAILED_PLC circuit open until 2026-08-05T13:18:45.965Z,,0.7413788386544851,0.2823286258588857,0.6610892420685899,0.8306523381243869,0.7874933408969115,0.1547778029084961,1,0,1,1,1,0,1,
0805105829745,S14,1,2026-09-11 22:54:27.203484+00:00,,,,,UBE 850T-2,PLC_COMMUNICATION_FAILED_PLC packet timeout,,0.6656552335798929,0.5747956307714079,0.8028223228438183,0.3297848727884285,0.806282681988105,0.8670121493255019,1,1,1,0,1,1,1,
0805110729753,S14,1,2026-09-11 22:54:06.552425+00:00,CRAM,F,F-3,Bottom View,UBE 850T-2,Blow Hole M8,Blow_Hole,0.6204741686905882,0.7417802525836196,0.8368161974056013,0.6186577629242949,0.7811715648536107,0.5802412514600014,1,1,1,1,1,1,1,1.0
0805110829754,S14,1,2026-09-11 22:58:07.736381+00:00,,,,,UBE 850T-2,PLC_COMMUNICATION_FAILED_PLC packet timeout,,0.874063941917594,0.7230939381513622,0.7089726365451721,0.8210000791453076,0.5797996796280807,0.8866418422577075,1,1,1,1,1,1,1,
0805111029755,S14,1,2026-09-11 22:57:26.410847+00:00,CR,L,L-1,Left Side,UBE 850T-2,Non-Filling,Non_filling,0.38749959264833,0.7595063185813358,0.9297323097897178,0.7209477932543422,0.25548649744250995,0.8035416780528026,0,1,1,1,0,1,1,1.0
0805111329758,S14,1,2026-09-11 22:54:47.534529+00:00,,,,,UBE 850T-2,PLC_COMMUNICATION_FAILED_PLC circuit open until 2026-08-05T13:21:57.471Z,,0.877491742539215,0.8005469567034647,0.8129256433940184,0.24393271591552101,0.25110593707333234,0.11890372191943492,1,1,1,0,0,0,1,
0805111729761,S14,1,2026-09-11 22:56:30.056751+00:00,,,,,UBE 850T-2,PLC_COMMUNICATION_FAILED_PLC packet timeout,,0.5330191865807923,0.7613558375957727,0.8812794823128934,0.3296058906459425,0.29778438681198405,0.8305680112009591,1,1,1,0,0,1,1,
0805111829762,S14,1,2026-09-11 22:51:26.704075+00:00,,,,,UBE 850T-2,PLC_COMMUNICATION_FAILED_PLC circuit open until 2026-08-05T13:01:29.845Z,,0.497971321453046,0.821737673374697,0.8750626525453354,0.6678639577705132,0.3351940715158965,0.15384941320516465,1,1,1,1,0,0,1,
0805112429767,S14,1,2026-09-11 22:53:09.185683+00:00,,,,,UBE 850T-2,PLC_COMMUNICATION_FAILED_PLC circuit open until 2026-08-05T17:33:53.127Z,,0.7354796806178003,0.43007748072564617,0.8581108738163045,0.23487085167624674,0.17960971975583573,0.08634710413501212,1,1,1,0,0,0,1,
0805112729769,S14,1,2026-09-11 22:50:45.746497+00:00,CRAM,C,C-1,Top View,UBE 850T-2,Face Blow Hole,Blow_Hole,0.6813788923702241,0.8142412213164462,0.5506239525719258,0.6411919719440701,0.19616423741779881,0.8411664533639781,1,1,1,1,0,1,1,1.0
0805112829770,S14,1,2026-09-11 23:05:08.649286+00:00,,,,,UBE 850T-2,PLC_COMMUNICATION_FAILED_PLC packet timeout,,0.6656609318964555,0.8008506193611237,0.26262020120912033,0.4150797057830583,0.24381601667971237,0.8374938664633038,1,1,0,1,0,1,1,
0805112929771,S14,1,2026-09-11 22:53:50.246505+00:00,,,,,UBE 850T-2,PLC_COMMUNICATION_FAILED_PLC circuit open until 2026-08-05T19:35:40.133Z,,0.8781469888453761,0.7207692290372707,0.8801221518763389,0.13387916279139034,0.30620351544250135,0.10669612491172298,1,1,1,0,0,0,1,
0805113029772,S14,1,2026-09-11 22:55:49.053346+00:00,,,,,UBE 850T-2,PLC_COMMUNICATION_FAILED_PLC circuit open until 2026-08-05T13:14:25.205Z,,0.7334503593564136,0.7422466768092199,0.8329846419934746,0.6821915988638527,0.7737842555236386,0.8055305051276772,1,1,1,1,1,1,1,
0805113229773,S14,1,2026-09-11 22:55:08.048238+00:00,,,,,UBE 850T-2,PLC_COMMUNICATION_FAILED_PLC circuit open until 2026-08-05T21:24:53.163Z,,0.6641059546832929,0.7245414355431783,0.5171664298693825,0.4147481545013149,0.20651731208479468,0.8039396440340365,1,1,1,1,0,1,1,
0805113429775,S14,1,2026-09-11 22:55:28.391940+00:00,,,,,UBE 850T-2,PLC_COMMUNICATION_FAILED_PLC packet timeout,,0.8805127705198781,0.598372072420462,0.7502643075060313,0.6420518600105328,0.20329558739133918,0.5818321517304363,1,1,1,1,0,1,1,
0805113729777,S14,1,2026-09-11 22:52:48.529370+00:00,,,,,UBE 850T-2,PLC_COMMUNICATION_FAILED_PLC circuit open until 2026-08-05T18:28:26.732Z,,0.7227318413941582,0.7421722939093082,0.7093786424503971,0.63277343622481,0.24452138411009533,0.7439304688058577,1,1,1,1,0,1,1,
0805113829778,S14,1,2026-09-11 22:56:50.388906+00:00,,,,,UBE 850T-2,PLC_COMMUNICATION_FAILED_PLC packet timeout,,0.5381993654923571,0.5987575497547376,0.8119831858968138,0.22170521416388977,0.1993966528820873,0.4102616731878973,1,1,1,0,0,1,1,
0805114029780,S14,1,2026-09-11 22:52:07.679311+00:00,,,,,UBE 850T-2,PLC_COMMUNICATION_FAILED_PLC circuit open until 2026-08-05T19:37:19.169Z,,0.5785967093251831,0.3007941116933558,0.3483586383023863,0.2358191332541166,0.2542720497828846,0.15922227412068937,1,0,0,0,0,0,1,
0805114429783,S14,1,2026-09-11 22:57:46.740804+00:00,,,,,UBE 850T-2,PLC_COMMUNICATION_FAILED_PLC packet timeout,,0.7869382952531152,0.8251834230019062,0.7714903783639081,0.645221131750054,0.7851344722381969,0.8109224314749353,1,1,1,1,1,1,1,
0805114929787,S14,1,2026-09-11 22:47:17.222431+00:00,,,,,UBE 850T-2,PLC_COMMUNICATION_FAILED_PLC packet timeout,,0.8432061664270883,0.8502084264891749,0.8938936048677935,0.23479406995765412,0.24849619282145796,0.09687436057797567,1,1,1,0,0,0,1,
0805115029788,S14,1,2026-09-11 22:47:58.243454+00:00,,,,,UBE 850T-2,PLC_COMMUNICATION_FAILED_PLC packet timeout,,0.5332149597443778,0.8169107194854055,0.9234621996508857,0.8175373838330473,0.40350628052303483,0.22000901405935988,1,1,1,1,1,0,1,
0805115729794,S14,1,2026-09-11 22:44:22.625534+00:00,,,,,UBE 850T-2,PLC_COMMUNICATION_FAILED_PLC packet timeout,,0.4597671878332555,0.7596708380301838,0.5225905635693133,0.5682805608888711,0.24264651940612297,0.10643070896614254,1,1,1,1,0,0,1,
0805115929795,S14,1,2026-09-11 22:44:02.157290+00:00,,,,,UBE 850T-2,PLC_COMMUNICATION_FAILED_PLC packet timeout,,0.5500943491010434,0.8228404664727486,0.5398544156281337,0.11215593143916058,0.3254764296373413,0.1880162137324873,1,1,1,0,0,0,1,
0805120229798,S14,1,2026-09-11 22:46:36.565515+00:00,,,,,UBE 850T-2,PLC_COMMUNICATION_FAILED_PLC packet timeout,,0.6645840249750359,0.2915215715379557,0.4032666074038347,0.11184616391198843,0.21564886181667153,0.5793411636142821,1,0,1,0,0,1,1,
0805121229806,S14,1,2026-09-11 22:47:38.043205+00:00,,,,,UBE 850T-2,PLC_COMMUNICATION_FAILED_PLC circuit open until 2026-08-05T17:17:22.008Z,,0.6233679578626038,0.7598794061635592,0.735204084479467,0.329760773481833,0.40551419307999964,0.7437737351376298,1,1,1,0,1,1,1,
0805121329807,S14,1,2026-09-12 09:50:30.333323+00:00,,,,,UBE 850T-2,PLC_COMMUNICATION_FAILED_PLC circuit open until 2026-08-06T01:32:02.984Z,,0.4340836567514429,0.2724609460910971,0.8299537195054647,0.13146125265639375,0.24364359971639235,0.8043307070078834,1,0,1,0,0,1,1,
0805121629809,S14,1,2026-09-12 09:50:09.655997+00:00,,,,,UBE 850T-2,PLC_COMMUNICATION_FAILED_PLC circuit open until 2026-08-06T01:03:22.369Z,,0.4194978893440861,0.2468468681598959,0.5542585813467759,0.8197184889771923,0.2531079772647413,0.5794632074868562,1,0,1,1,0,1,1,
0805121729810,S14,1,2026-09-11 22:44:42.792199+00:00,,,,,UBE 850T-2,PLC_COMMUNICATION_FAILED_PLC circuit open until 2026-08-05T19:34:46.717Z,,0.5881186579133539,0.4251245788461189,0.925315395810792,0.5706708231061409,0.17506919851690836,0.10342008368057169,1,1,1,1,0,0,1,
0805121829811,S14,1,2026-09-12 09:50:50.680279+00:00,,,,,UBE 850T-2,PLC_COMMUNICATION_FAILED_PLC circuit open until 2026-08-06T01:20:51.311Z,,0.49367453433540276,0.26648425597141495,0.49747219159225525,0.6341269416387116,0.246420355490514,0.19889863113958944,1,0,1,1,0,0,1,
0805121929812,S14,1,2026-09-11 22:45:23.430338+00:00,,,,,UBE 850T-2,PLC_COMMUNICATION_FAILED_PLC circuit open until 2026-08-05T19:26:35.668Z,,0.41443057009531004,0.42453583654742405,0.7340188055849318,0.11158365252601674,0.180362971152852,0.8378783816659261,1,1,1,0,0,1,1,
0805122129813,S14,1,2026-09-11 22:48:18.709407+00:00,,,,,UBE 850T-2,PLC_COMMUNICATION_FAILED_PLC circuit open until 2026-08-05T19:25:31.489Z,,0.4198674067600389,0.8290859168769961,0.7015148566116227,0.7251949396699833,0.1828363019184113,0.308274614029599,1,1,1,1,0,0,1,
0805122229814,S14,1,2026-09-11 22:49:19.766352+00:00,,,,,UBE 850T-2,PLC_COMMUNICATION_FAILED_PLC packet timeout,,0.7355329079632049,0.8218535225341185,0.6556088523807724,0.2441060484443798,0.3675662446515757,0.8388430949686216,1,1,1,0,0,1,1,
0805122329815,S14,1,2026-09-11 22:48:59.444111+00:00,,,,,UBE 850T-2,PLC_COMMUNICATION_FAILED_PLC circuit open until 2026-08-05T20:14:33.503Z,,0.6845925547831571,0.8391739340497324,0.7965675844552749,0.6455962769880972,0.2606418595409683,0.8874301793637042,1,1,1,1,0,1,1,
0805122429816,S14,1,2026-09-11 22:45:03.264023+00:00,,,,,UBE 850T-2,PLC_COMMUNICATION_FAILED_PLC packet timeout,,0.3790194659525678,0.8391053666482342,0.7513488926186633,0.6433716715736584,0.4197120604769917,0.09129566510648571,0,1,1,1,1,0,1,
0805122629817,S14,1,2026-09-11 22:46:57.041357+00:00,,,,,UBE 850T-2,PLC_COMMUNICATION_FAILED_PLC packet timeout,,0.4074896788933124,0.7219227373586479,0.30460189109177294,0.32955720307287856,0.20685977031708516,0.11306657946388024,1,1,0,0,0,0,1,
0805122729818,S14,1,2026-09-11 22:50:21.385022+00:00,,,,,UBE 850T-2,PLC_COMMUNICATION_FAILED_PLC circuit open until 2026-08-05T21:21:08.936Z,,0.669303198583446,0.8430575802794138,0.7370741295024129,0.32955658800726273,0.19584997346169258,0.6261221044761853,1,1,1,0,0,1,1,
0805123229822,S14,1,2026-09-11 22:37:29.922696+00:00,,,,,UBE 850T-2,PLC_COMMUNICATION_FAILED_PLC circuit open until 2026-08-06T00:10:41.496Z,,0.37856829162909134,0.7611355991653551,0.5018842483030939,0.329467549064307,0.2526622393560457,0.28357564563400284,0,1,1,0,0,0,1,
0805123429824,S14,1,2026-09-11 22:50:00.750424+00:00,,,,,UBE 850T-2,PLC_COMMUNICATION_FAILED_PLC packet timeout,,0.6178188116286198,0.5322575188108523,0.8911381782872152,0.8611342015880412,0.575745659304101,0.11904714712764693,1,1,1,1,1,0,1,
0805123529825,S14,1,2026-09-11 22:35:41.786848+00:00,,,,,UBE 850T-2,PLC_COMMUNICATION_FAILED_PLC packet timeout,,0.8753118080422047,0.8309910955454585,0.552201402939285,0.6690233990308142,0.25115177411166073,0.8966249543984232,1,1,1,1,0,1,1,
0805123829827,S14,1,2026-09-11 22:49:40.392296+00:00,,,,,UBE 850T-2,PLC_COMMUNICATION_FAILED_PLC circuit open until 2026-08-05T20:19:47.349Z,,0.5851402287707903,0.7628653083285636,0.7554264985143327,0.667719959878945,0.7399815474763383,0.15312249948279014,1,1,1,1,1,0,1,
0805123929828,S14,1,2026-09-11 22:48:38.867453+00:00,,,,,UBE 850T-2,PLC_COMMUNICATION_FAILED_PLC circuit open until 2026-08-05T19:25:31.489Z,,0.6639709841367163,0.2848966727636797,0.7187486242321397,0.4855643014701756,0.21319531193438246,0.83868629609255,1,0,1,1,0,1,1,
0805124429832,S14,1,2026-09-11 22:46:04.103206+00:00,,,,,UBE 850T-2,PLC_COMMUNICATION_FAILED_PLC circuit open until 2026-08-05T19:26:35.668Z,,0.7434496607637417,0.2832551673984932,0.8465635527139646,0.8152456139921095,0.25295092049687695,0.8806314707280771,1,0,1,1,0,1,1,
0805125129838,S14,1,2026-09-11 22:35:20.323152+00:00,,,,,UBE 850T-2,PLC_COMMUNICATION_FAILED_PLC packet timeout,,0.33890789820116735,0.7575975272557984,0.34213799472928186,0.09336101994145002,0.1800066645450187,0.07321597178827802,0,1,0,0,0,0,1,
0805125329839,S14,1,2026-09-11 22:36:24.889290+00:00,,,,,UBE 850T-2,PLC_COMMUNICATION_FAILED_PLC packet timeout,,0.46587886236323583,0.7599072026921877,0.950525153923365,0.10581948910304635,0.3355671638007606,0.12763014600645545,1,1,1,0,0,0,1,
0805125629842,S14,1,2026-09-11 22:45:43.937516+00:00,,,,,UBE 850T-2,PLC_COMMUNICATION_FAILED_PLC circuit open until 2026-08-05T19:16:34.104Z,,0.6648436652721799,0.7430191637725962,0.8584478484181126,0.7354933906840837,0.2536820848569708,0.1470161059209023,1,1,1,1,0,0,1,
0805125929844,S14,1,2026-09-11 22:34:02.638524+00:00,,,,,UBE 850T-2,PLC_COMMUNICATION_FAILED_PLC circuit open until 2026-08-05T23:50:44.740Z,,0.4101168115127932,0.5244828404032912,0.5773216836800732,0.1044221235175504,0.1872510644743244,0.11827688139711898,1,1,1,0,0,0,1,
0805130029845,S14,1,2026-09-11 22:28:23.222777+00:00,,,,,UBE 850T-2,PLC_COMMUNICATION_FAILED_PLC packet timeout,,0.428197462922734,0.7614237457647836,0.32559751692550254,0.24403282613044644,0.17220542465916033,0.566260588999993,1,1,0,0,0,1,1,
0805130129846,S14,1,2026-09-11 22:30:58.374150+00:00,,,,,UBE 850T-2,PLC_COMMUNICATION_FAILED_PLC packet timeout,,0.49799281438880716,0.8225706066999667,0.7287794747149909,0.8247952878186453,0.200240568694881,0.18734055693819512,1,1,1,1,0,0,1,
0805130329848,S14,1,2026-09-11 22:25:27.964375+00:00,,,,,UBE 850T-2,PLC_COMMUNICATION_FAILED_PLC circuit open until 2026-08-05T21:15:50.581Z,,0.6641576145427485,0.7217260041561943,0.825473139079084,0.6729725215419908,0.21363912411612407,0.11918275967305628,1,1,1,1,0,0,1,
0805130529849,S14,1,2026-09-11 22:26:49.463144+00:00,,,,,UBE 850T-2,PLC_COMMUNICATION_FAILED_PLC circuit open until 2026-08-05T21:52:38.374Z,,0.5851594963207614,0.29428509406676073,0.7010839497327055,0.7643999410311549,0.28755864738562387,0.8348070215920814,1,0,1,1,0,1,1,
0805130629850,S14,1,2026-09-12 09:56:19.668549+00:00,,,,,UBE 850T-2,PLC_COMMUNICATION_FAILED_PLC circuit open until 2026-08-06T17:56:00.758Z,,0.6412140661486019,0.6132698361175637,0.20227668427408685,0.19112762070961667,0.3349939728075753,0.8317716911271068,1,1,0,0,0,1,1,
0805130729851,S14,1,2026-09-12 09:52:12.887137+00:00,,,,,UBE 850T-2,PLC_COMMUNICATION_FAILED_PLC packet timeout,,0.3877863529709952,0.7584948354045644,0.5361863370191002,0.4647307911037106,0.3248943807513199,0.1538191973470209,0,1,1,1,0,0,1,
0805130829852,S14,1,2026-09-11 22:32:03.357805+00:00,,,,,UBE 850T-2,PLC_COMMUNICATION_FAILED_PLC packet timeout,,0.8769681512179867,0.6129629535925307,0.7260266954699489,0.6134356232904616,0.3613196336496512,0.28392981223615726,1,1,1,1,0,0,1,
0805131029853,S14,1,2026-09-12 09:49:28.654446+00:00,,,,,UBE 850T-2,PLC_COMMUNICATION_FAILED_PLC packet timeout,,0.8742602409530857,0.2797474530116831,0.7601936408151428,0.35419004762987344,0.2442161456939218,0.4742838849206538,1,0,1,0,0,1,1,
0805131329856,S14,1,2026-09-12 09:57:00.826099+00:00,,,,,UBE 850T-2,PLC_COMMUNICATION_FAILED_PLC circuit open until 2026-08-06T20:15:24.288Z,,0.6641094669381221,0.7229855380672219,0.25242776541839734,0.19366784631231915,0.4240856830467056,0.8311041139180708,1,1,0,0,1,1,1,
0805131429857,S14,1,2026-09-11 22:32:44.976973+00:00,,,,,UBE 850T-2,PLC_COMMUNICATION_FAILED_PLC circuit open until 2026-08-05T23:56:02.053Z,,0.8745187582486307,0.6139179680988909,0.49864382941593,0.7234348187856937,0.30657850951800186,0.6292152867606848,1,1,1,1,0,1,1,
0805131829860,S14,1,2026-09-12 09:54:36.997114+00:00,,,,,UBE 850T-2,PLC_COMMUNICATION_FAILED_PLC packet timeout,,0.711561568851463,0.532570951036589,0.7457410765539716,0.7624562061451934,0.24788012434825354,0.10630916379474559,1,1,1,1,0,0,1,
0805131929861,S14,1,2026-09-12 09:57:41.943392+00:00,,,,,UBE 850T-2,PLC_COMMUNICATION_FAILED_PLC circuit open until 2026-08-06T19:49:13.665Z,,0.6655178582013291,0.8140556939537693,0.4090507587099404,0.6187297045047011,0.32546232735155195,0.15945204030842985,1,1,1,1,0,0,1,
0805132329864,S14,1,2026-09-11 22:25:48.042183+00:00,,,,,UBE 850T-2,PLC_COMMUNICATION_FAILED_PLC packet timeout,,0.669661100276115,0.7604156959061231,0.4530712777615024,0.7276304158900652,0.4143589843878858,0.1532537475650828,1,1,1,1,1,0,1,
0805132529866,S14,1,2026-09-12 09:55:59.258271+00:00,,,,,UBE 850T-2,PLC_COMMUNICATION_FAILED_PLC packet timeout,,0.39874902020252023,0.7595663785703217,0.5112560800135508,0.7434740345216568,0.24816749278557226,0.10742626392461634,0,1,1,1,0,0,1,
0805132729867,S14,1,2026-09-12 09:56:40.409418+00:00,,,,,UBE 850T-2,PLC_COMMUNICATION_FAILED_PLC circuit open until 2026-08-06T17:33:36.277Z,,0.7589717737052946,0.8314792305314855,0.6906244546916475,0.5912782300480308,0.20089495430725401,0.15935611199474295,1,1,1,1,0,0,1,
0805133129871,S14,1,2026-09-12 09:58:02.619780+00:00,,,,,UBE 850T-2,PLC_COMMUNICATION_FAILED_PLC circuit open until 2026-08-06T19:17:24.185Z,,0.5109327212392345,0.7663303313548502,0.5181288995360666,0.28443667390353733,0.18395731466994675,0.8375634283447333,1,1,1,0,0,1,1,
0805133429873,S14,1,2026-09-12 09:52:33.604648+00:00,,,,,UBE 850T-2,PLC_COMMUNICATION_FAILED_PLC circuit open until 2026-08-06T19:19:36.404Z,,0.4936322680654793,0.614385321418748,0.456185270611548,0.6418536881275377,0.18087723417519122,0.10112569774264692,1,1,1,1,0,0,1,
0805133529874,S14,1,2026-09-12 09:49:49.310910+00:00,,,,,UBE 850T-2,PLC_COMMUNICATION_FAILED_PLC packet timeout,,0.717666559187728,0.8194048702279845,0.43758646083100533,0.19064230642087887,0.2074433323211782,0.24828854150015195,1,1,1,0,0,0,1,
0805133629875,S14,1,2026-09-12 09:53:14.732348+00:00,,,,,UBE 850T-2,PLC_COMMUNICATION_FAILED_PLC packet timeout,,0.49199844257917946,0.2997232371975835,0.5160996951477073,0.6518552909319103,0.20900917860253837,0.2698861603000262,1,0,1,1,0,0,1,
0805134529882,S14,1,2026-09-11 22:24:55.652491+00:00,,,,,UBE 850T-2,PLC_COMMUNICATION_FAILED_PLC packet timeout,,0.4100785723820315,0.42556911218117877,0.9077712179546953,0.7953850480553901,0.2876344211072731,0.08908178290704491,1,1,1,1,0,0,1,
0805134929885,S14,1,2026-09-12 09:53:35.139678+00:00,,,,,UBE 850T-2,PLC_COMMUNICATION_FAILED_PLC packet timeout,,0.39833148427641607,0.8205872135659487,0.8316422319319332,0.3193616560862127,0.201061760532256,0.10973242474008356,0,1,1,0,0,0,1,
0805135029886,S14,1,2026-09-12 09:55:38.539972+00:00,,,,,UBE 850T-2,PLC_COMMUNICATION_FAILED_PLC packet timeout,,0.7428829502930452,0.8118874147058064,0.5596312536170089,0.3871480135163186,0.24425726139296644,0.09487660679877108,1,1,1,0,0,0,1,
0805135329889,S14,1,2026-09-12 09:55:18.128295+00:00,,,,,UBE 850T-2,PLC_COMMUNICATION_FAILED_PLC circuit open until 2026-08-06T18:14:19.203Z,,0.3994557540125146,0.7635342309993652,0.5368144394477739,0.6674091364608881,0.2521149778967717,0.1548538079464488,0,1,1,1,0,0,1,
0805135729892,S14,1,2026-09-12 09:57:21.541218+00:00,,,,,UBE 850T-2,PLC_COMMUNICATION_FAILED_PLC circuit open until 2026-08-06T17:57:41.586Z,,0.5495697015274432,0.5750684940092388,0.7012790251462924,0.8501021823739136,0.773846335867706,0.8374130263497988,1,1,1,1,1,1,1,
0805140029894,S14,1,2026-09-12 09:53:55.857447+00:00,,,,,UBE 850T-2,PLC_COMMUNICATION_FAILED_PLC packet timeout,,0.4923869820659953,0.5780354362773417,0.6148504811245111,0.8578846636292943,0.5766480532919677,0.24794629251768294,1,1,1,1,1,0,1,
0805140329897,S14,1,2026-09-12 09:52:54.017268+00:00,,,,,UBE 850T-2,PLC_COMMUNICATION_FAILED_PLC circuit open until 2026-08-06T18:25:29.476Z,,0.5731618714948559,0.7217627211545709,0.6369981696752673,0.6725499979925714,0.25294431566864584,0.8378548242571071,1,1,1,1,0,1,1,
0805141129903,S14,1,2026-09-12 09:54:57.405889+00:00,,,,,UBE 850T-2,PLC_COMMUNICATION_FAILED_PLC packet timeout,,0.876054396260131,0.8531156727474603,0.6748617678651063,0.8141926912904744,0.7342256880127608,0.5821449887089474,1,1,1,1,1,1,1,
0805141229904,S14,1,2026-09-11 22:28:55.864301+00:00,,,,,UBE 850T-2,PLC_COMMUNICATION_FAILED_PLC circuit open until 2026-08-05T22:18:13.038Z,,0.43811779616167223,0.759659075919664,0.5555390831423219,0.3344531064945522,0.24933624072901783,0.11043548834046343,1,1,1,0,0,0,1,
0805141329905,S14,1,2026-09-12 09:54:16.267673+00:00,,,,,UBE 850T-2,PLC_COMMUNICATION_FAILED_PLC circuit open until 2026-08-06T17:36:56.557Z,,0.20862098975119672,0.7448660747091499,0.31213161283877355,0.7067131072359792,0.24320952712489807,0.26600259868743914,0,1,0,1,0,0,1,
0805141729908,S14,1,2026-09-11 22:26:08.618504+00:00,,,,,UBE 850T-2,PLC_COMMUNICATION_FAILED_PLC packet timeout,,0.7425503719778519,0.765684174438717,0.5037605035883284,0.6534214774816894,0.22437800132258345,0.10119336553237904,1,1,1,1,0,0,1,
0805142429914,S14,1,2026-09-12 09:51:52.471983+00:00,,,,,UBE 850T-2,PLC_COMMUNICATION_FAILED_PLC packet timeout,,0.8797327774631987,0.8148808453400934,0.8591896043377881,0.8075718451480209,0.678035148265954,0.8314976345021917,1,1,1,1,1,1,1,
0805142929918,S14,1,2026-09-11 22:32:23.934083+00:00,,,,,UBE 850T-2,PLC_COMMUNICATION_FAILED_PLC packet timeout,,0.5000516660756642,0.5798006221636847,0.44646284340897224,0.8092001806919307,0.24695719897772486,0.25070765950416996,1,1,1,1,0,0,1,
0805143129920,S14,1,2026-09-12 09:48:47.783882+00:00,,,,,UBE 850T-2,PLC_COMMUNICATION_FAILED_PLC packet timeout,,0.5570773911149135,0.840581678529574,0.7328928995449144,0.8101119745066541,0.5253620596217388,0.9081314835101101,1,1,1,1,1,1,1,
0805143429922,S14,1,2026-09-12 09:51:11.346328+00:00,,,,,UBE 850T-2,PLC_COMMUNICATION_FAILED_PLC circuit open until 2026-08-06T01:03:22.369Z,,0.6580652977227407,0.8154379286954911,0.5238345899719389,0.6227435466177526,0.24828450667613688,0.6792846527850676,1,1,1,1,0,1,1,
0805143629924,S14,1,2026-09-11 22:28:02.646623+00:00,,,,,UBE 850T-2,PLC_COMMUNICATION_FAILED_PLC circuit open until 2026-08-05T21:59:31.980Z,,0.6040525173071997,0.5983670545102268,0.6849724987519866,0.85861027179571,0.25104686330199977,0.11009213468607802,1,1,1,1,0,0,1,
0805144529931,S14,1,2026-09-12 09:49:08.354251+00:00,,,,,UBE 850T-2,PLC_COMMUNICATION_FAILED_PLC packet timeout,,0.21155446170773878,0.29922280949020086,0.5962186761162878,0.8176641449222161,0.18438532385965467,0.10788009192293133,0,0,1,1,0,0,1,
0805145029935,S14,1,2026-09-11 22:26:28.886341+00:00,,,,,UBE 850T-2,PLC_COMMUNICATION_FAILED_PLC circuit open until 2026-08-05T22:17:16.683Z,,0.6613508285033256,0.8186495456627978,0.7873578511533051,0.1316134153944228,0.21458448240850558,0.09022119227001231,1,1,1,0,0,0,1,
0805145329938,S14,1,2026-09-12 09:51:31.742294+00:00,,,,,UBE 850T-2,PLC_COMMUNICATION_FAILED_PLC packet timeout,,0.43651179493120035,0.7431975934726925,0.34313917337271205,0.4015491619444244,0.24467452543379767,0.7434460423512476,1,1,0,1,0,1,1,
0805145629940,S14,1,2026-09-11 22:27:42.376266+00:00,,,,,UBE 850T-2,PLC_COMMUNICATION_FAILED_PLC packet timeout,,0.5331762851739503,0.7436022969532257,0.39344272586629514,0.7593410503714034,0.3619089760197785,0.11713482031420333,1,1,0,1,0,0,1,
0805145929943,S14,1,2026-09-11 22:29:56.972623+00:00,,,,,UBE 850T-2,PLC_COMMUNICATION_FAILED_PLC packet timeout,,0.717259562065225,0.8117656766019138,0.5719823521321877,0.7955883066123222,0.6841647677547174,0.8308936506475724,1,1,1,1,1,1,1,
0805150129944,S14,1,2026-09-11 22:30:17.542437+00:00,,,,,UBE 850T-2,PLC_COMMUNICATION_FAILED_PLC circuit open until 2026-08-05T21:09:56.944Z,,0.21150439635541163,0.5956459597399191,0.5282090404669004,0.13646505255147012,0.19276065383866742,0.4096056342073055,0,1,1,0,0,1,1,
0805150229945,S14,1,2026-09-11 22:29:16.134300+00:00,,,,,UBE 850T-2,PLC_COMMUNICATION_FAILED_PLC packet timeout,,0.40966844569372673,0.8407119565913355,0.6089276085861415,0.619314028655991,0.17819113009136192,0.76546761440174,1,1,1,1,0,1,1,
0805150429947,S14,1,2026-09-11 22:29:36.708890+00:00,,,,,UBE 850T-2,PLC_COMMUNICATION_FAILED_PLC packet timeout,,0.48840732876861426,0.8336461172922343,0.7112448866564898,0.8500881556553073,0.268918024683177,0.580079699817052,1,1,1,1,0,1,1,
0805150929951,S14,1,2026-09-11 22:27:21.802189+00:00,,,,,UBE 850T-2,PLC_COMMUNICATION_FAILED_PLC packet timeout,,0.2847327323267357,0.5286314747440886,0.6407603402927112,0.620279258761936,0.30216469400853957,0.18676594605437286,0,1,1,1,0,0,1,
0805151129953,S14,1,2026-09-11 22:15:36.212893+00:00,CR,A,A-4,Top View,UBE 850T-2,Non-Filling,Non_filling,0.41974883926130313,0.8295402438296706,0.8055384988682982,0.8226593215028792,0.2479502464975262,0.15268810645446734,1,1,1,1,0,0,1,1.0
0805151329954,S14,1,2026-09-11 22:15:03.315193+00:00,CR,R,R-3,Rear,UBE 850T-2,Non-Filling,Non_filling,0.21125403227765294,0.7219448309519331,0.5380906326714964,0.49386557277507115,0.7672993687289913,0.8372436592330371,0,1,1,1,1,1,1,1.0
0805151929959,S14,1,2026-09-11 22:21:06.103448+00:00,,,,,UBE 850T-2,PLC_COMMUNICATION_FAILED_PLC packet timeout,,0.6845509781253072,0.7602722259635994,0.6751771850471964,0.7628023126464092,0.2527380850543265,0.41338366729112375,1,1,1,1,0,1,1,
0805152229960,S14,1,2026-09-11 22:19:53.198940+00:00,,,,,UBE 850T-2,PLC_COMMUNICATION_FAILED_PLC circuit open until 2026-08-05T23:18:15.331Z,,0.8232638397386357,0.8221640485271091,0.9447361667651382,0.6728276630217356,0.16141609105497084,0.8814185250537677,1,1,1,1,0,1,1,
0805152729964,S14,1,2026-09-11 22:20:05.622418+00:00,CR,O,O-2,Front,UBE 850T-2,Non-Filling,Non_filling,0.4381907330221932,0.2746239174044413,0.7103258364304978,0.3296242182124351,0.36156493830464087,0.25112506243152133,1,0,1,0,0,0,1,1.0
0805153129967,S14,1,2026-09-11 22:19:33.089315+00:00,CR,S,S-2,Rear,UBE 850T-2,Non-Filling,Non_filling,0.21041947651676635,0.27596507348596466,0.571324502520523,0.6199668895773548,0.7215972458167668,0.2505303467736596,0,0,1,1,1,0,1,1.0
0805153229968,S14,1,2026-09-11 22:20:25.680992+00:00,,,,,UBE 850T-2,PLC_COMMUNICATION_FAILED_PLC packet timeout,,0.8244157902364213,0.76477140887381,0.7450365606138657,0.6705696759225925,0.2969087914169625,0.8744849103880972,1,1,1,1,0,1,1,
0805153329969,S14,1,2026-09-11 22:21:46.566143+00:00,,,,,UBE 850T-2,PLC_COMMUNICATION_FAILED_PLC circuit open until 2026-08-05T20:27:22.280Z,,0.498154851933558,0.8363840185647414,0.6186485277250962,0.850417757244297,0.25045885436342813,0.9128088728260315,1,1,1,1,0,1,1,
0805153629971,S14,1,2026-09-11 22:18:23.757008+00:00,,,,,UBE 850T-2,PLC_COMMUNICATION_FAILED_PLC packet timeout,,0.4208439088506728,0.29518213076250804,0.23923684406693072,0.3595246344937753,0.7377219330251775,0.12022355278414651,1,0,0,0,1,0,1,
0805153729972,S14,1,2026-09-11 22:21:58.663214+00:00,CR,A,A-4,Top View,UBE 850T-2,Non-Filling,Non_filling,0.5880501262666805,0.6946715264188789,0.8586235494814354,0.6939378499543187,0.6846453099860929,0.8371661252493807,1,1,1,1,1,1,1,1.0
0805153829973,S14,1,2026-09-11 22:20:46.041656+00:00,,,,,UBE 850T-2,PLC_COMMUNICATION_FAILED_PLC circuit open until 2026-08-05T22:20:31.033Z,,0.6178629548934216,0.8499476963908095,0.8199080106553316,0.8516292044254146,0.4032086646651513,0.878292367580648,1,1,1,1,1,1,1,
0805154129975,S14,1,2026-09-11 22:19:20.957488+00:00,,,,,UBE 850T-2,PLC_COMMUNICATION_FAILED_PLC packet timeout,,0.6692838054203001,0.8303547013016179,0.8416159961072647,0.8300397389598508,0.2538509972943815,0.628716016180974,1,1,1,1,0,1,1,
0805155529978,S14,1,2026-09-11 22:23:07.292585+00:00,,,,,UBE 850T-2,PLC_COMMUNICATION_FAILED_PLC circuit open until 2026-08-05T20:10:35.677Z,,0.7816197723500307,0.8455141732639384,0.6490784936736524,0.7592212398487777,0.2544213284953488,0.16172217246448328,1,1,1,1,0,0,1,
0805155729980,S14,1,2026-09-11 22:15:23.955023+00:00,,,,,UBE 850T-2,PLC_COMMUNICATION_FAILED_PLC circuit open until 2026-08-05T23:53:45.229Z,,0.5048727606939746,0.7617054355963496,0.706116534642087,0.7905793439628837,0.5751707262180472,0.8366016289850537,1,1,1,1,1,1,1,
0805155929982,S14,1,2026-09-12 09:48:27.508696+00:00,,,,,UBE 850T-2,PLC_COMMUNICATION_FAILED_PLC packet timeout,,0.7232190164751646,0.8420657238357491,0.5270688748020023,0.2598140949041204,0.7385773960853411,0.5102854670906005,1,1,1,0,1,1,1,
0805160129983,S14,1,2026-09-11 22:23:59.837170+00:00,,,,,UBE 850T-2,PLC_COMMUNICATION_FAILED_PLC circuit open until 2026-08-05T20:20:42.378Z,,0.737331489529679,0.8131589265001427,0.867559105406913,0.3343756650055351,0.24480106319001302,0.8945525509481671,1,1,1,0,0,1,1,
0805160729988,S14,1,2026-09-11 22:22:30.976291+00:00,,,,,UBE 850T-2,PLC_COMMUNICATION_FAILED_PLC circuit open until 2026-08-05T20:08:52.819Z,,0.4571578720580187,0.8134655979592446,0.41973955616283176,0.6903684431962971,0.7718881724500349,0.2512984143966214,1,1,1,1,1,0,1,
0805161029991,S14,1,2026-09-11 22:21:26.466992+00:00,,,,,UBE 850T-2,PLC_COMMUNICATION_FAILED_PLC circuit open until 2026-08-05T20:22:51.268Z,,0.808711171925881,0.7634884253715126,0.44607654965476223,0.8250968775418788,0.362220942175498,0.8319488555101233,1,1,1,1,0,1,1,
0805161329993,S14,1,2026-09-11 22:14:10.210207+00:00,,,,,UBE 850T-2,PLC_COMMUNICATION_FAILED_PLC packet timeout,,0.5593144247814954,0.7629852059796702,0.8219577733473993,0.11170690659126879,0.24295624650606468,0.8347891098627437,1,1,1,0,0,1,1,
0805161629996,S14,1,2026-09-11 22:16:33.305836+00:00,,,,,UBE 850T-2,PLC_COMMUNICATION_FAILED_PLC packet timeout,,0.6669443063298521,0.8302864652623334,0.40216880615446915,0.35207431195233724,0.2597401646127011,0.12758146888228622,1,1,1,0,0,0,1,
0805162029999,S14,1,2026-09-11 22:14:51.080176+00:00,,,,,UBE 850T-2,PLC_COMMUNICATION_FAILED_PLC circuit open until 2026-08-05T23:08:26.521Z,,0.49195673736323453,0.7638460978671554,0.8390650328416196,0.8535337045768123,0.20987263878212228,0.09264460035037862,1,1,1,1,0,0,1,
0805162420003,S14,1,2026-09-11 22:23:39.782377+00:00,,,,,UBE 850T-2,PLC_COMMUNICATION_FAILED_PLC circuit open until 2026-08-05T21:32:02.731Z,,0.5710227448385621,0.7597685895090247,0.8622043434675595,0.850222867311198,0.21257423101947237,0.09240172698195548,1,1,1,1,0,0,1,
0805162720006,S14,1,2026-09-11 22:13:37.485879+00:00,,,,,UBE 850T-2,PLC_COMMUNICATION_FAILED_PLC packet timeout,,0.4207689289231111,0.6942332255868998,0.3218308859736823,0.3299934219184042,0.2052859371406634,0.8370825476414712,1,1,0,0,0,1,1,
0805163320011,S14,1,2026-09-11 22:17:06.038300+00:00,,,,,UBE 850T-2,PLC_COMMUNICATION_FAILED_PLC circuit open until 2026-08-05T23:31:06.475Z,,0.585241220708316,0.5955783259889296,0.5847845065614296,0.5993983578630377,0.25955200366553693,0.5803284706723609,1,1,1,1,0,1,1,
0805163920015,S14,1,2026-09-12 09:48:06.939620+00:00,,,,,UBE 850T-2,PLC_COMMUNICATION_FAILED_PLC circuit open until 2026-08-06T01:52:46.569Z,,0.652749073749398,0.5294402808778568,0.6271545680658862,0.8199185596391833,0.7706544490246274,0.145979105527402,1,1,1,1,1,0,1,
0805164020016,S14,1,2026-09-11 22:10:38.475051+00:00,,,,,UBE 850T-2,PLC_COMMUNICATION_FAILED_PLC circuit open until 2026-08-05T23:30:20.552Z,,0.8243040858978723,0.7661701862939858,0.5925948084344108,0.7103799174273822,0.7658860229272236,0.16019917749941007,1,1,1,1,1,0,1,
0805164120017,S14,1,2026-09-11 22:12:44.378299+00:00,CR,R,R-2,Rear,UBE 850T-2,Non-Filling,Non_filling,0.45728118375187,0.2791529089818776,0.9084009670905802,0.8303064821575776,0.3619311872954155,0.18721368958959328,1,0,1,1,0,0,1,1.0
0805164420019,S14,1,2026-09-11 22:17:30.701458+00:00,CR,A,A-4,Top View,UBE 850T-2,Non-Filling,Non_filling,0.3997996876624325,0.28278405201084095,0.46953271531310276,0.7300607846621532,0.5488712670746196,0.09718279220456282,0,0,1,1,1,0,1,1.0
0805164920023,S14,1,2026-09-11 22:10:15.601419+00:00,,,,,UBE 850T-2,PLC_COMMUNICATION_FAILED_PLC circuit open until 2026-08-05T23:20:59.086Z,,0.5710375696608619,0.27992771027164365,0.34551824558608213,0.5984501261557282,0.7897903738858206,0.6327971349335522,1,0,0,1,1,1,1,
0805165520028,S14,1,2026-09-11 22:09:06.307631+00:00,,,,,UBE 850T-2,PLC_COMMUNICATION_FAILED_PLC packet timeout,,0.5098902721584816,0.5264227804749797,0.39642197199988016,0.4457182554648321,0.7356718415422574,0.8739512749043092,1,1,0,1,1,1,1,
0805165920031,S14,1,2026-09-11 22:18:36.015556+00:00,CR,A,A-4,Top View,UBE 850T-2,Non-Filling,Non_filling,0.6691507267805353,0.8006758874011113,0.6789547701370231,0.7250796789580679,0.7646156686863806,0.09528339639751601,1,1,1,1,1,0,1,1.0
0805170020032,S14,1,2026-09-11 22:12:32.153636+00:00,,,,,UBE 850T-2,PLC_COMMUNICATION_FAILED_PLC packet timeout,,0.7176276473773195,0.6156162986524629,0.5165856018590962,0.7504067985312248,0.5797356305183814,0.09372521824997174,1,1,1,1,1,0,1,
0805170320034,S14,1,2026-09-11 22:12:10.660541+00:00,,,,,UBE 850T-2,PLC_COMMUNICATION_FAILED_PLC packet timeout,,0.5495594809941189,0.7231886859384824,0.4582950838056042,0.32947000200914944,0.5784113825468175,0.7440872241114542,1,1,1,0,1,1,1,
0805170820038,S14,1,2026-09-11 22:11:24.564860+00:00,,,,,UBE 850T-2,PLC_COMMUNICATION_FAILED_PLC circuit open until 2026-08-06T00:06:11.390Z,,0.4934921977514529,0.720905501657597,0.7825101294239126,0.8172351719837871,0.5754077765822827,0.11863246771291659,1,1,1,1,1,0,1,
0805171120040,S14,1,2026-09-11 22:08:43.439231+00:00,CR,H,H-1,Bottom View,UBE 850T-2,Bend,,0.4927967312515855,0.8134643409269012,0.62359277511299,0.5997113710300526,0.5127217182664474,0.6323213287961326,1,1,1,1,1,1,1,
0805171220041,S14,1,2026-09-11 22:17:51.029895+00:00,,,,,UBE 850T-2,PLC_COMMUNICATION_FAILED_PLC circuit open until 2026-08-05T23:24:05.569Z,,0.8244491914254635,0.7654145363851834,0.19814024956483364,0.8301240328146768,0.7924593575181993,0.8352065665003373,1,1,0,1,1,1,1,
0805171320042,S14,1,2026-09-11 22:09:29.514668+00:00,,,,,UBE 850T-2,PLC_COMMUNICATION_FAILED_PLC packet timeout,,0.6905281563612166,0.28535829079871855,0.4519817363243571,0.7411969593549046,0.7348636155111302,0.2659709005433034,1,0,1,1,1,0,1,
0805171520043,S14,1,2026-09-11 22:07:43.209888+00:00,,,,,UBE 850T-2,PLC_COMMUNICATION_FAILED_PLC packet timeout,,0.33500099099490943,0.8359319648179193,0.6247696427885379,0.3344238981648031,0.7921905236000761,0.8744963736698539,0,1,1,0,1,1,1,
0805171720045,S14,1,2026-09-11 22:09:52.383934+00:00,,,,,UBE 850T-2,PLC_COMMUNICATION_FAILED_PLC packet timeout,,0.5124819789620655,0.4293130715137633,0.5516449471411324,0.855657289047524,0.813607559790857,0.7653340379062262,1,1,1,1,1,1,1,
0805171920046,S14,1,2026-09-11 22:11:47.786887+00:00,,,,,UBE 850T-2,PLC_COMMUNICATION_FAILED_PLC circuit open until 2026-08-05T23:56:51.035Z,,0.7425849067894025,0.5749840949682717,0.5207646246829739,0.33179112143166023,0.7856084706691431,0.8298512631611533,1,1,1,0,1,1,1,
0805172020047,S14,1,2026-09-11 22:12:56.607614+00:00,CR,R,R-3,Rear,UBE 850T-2,Non-Filling,Non_filling,0.6204469096230345,0.7237766386715557,0.3378455880399415,0.7250843607388515,0.5787749452719737,0.9023212822992183,1,1,0,1,1,1,1,0.0
0805172120048,S14,1,2026-09-11 22:11:01.694890+00:00,,,,,UBE 850T-2,PLC_COMMUNICATION_FAILED_PLC packet timeout,,0.4366223627279603,0.6414995172647279,0.5469768693978996,0.8203598177882133,0.801271102094401,0.8882476445788237,1,1,1,1,1,1,1,
0805172320049,S14,1,2026-09-11 22:13:17.208913+00:00,,,,,UBE 850T-2,PLC_COMMUNICATION_FAILED_PLC circuit open until 2026-08-05T23:16:26.032Z,,0.7217601601103596,0.30126662161319856,0.44467551343836687,0.8456351189341595,0.8263820444076079,0.6266662474821806,1,0,1,1,1,1,1,
0805172420050,S14,1,2026-09-11 21:53:52.230935+00:00,,,,,UBE 850T-2,PLC_COMMUNICATION_FAILED_PLC packet timeout,,0.6667581334850473,0.27751816658497414,0.34269487574907853,0.6226140666170461,0.8215972562682463,0.8334451753882377,1,0,0,1,1,1,1,
0805172620052,S14,1,2026-09-11 22:07:20.338955+00:00,,,,,UBE 850T-2,PLC_COMMUNICATION_FAILED_PLC circuit open until 2026-08-05T19:15:44.137Z,,0.5054303522948294,0.846191336397311,0.843405971991345,0.7640669384989254,0.793669019973469,0.15887500021872483,1,1,1,1,1,0,1,
0805172820053,S14,1,2026-09-11 22:08:06.424771+00:00,,,,,UBE 850T-2,PLC_COMMUNICATION_FAILED_PLC packet timeout,,0.6467714436879377,0.766851046505979,0.5875604128659618,0.8327526099803049,0.7775953220496694,0.15466236438246345,1,1,1,1,1,0,1,
0805172920054,S14,1,2026-09-11 22:00:53.145557+00:00,,,,,UBE 850T-2,PLC_COMMUNICATION_FAILED_PLC packet timeout,,0.5053145254947466,0.5974419231077297,0.5813840061353737,0.6450627385201965,0.7809670054180337,0.8051825047263566,1,1,1,1,1,1,1,
0805173020055,S14,1,2026-09-12 09:46:49.243851+00:00,,,,,UBE 850T-2,PLC_COMMUNICATION_FAILED_PLC circuit open until 2026-08-06T01:19:03.130Z,,0.7018610777687562,0.5288889727300623,0.5922504172116173,0.8584784586160201,0.7854558831414409,0.10965988286799054,1,1,1,1,1,0,1,
0805173120056,S14,1,2026-09-11 22:00:32.442336+00:00,,,,,UBE 850T-2,PLC_COMMUNICATION_FAILED_PLC packet timeout,,0.8774176102836015,0.7248502111290736,0.8348750491021668,0.3293252843360247,0.4144800599418403,0.1599336164480403,1,1,1,0,1,0,1,
0805173420058,S14,1,2026-09-12 09:47:46.675994+00:00,,,,,UBE 850T-2,PLC_COMMUNICATION_FAILED_PLC packet timeout,,0.7425439839338837,0.2968764787072074,0.8502228703549768,0.8601316627350895,0.6799451599149535,0.24819318210736155,1,0,1,1,1,0,1,
0805173620060,S14,1,2026-09-12 12:08:34.791053+00:00,,,,,UBE 850T-2,PLC_COMMUNICATION_FAILED_PLC circuit open until 2026-08-07T03:22:50.001Z,,0.45984823820757087,0.578099016156495,0.5047410979659965,0.7185119184735819,0.7702695290627135,0.11185928831724863,1,1,1,1,1,0,1,
0805173920062,S14,1,2026-09-11 21:52:48.425127+00:00,,,,,UBE 850T-2,PLC_COMMUNICATION_FAILED_PLC packet timeout,,0.7198468951039385,0.6154475013542628,0.7704013013746605,0.23590769185889296,0.5123785031106007,0.10061396230290894,1,1,1,0,1,0,1,
0805174020063,S14,1,2026-09-11 22:03:02.225748+00:00,,,,,UBE 850T-2,PLC_COMMUNICATION_FAILED_PLC circuit open until 2026-08-05T21:08:38.821Z,,0.4466971576989855,0.2975705276802609,0.6407634535059549,0.7277798355415398,0.7580740207629166,0.8359530080929434,1,0,1,1,1,1,1,
0805174220064,S14,1,2026-09-11 22:04:11.595843+00:00,,,,,UBE 850T-2,PLC_COMMUNICATION_FAILED_PLC packet timeout,,0.8163678253108593,0.8339811840705833,0.8467497854244302,0.7622069863231342,0.7210621938311352,0.15243861556304733,1,1,1,1,1,0,1,
0805174320065,S14,1,2026-09-12 09:46:08.176692+00:00,,,,,UBE 850T-2,PLC_COMMUNICATION_FAILED_PLC circuit open until 2026-08-06T01:01:01.712Z,,0.48848903188375503,0.823061245817712,0.4663949822648724,0.3300349726864719,0.7933523578122286,0.8305123713679813,1,1,1,0,1,1,1,
0805174420066,S14,1,2026-09-11 22:02:16.109121+00:00,,,,,UBE 850T-2,PLC_COMMUNICATION_FAILED_PLC packet timeout,,0.8786618559635719,0.851134197861592,0.8575148976803251,0.6396600094529235,0.18976330659554128,0.18825526901468928,1,1,1,1,0,0,1,
0805174520067,S14,1,2026-09-11 22:03:48.366830+00:00,,,,,UBE 850T-2,PLC_COMMUNICATION_FAILED_PLC packet timeout,,0.49832246404518854,0.8475075359564918,0.5045650427864681,0.4665763316547356,0.8243150297592465,0.9084831470703789,1,1,1,1,1,1,1,
0805174720068,S14,1,2026-09-12 09:46:28.889085+00:00,,,,,UBE 850T-2,PLC_COMMUNICATION_FAILED_PLC circuit open until 2026-08-06T01:19:03.130Z,,0.6611798762097632,0.8194153430567193,0.8640739980393749,0.499246419952159,0.2556102513494736,0.8329468559845664,1,1,1,1,0,1,1,
0805174920070,S14,1,2026-09-11 21:54:12.288690+00:00,,,,,UBE 850T-2,PLC_COMMUNICATION_FAILED_PLC packet timeout,,0.43651677541261874,0.7412831715846836,0.5206865766857024,0.6751414548417638,0.29769726819010883,0.8312762246294734,1,1,1,1,0,1,1,
0805175020071,S14,1,2026-09-11 21:56:25.860410+00:00,,,,,UBE 850T-2,PLC_COMMUNICATION_FAILED_PLC packet timeout,,0.8242506291015678,0.6146668128366791,0.6310866224741246,0.8551936275637761,0.73333340012769,0.8279224320313013,1,1,1,1,1,1,1,
0805175220072,S14,1,2026-09-12 09:47:26.046300+00:00,,,,,UBE 850T-2,PLC_COMMUNICATION_FAILED_PLC circuit open until 2026-08-06T00:59:16.738Z,,0.4279572366381182,0.2989659123402465,0.6215338769546278,0.49193640307571884,0.39947162997174485,0.08043500833525764,1,0,1,1,0,0,1,
0805175320073,S14,1,2026-09-12 09:45:47.754358+00:00,,,,,UBE 850T-2,PLC_COMMUNICATION_FAILED_PLC packet timeout,,0.7413397790965798,0.29520243721298595,0.5245356619029531,0.7609788161285604,0.30261048486056275,0.25327981909505465,1,0,1,1,0,0,1,
0805175420074,S14,1,2026-09-11 22:03:25.467653+00:00,,,,,UBE 850T-2,PLC_COMMUNICATION_FAILED_PLC packet timeout,,0.49367063159234287,0.8138753138210939,0.9211781845029894,0.669364791693263,0.17700994083078989,0.15394494874795883,1,1,1,1,0,0,1,
0805180020079,S14,1,2026-09-11 21:59:52.024938+00:00,CR,D,D-1,Top View,UBE 850T-2,Non-Filling,Non_filling,0.6204698191210081,0.7651455805905456,0.6356145335824381,0.6692840539773173,0.8076098038355234,0.26600241921094747,1,1,1,1,1,0,1,1.0
0805180220080,S14,1,2026-09-11 22:01:53.225387+00:00,,,,,UBE 850T-2,PLC_COMMUNICATION_FAILED_PLC packet timeout,,0.6648619378495099,0.5957943772309182,0.5435309520094707,0.23661297994231983,0.26005541654870235,0.6315220983992283,1,1,1,0,0,1,1,
0805180420082,S14,1,2026-09-11 21:50:51.419656+00:00,,,,,UBE 850T-2,PLC_COMMUNICATION_FAILED_PLC packet timeout,,0.5199410698845943,0.7618202109209568,0.510183286478486,0.856992721195408,0.7793905594580056,0.9032844873132753,1,1,1,1,1,1,1,
0805180520083,S14,1,2026-09-11 21:58:10.929724+00:00,,,,,UBE 850T-2,PLC_COMMUNICATION_FAILED_PLC packet timeout,,0.877567464535656,0.7662691040435304,0.6538214846872081,0.7971507959754346,0.5746204307986412,0.8051119011283168,1,1,1,1,1,1,1,
0805180620084,S14,1,2026-09-11 21:54:32.659460+00:00,,,,,UBE 850T-2,PLC_COMMUNICATION_FAILED_PLC circuit open until 2026-08-05T23:09:20.116Z,,0.8770540552836592,0.8191879416865688,0.2972346660958416,0.6678519495994246,0.7723464492584989,0.8409385908860043,1,1,0,1,1,1,1,
0805180820085,S14,1,2026-09-11 21:57:50.863888+00:00,,,,,UBE 850T-2,PLC_COMMUNICATION_FAILED_PLC circuit open until 2026-08-05T20:17:49.563Z,,0.8228163339526955,0.8306764919825315,0.6862694721525208,0.8565951295451295,0.766161643540159,0.837158562885051,1,1,1,1,1,1,1,
0805180920086,S14,1,2026-09-11 22:02:39.337849+00:00,,,,,UBE 850T-2,PLC_COMMUNICATION_FAILED_PLC packet timeout,,0.6613435626717604,0.6153200187950507,0.5592131570240292,0.7595457572052248,0.7928741804351346,0.8846349859344572,1,1,1,1,1,1,1,
0805181220088,S14,1,2026-09-11 21:59:39.924871+00:00,,,,,UBE 850T-2,PLC_COMMUNICATION_FAILED_PLC circuit open until 2026-08-05T20:06:20.732Z,,0.8765282956384859,0.8384513223147909,0.9153663400973027,0.8509376028596505,0.20629169427532146,0.9118713047165776,1,1,1,1,0,1,1,
0805181320089,S14,1,2026-09-11 21:57:18.395596+00:00,CR,D,D-1,Top View,UBE 850T-2,Non-Filling,Non_filling,0.4275916262109297,0.2873440741198884,0.7144313564251887,0.79725647242285,0.7949792611065083,0.8107239311160109,1,0,1,1,1,1,1,1.0
0805181720092,S14,1,2026-09-11 21:52:28.363921+00:00,,,,,UBE 850T-2,PLC_COMMUNICATION_FAILED_PLC circuit open until 2026-08-05T22:16:19.086Z,,0.6613561395729097,0.29146475855988047,0.5219009200869728,0.6133337038480772,0.7744371761768157,0.33594735192683334,1,0,1,1,1,0,1,
0805181820093,S14,1,2026-09-11 22:00:12.081960+00:00,,,,,UBE 850T-2,PLC_COMMUNICATION_FAILED_PLC circuit open until 2026-08-05T20:07:14.610Z,,0.4001576350711207,0.7409290096752809,0.3516448140622174,0.6923666627205174,0.8098167240659015,0.8856531612334371,1,1,0,1,1,1,1,
0805182020095,S14,1,2026-09-11 21:58:31.297269+00:00,,,,,UBE 850T-2,PLC_COMMUNICATION_FAILED_PLC circuit open until 2026-08-05T20:03:01.518Z,,0.1872245297634947,0.7236065305710171,0.6938830337136003,0.48211874347385286,0.7684821603756216,0.5801228006768908,0,1,1,1,1,1,1,
0805182220096,S14,1,2026-09-11 22:01:29.988804+00:00,,,,,UBE 850T-2,PLC_COMMUNICATION_FAILED_PLC packet timeout,,0.40752525774481324,0.5800415515753398,0.5603805144418657,0.7182727477018336,0.7597683464765617,0.11727292162817007,1,1,1,1,1,0,1,
0805182720100,S14,1,2026-09-11 21:58:51.365852+00:00,,,,,UBE 850T-2,PLC_COMMUNICATION_FAILED_PLC packet timeout,,0.4074080563498236,0.8368498534095481,0.7811694799576313,0.7620534900106712,0.7580925214553808,0.8369737364492498,1,1,1,1,1,1,1,
0805182820101,S14,1,2026-09-11 21:57:30.493478+00:00,CR,A,A-1,Top View,UBE 850T-2,Non-Filling,Non_filling,0.5054297261632961,0.7628771855756591,0.6536210208602755,0.8297989284525182,0.6797978004011986,0.07473310756708874,1,1,1,1,1,0,1,1.0
0805183320105,S14,1,2026-09-11 22:16:00.881443+00:00,CR,A,A-4,Top View,UBE 850T-2,Non-Filling,Non_filling,0.7376814202334396,0.2852525333789939,0.5862791814490167,0.6679166894762927,0.5770271647494092,0.28452323069080315,1,0,1,1,1,0,1,1.0
0805183620107,S14,1,2026-09-11 21:57:06.295861+00:00,,,,,UBE 850T-2,PLC_COMMUNICATION_FAILED_PLC packet timeout,,0.465812007968634,0.5777298772136692,0.47540979934814004,0.8508707971834775,0.8055188393021194,0.1586565310783512,1,1,1,1,1,0,1,
0805184220112,S14,1,2026-09-11 21:56:05.495898+00:00,,,,,UBE 850T-2,PLC_COMMUNICATION_FAILED_PLC circuit open until 2026-08-05T21:18:33.520Z,,0.46180218867918776,0.2850289266594239,0.533070699712926,0.6725990487739851,0.7678083905869427,0.28459464492859576,1,0,1,1,1,0,1,
0805184520114,S14,1,2026-09-11 21:55:33.168978+00:00,,,,,UBE 850T-2,PLC_COMMUNICATION_FAILED_PLC packet timeout,,0.6641422576824493,0.7613361269578846,0.5315054754122885,0.7905356424098005,0.7347846664128286,0.10618946907022096,1,1,1,1,1,0,1,
0805184720116,S14,1,2026-09-11 22:04:34.462394+00:00,,,,,UBE 850T-2,PLC_COMMUNICATION_FAILED_PLC circuit open until 2026-08-05T19:38:08.112Z,,0.6148535986168906,0.7244858128695784,0.6932372624446963,0.8548142064451496,0.8028299521620115,0.8344125658083603,1,1,1,1,1,1,1,
0805185020118,S14,1,2026-09-11 21:56:45.928824+00:00,,,,,UBE 850T-2,PLC_COMMUNICATION_FAILED_PLC packet timeout,,0.5501426084940816,0.7660651482386004,0.4490804260186736,0.5912770480355697,0.7915068938874247,0.7348275856838309,1,1,1,1,1,1,1,
0805185220120,S14,1,2026-09-11 21:40:51.734925+00:00,,,,,UBE 850T-2,PLC_COMMUNICATION_FAILED_PLC packet timeout,,0.666723653202586,0.4307516337025249,0.6048226535744559,0.8620063525568897,0.7915263791341757,0.10603308101651186,1,1,1,1,1,0,1,
0805185420121,S14,1,2026-09-11 21:42:12.639482+00:00,,,,,UBE 850T-2,PLC_COMMUNICATION_FAILED_PLC packet timeout,,0.5498869001578399,0.42977173002365276,0.6567088893130747,0.7175865177812197,0.7937571492121143,0.1626021315906874,1,1,1,1,1,0,1,
0805185520122,S14,1,2026-09-11 21:46:03.484641+00:00,CR,A,A-4,Top View,UBE 850T-2,Non-Filling,Non_filling,0.6838894423327451,0.8136663089682711,0.783448496987655,0.4825406698905944,0.7667670011269951,0.8378890880243327,1,1,1,1,1,1,1,1.0
0805185920125,S14,1,2026-09-11 21:37:53.438735+00:00,,,,,UBE 850T-2,PLC_COMMUNICATION_FAILED_PLC circuit open until 2026-08-05T22:08:09.781Z,,0.8224498138999936,0.43018142120046393,0.40791310012651033,0.8574083819436008,0.7976558356616495,0.15484957186080725,1,1,1,1,1,0,1,
0805190020126,S14,1,2026-09-11 21:39:30.774017+00:00,,,,,UBE 850T-2,PLC_COMMUNICATION_FAILED_PLC packet timeout,,0.504880973001755,0.2849383781588885,0.7782820855554231,0.8338994306036922,0.43769443042425055,0.7393610432301518,1,0,1,1,1,1,1,
0805190120127,S14,1,2026-09-12 09:44:45.989209+00:00,,,,,UBE 850T-2,PLC_COMMUNICATION_FAILED_PLC circuit open until 2026-08-06T02:05:09.242Z,,0.5049665526488716,0.5974354203148251,0.5210550619267736,0.8091602202183178,0.5758738616921424,0.07927318043891797,1,1,1,1,1,0,1,
0805190320128,S14,1,2026-09-11 21:45:18.921272+00:00,,,,,UBE 850T-2,PLC_COMMUNICATION_FAILED_PLC circuit open until 2026-08-05T21:27:17.921Z,,0.44840493099305834,0.7579687445190167,0.5576420331798639,0.32980908094557865,0.3674252088792145,0.12305115735891409,1,1,1,0,0,0,1,
0805190420129,S14,1,2026-09-11 21:44:38.329449+00:00,,,,,UBE 850T-2,PLC_COMMUNICATION_FAILED_PLC packet timeout,,0.46186684699813674,0.2953645199372521,0.803010418361741,0.7149776964037982,0.36770945678364597,0.08274501048027927,1,0,1,1,0,0,1,
0805190520130,S14,1,2026-09-11 21:46:15.924418+00:00,CR,R,R-1,Rear,UBE 850T-2,Bend,,0.43300275740001515,0.8193717115120775,0.7257879932337131,0.8066635682916414,0.5794122801530117,0.7876556203542444,1,1,1,1,1,1,1,
0805190820132,S14,1,2026-09-11 21:40:31.361567+00:00,,,,,UBE 850T-2,PLC_COMMUNICATION_FAILED_PLC packet timeout,,0.4617436370743162,0.8411558431436397,0.6970716702183298,0.6865711948628056,0.7793505772355862,0.8849694721191148,1,1,1,1,1,1,1,
0805191420136,S14,1,2026-09-11 21:47:33.031659+00:00,,,,,UBE 850T-2,PLC_COMMUNICATION_FAILED_PLC circuit open until 2026-08-05T20:21:38.646Z,,0.7425213941580857,0.30162615293214123,0.7194958867243151,0.3518373718114738,0.7896042795725339,0.14477290358262399,1,0,1,0,1,0,1,
0805191620137,S14,1,2026-09-11 21:44:58.784005+00:00,,,,,UBE 850T-2,PLC_COMMUNICATION_FAILED_PLC circuit open until 2026-08-05T21:03:29.948Z,,0.5301560867331067,0.42533109492060306,0.48747600984205436,0.8197537809611974,0.8012019266883925,0.11129473179351101,1,1,1,1,1,0,1,
0805192020139,S14,1,2026-09-12 09:45:06.677816+00:00,,,,,UBE 850T-2,PLC_COMMUNICATION_FAILED_PLC packet timeout,,0.38747023888146526,0.8251365569471507,0.6586028796825967,0.8488308158016484,0.7835557061218603,0.6303695834825879,0,1,1,1,1,1,1,
0805192120140,S14,1,2026-09-11 21:46:40.193928+00:00,CR,D,D-1,Top View,UBE 850T-2,Non-Filling,Non_filling,0.5478185075763763,0.7657744080744129,0.5930945893308966,0.3538524263503982,0.7873672195419368,0.11287582321497168,1,1,1,0,1,0,1,1.0
0805192320141,S14,1,2026-09-11 21:42:53.204234+00:00,,,,,UBE 850T-2,PLC_COMMUNICATION_FAILED_PLC circuit open until 2026-08-05T22:01:51.552Z,,0.8781856241254653,0.7593227213623529,0.8409293739413314,0.7944463052420563,0.7394558559730051,0.9124300313600937,1,1,1,1,1,1,1,
0805192820144,S14,1,2026-09-11 21:42:32.770614+00:00,,,,,UBE 850T-2,PLC_COMMUNICATION_FAILED_PLC packet timeout,,0.44989009514781786,0.2738880026778636,0.7976059364673577,0.8141652270087945,0.29804811978672674,0.11032277646448484,1,0,1,1,0,0,1,
0805193020145,S14,1,2026-09-11 21:39:10.412526+00:00,,,,,UBE 850T-2,PLC_COMMUNICATION_FAILED_PLC packet timeout,,0.7798100724110248,0.42510553213596947,0.8932806120902993,0.8511630946820313,0.25050059668755054,0.7980147182195683,1,1,1,1,0,1,1,
0805193220147,S14,1,2026-09-11 21:41:11.805347+00:00,,,,,UBE 850T-2,PLC_COMMUNICATION_FAILED_PLC circuit open until 2026-08-05T23:10:07.351Z,,0.4212926993619866,0.2842556176605827,0.5101685466474292,0.7610876936488552,0.7916913022498054,0.16235408952291489,1,0,1,1,1,0,1,
0805193720151,S14,1,2026-09-11 21:39:50.906545+00:00,,,,,UBE 850T-2,PLC_COMMUNICATION_FAILED_PLC circuit open until 2026-08-05T22:06:12.445Z,,0.6483234262851492,0.30092416972547076,0.42528390050051773,0.8567108061739519,0.6798998003480565,0.8414045395965333,1,0,1,1,1,1,1,
0805194120153,S14,1,2026-09-11 21:47:00.619482+00:00,,,,,UBE 850T-2,PLC_COMMUNICATION_FAILED_PLC circuit open until 2026-08-05T21:15:01.859Z,,0.664892757996475,0.2660083304519171,0.8080919511718394,0.3581560330472597,0.7705529952759324,0.8070340457376127,1,0,1,0,1,1,1,
0805194320154,S14,1,2026-09-11 21:36:49.065345+00:00,,,,,UBE 850T-2,PLC_COMMUNICATION_FAILED_PLC packet timeout,,0.6837852818291577,0.2951815469225309,0.6612095648526715,0.32980012757625526,0.7373442818461399,0.08270765205084121,1,0,1,0,1,0,1,
0805194620156,S14,1,2026-09-11 21:43:41.778520+00:00,,,,,UBE 850T-2,PLC_COMMUNICATION_FAILED_PLC circuit open until 2026-08-05T21:54:12.546Z,,0.5155237549056695,0.2925879946765297,0.6495551703539023,0.7150322201946505,0.5134378920023781,0.07292594208371975,1,0,1,1,1,0,1,
0805195020158,S14,1,2026-09-11 21:46:28.056331+00:00,CR,O,O-2,Front,UBE 850T-2,Bend,,0.5247334350825524,0.26525479610355257,0.4504910866373356,0.33464839480809744,0.8047415773703817,0.4150828912964574,1,0,1,0,1,1,1,
0805195220159,S14,1,2026-09-11 21:43:13.328602+00:00,,,,,UBE 850T-2,PLC_COMMUNICATION_FAILED_PLC packet timeout,,0.2131233204797984,0.2874289151275386,0.8103303048683521,0.8550506257947621,0.7620107508649469,0.15332833380026012,0,0,1,1,1,0,1,
0805195320160,S14,1,2026-09-11 21:37:33.327057+00:00,,,,,UBE 850T-2,PLC_COMMUNICATION_FAILED_PLC packet timeout,,0.4572341154360935,0.278610625972594,0.6947827419739172,0.23539716158468538,0.5138613471268125,0.8312025043648963,1,0,1,0,1,1,1,
0805195920164,S14,1,2026-09-11 21:38:29.977528+00:00,CRAM,E,E-2,Bottom View,UBE 850T-2,Porosity,Porosity,0.6646292598647163,0.4304814683160054,0.46933700125318484,0.5197821176572118,0.7941026730655781,0.7261065281157537,1,1,1,1,1,1,1,1.0
0805200020165,S14,1,2026-09-11 21:45:39.355782+00:00,,,,,UBE 850T-2,PLC_COMMUNICATION_FAILED_PLC packet timeout,,0.758159873396883,0.2964722314688267,0.9388080607626558,0.7887508764949458,0.1766785534518614,0.5655980991584497,1,0,1,1,0,1,1,
0805200120166,S14,1,2026-09-11 21:38:50.347760+00:00,,,,,UBE 850T-2,PLC_COMMUNICATION_FAILED_PLC circuit open until 2026-08-05T22:08:59.072Z,,0.6402739736733055,0.5328980994506215,0.9235508413349148,0.8036520351508138,0.21587398930093465,0.11748951590342414,1,1,1,1,0,0,1,
0805200420168,S14,1,2026-09-11 21:41:32.172792+00:00,,,,,UBE 850T-2,PLC_COMMUNICATION_FAILED_PLC circuit open until 2026-08-05T21:25:52.550Z,,0.6580192529882987,0.2753339054524161,0.5691884008580761,0.7628196527019224,0.7703350710135233,0.33609739343379774,1,0,1,1,1,0,1,
0805200620170,S14,1,2026-09-11 21:41:52.238213+00:00,,,,,UBE 850T-2,PLC_COMMUNICATION_FAILED_PLC packet timeout,,0.6617475143999374,0.2744744021562149,0.5777015154165599,0.7637890169921757,0.7583305735722551,0.8112748729040945,1,0,1,1,1,1,1,
0805200820171,S14,1,2026-09-12 09:44:09.113274+00:00,,,,,UBE 850T-2,PLC_COMMUNICATION_FAILED_PLC packet timeout,,0.6637244646218001,0.7629009142846532,0.3320538700571207,0.4920522040604347,0.7528000188144386,0.8983025420968411,1,1,0,1,1,1,1,
0805201220175,S14,1,2026-09-12 09:45:27.056978+00:00,,,,,UBE 850T-2,PLC_COMMUNICATION_FAILED_PLC circuit open until 2026-08-06T01:22:00.496Z,,0.5354196550201591,0.328063873350511,0.7306541856744222,0.8301039448479586,0.2497518664455086,0.09750845578593884,1,0,1,1,0,0,1,
0805202320183,S14,1,2026-09-11 21:40:11.280503+00:00,,,,,UBE 850T-2,PLC_COMMUNICATION_FAILED_PLC circuit open until 2026-08-05T23:10:52.683Z,,0.38781609759643854,0.5328571071960991,0.3595849496665082,0.8477008973297742,0.7356913649449272,0.25324541537537526,0,1,0,1,1,0,1,
0805202420184,S14,1,2026-09-11 21:48:45.684019+00:00,,,,,UBE 850T-2,PLC_COMMUNICATION_FAILED_PLC packet timeout,,0.7424769694723273,0.6139249396066704,0.31032661865698286,0.3479648890400977,0.24710305786832643,0.15480584269420933,1,1,0,0,0,0,1,
0805203020189,S14,1,2026-09-11 21:47:53.158548+00:00,,,,,UBE 850T-2,PLC_COMMUNICATION_FAILED_PLC packet timeout,,0.8761188501670768,0.7626433280427093,0.6573081393787936,0.7022737112559423,0.7738585719791192,0.2524285915514232,1,1,1,1,1,0,1,
0805203220190,S14,1,2026-09-11 21:48:13.587971+00:00,,,,,UBE 850T-2,PLC_COMMUNICATION_FAILED_PLC packet timeout,,0.5135038578536489,0.763716760079483,0.2668848896979869,0.6329049820730404,0.7657813644635888,0.8356123910568527,1,1,0,1,1,1,1,
0805203420192,S14,1,2026-09-11 21:32:10.094228+00:00,,,,,UBE 850T-2,PLC_COMMUNICATION_FAILED_PLC circuit open until 2026-08-05T23:08:26.521Z,,0.6235045686882398,0.8446079018955789,0.6040618670127388,0.8246321496391333,0.8054396606348662,0.6353301725119499,1,1,1,1,1,1,1,
0805203920196,S14,1,2026-09-12 09:41:24.399971+00:00,,,,,UBE 850T-2,PLC_COMMUNICATION_FAILED_PLC packet timeout,,0.6445089188170217,0.8118141757749013,0.4343519084512611,0.6453430872213953,0.7606245645585956,0.19464688896045534,1,1,1,1,1,0,1,
0805204420200,S14,1,2026-09-12 09:43:07.518488+00:00,,,,,UBE 850T-2,PLC_COMMUNICATION_FAILED_PLC circuit open until 2026-08-06T00:58:17.797Z,,0.41024977788113093,0.8137771876121874,0.7942203817295574,0.5592456889206546,0.7335388667155397,0.1882081562423851,1,1,1,1,1,0,1,
0805204920204,S14,1,2026-09-12 09:40:36.851937+00:00,CRAM,P,P-2,Front,UBE 850T-2,Shrinkage,Shrinkage,0.8770118405527882,0.29795355348726216,0.6115066851263912,0.8491392511865317,0.7409263090986257,0.1684828912024486,1,0,1,1,1,0,1,1.0
0805205220206,S14,1,2026-09-12 09:42:26.342288+00:00,,,,,UBE 850T-2,PLC_COMMUNICATION_FAILED_PLC circuit open until 2026-08-06T01:55:57.350Z,,0.7285849509241735,0.28212907534774756,0.4541852744143154,0.6726242307733801,0.7358282525624346,0.8357903489226843,1,0,1,1,1,1,1,
0805205420208,S14,1,2026-09-11 21:29:16.377898+00:00,CR,R,R-1,Rear,UBE 850T-2,Bend,,0.5022785842664174,0.7233726230647091,0.4720317113152117,0.6689930459551934,0.8111066369831282,0.2700343711783687,1,1,1,1,1,0,1,
0805205720210,S14,1,2026-09-11 21:36:08.637373+00:00,,,,,UBE 850T-2,PLC_COMMUNICATION_FAILED_PLC circuit open until 2026-08-05T22:02:43.340Z,,0.5741485074011883,0.2923103432935559,0.4870017451220028,0.7069393779268054,0.7679129184924441,0.12035304881179651,1,0,1,1,1,0,1,
0805210320215,S14,1,2026-09-11 21:34:27.239417+00:00,,,,,UBE 850T-2,PLC_COMMUNICATION_FAILED_PLC circuit open until 2026-08-05T22:25:34.576Z,,0.7286091868745643,0.811294119218964,0.7528522070471334,0.7236620033248972,0.25267451932878143,0.1185006586341953,1,1,1,1,0,0,1,
0805210820219,S14,1,2026-09-12 09:40:57.593211+00:00,,,,,UBE 850T-2,PLC_COMMUNICATION_FAILED_PLC circuit open until 2026-08-06T03:16:52.094Z,,0.43807851431551637,0.8006589293188446,0.3851551862865982,0.7637905717230266,0.7775015399719607,0.16853421781082784,1,1,0,1,1,0,1,
0805210920220,S14,1,2026-09-11 21:31:49.713679+00:00,,,,,UBE 850T-2,PLC_COMMUNICATION_FAILED_PLC circuit open until 2026-08-05T23:07:33.061Z,,0.25341475539226505,0.8151847357865029,0.7545356657332154,0.667634739005587,0.7714463143230714,0.837175496020671,0,1,1,1,1,1,1,
0805211120221,S14,1,2026-09-11 21:34:47.598116+00:00,,,,,UBE 850T-2,PLC_COMMUNICATION_FAILED_PLC packet timeout,,0.6668838355425765,0.5784018192900662,0.8817169558512528,0.6700353418919476,0.7788921451509778,0.11904384159238258,1,1,1,1,1,0,1,
0805211220222,S14,1,2026-09-11 21:33:46.819574+00:00,,,,,UBE 850T-2,PLC_COMMUNICATION_FAILED_PLC packet timeout,,0.5328287926054518,0.7596972386915751,0.3254655952011434,0.7945029789538696,0.7640088547916389,0.6266312736509982,1,1,0,1,1,1,1,
0805213620230,S14,1,2026-09-12 09:42:05.591209+00:00,,,,,UBE 850T-2,PLC_COMMUNICATION_FAILED_PLC packet timeout,,0.4539330731565934,0.3000051993232518,0.46793467988555815,0.849683079884336,0.5142925175681847,0.16095146576449346,1,0,1,1,1,0,1,
0805214220235,S14,1,2026-09-12 09:42:46.770189+00:00,,,,,UBE 850T-2,PLC_COMMUNICATION_FAILED_PLC circuit open until 2026-08-06T00:58:17.797Z,,0.6615363077721219,0.6135680553812517,0.565200925709917,0.4088702292409439,0.4032211977451865,0.1543972448032816,1,1,1,1,1,0,1,
0805214320236,S14,1,2026-09-11 21:30:16.872621+00:00,,,,,UBE 850T-2,PLC_COMMUNICATION_FAILED_PLC circuit open until 2026-08-05T23:07:33.061Z,,0.5710135636328488,0.7673591509205452,0.2364294486132414,0.6186628719263361,0.576651217090046,0.8263145647413341,1,1,0,1,1,1,1,
0805214720239,S14,1,2026-09-12 09:43:27.958536+00:00,,,,,UBE 850T-2,PLC_COMMUNICATION_FAILED_PLC packet timeout,,0.7231154362084814,0.8229353979083258,0.784397080748245,0.8029351090861184,0.7974339963374816,0.5802222990720853,1,1,1,1,1,1,1,
0805215320244,S14,1,2026-09-11 21:35:48.211199+00:00,,,,,UBE 850T-2,PLC_COMMUNICATION_FAILED_PLC packet timeout,,0.6667290217465278,0.5927133979087058,0.4611553733290026,0.6690083421922177,0.7780312867752466,0.8334696980750627,1,1,1,1,1,1,1,
0805215720247,S14,1,2026-09-11 21:36:28.699925+00:00,,,,,UBE 850T-2,PLC_COMMUNICATION_FAILED_PLC packet timeout,,0.4499705262121222,0.8258678284693461,0.3775420516722689,0.849497243345771,0.7916340816695921,0.4459902819845144,1,1,0,1,1,1,1,
0805215820248,S14,1,2026-09-12 09:41:45.143494+00:00,,,,,UBE 850T-2,PLC_COMMUNICATION_FAILED_PLC packet timeout,,0.3927978522816411,0.82955718163026,0.5590014611968652,0.6131625804941843,0.820826413313789,0.8855238285471014,0,1,1,1,1,1,1,
0805215920249,S14,1,2026-09-11 21:28:52.016311+00:00,,,,,UBE 850T-2,PLC_COMMUNICATION_FAILED_PLC packet timeout,,0.2801800958480434,0.7585840255463561,0.3044452556418643,0.7175853384973179,0.7764003516237465,0.8378286682973534,0,1,0,1,1,1,1,
0805220120250,S14,1,2026-09-11 21:34:07.182473+00:00,,,,,UBE 850T-2,PLC_COMMUNICATION_FAILED_PLC circuit open until 2026-08-05T23:17:13.005Z,,0.4192434842410645,0.7406523785758304,0.7028270819107121,0.7620842542076902,0.733467515108324,0.5102904459162885,1,1,1,1,1,1,1,
0805220220251,S14,1,2026-09-11 21:33:10.469289+00:00,,,,,UBE 850T-2,PLC_COMMUNICATION_FAILED_PLC packet timeout,,0.4055973174230947,0.7216233657017402,0.5060893523379184,0.8037165958166901,0.7893451613721485,0.8928904042525421,1,1,1,1,1,1,1,
0805220320252,S14,1,2026-09-12 09:26:30.227345+00:00,CRAM,P,P-2,Front,UBE 850T-2,Porosity,Porosity,0.5328894860366816,0.614705253763182,0.4030852854732347,0.855535405800814,0.7846980603391677,0.8408870174862837,1,1,1,1,1,1,1,1.0
0805220420253,S14,1,2026-09-11 21:29:56.801249+00:00,,,,,UBE 850T-2,PLC_COMMUNICATION_FAILED_PLC circuit open until 2026-08-05T23:09:20.116Z,,0.5105028600292576,0.767215908566505,0.34046547240076164,0.8597398419157911,0.7804014743369282,0.8910581564414353,1,1,0,1,1,1,1,
0805220620254,S14,1,2026-09-11 21:30:37.244821+00:00,,,,,UBE 850T-2,PLC_COMMUNICATION_FAILED_PLC circuit open until 2026-08-05T23:23:12.780Z,,0.7431432330547582,0.8185772777840485,0.8930107835752586,0.7902204275432843,0.2545078745926491,0.837031122088164,1,1,1,1,0,1,1,
0805220720255,S14,1,2026-09-11 21:30:57.325256+00:00,,,,,UBE 850T-2,PLC_COMMUNICATION_FAILED_PLC packet timeout,,0.20885110361330161,0.29593645147646186,0.558593375433279,0.7236446624197119,0.7825479441636097,0.6313609914643945,0,0,1,1,1,1,1,
0805221120258,S14,1,2026-09-12 09:43:48.715227+00:00,,,,,UBE 850T-2,PLC_COMMUNICATION_FAILED_PLC packet timeout,,0.35403496054104644,0.29820121741788597,0.3695771920775548,0.19083233195727267,0.7655561171661678,0.6792783168649763,0,0,0,0,1,1,1,
0805221220259,S14,1,2026-09-11 21:31:29.651327+00:00,,,,,UBE 850T-2,PLC_COMMUNICATION_FAILED_PLC packet timeout,,0.39767471319680664,0.28368792083007266,0.29995345095213133,0.81398198252757,0.7723705012189617,0.6328021789349413,0,0,0,1,1,1,1,
0805221320260,S14,1,2026-09-11 21:35:07.672334+00:00,,,,,UBE 850T-2,PLC_COMMUNICATION_FAILED_PLC packet timeout,,0.2112191803044756,0.7574847387431662,0.5159747503706882,0.7511017340068745,0.7992446483884434,0.8319397693405816,0,1,1,1,1,1,1,
0805221720263,S14,1,2026-09-11 21:32:30.170200+00:00,,,,,UBE 850T-2,PLC_COMMUNICATION_FAILED_PLC packet timeout,,0.36451295439055,0.2746286691820077,0.7143512750838805,0.5707616683523145,0.7805327544353874,0.5612366575496969,0,0,1,1,1,1,1,
0805222320268,S14,1,2026-09-12 09:34:51.293636+00:00,,,,,UBE 850T-2,PLC_COMMUNICATION_FAILED_PLC circuit open until 2026-08-06T01:40:26.541Z,,0.4999800222237128,0.6961452036144559,0.5131836832004156,0.7887363061700683,0.8011022766497014,0.26969669685629966,1,1,1,1,1,0,1,
0805222520270,S14,1,2026-09-12 09:31:54.630894+00:00,,,,,UBE 850T-2,PLC_COMMUNICATION_FAILED_PLC circuit open until 2026-08-06T08:57:22.597Z,,0.6457740166154096,0.5797960937062301,0.6752224720827774,0.6436073347615097,0.7738553699128371,0.8380787226565974,1,1,1,1,1,1,1,
0805225020289,S14,1,2026-09-12 09:28:12.603892+00:00,,,,,UBE 850T-2,PLC_COMMUNICATION_FAILED_PLC circuit open until 2026-08-06T08:35:02.565Z,,0.5896811360766772,0.2906320838631763,0.66836982639796,0.8026577166212021,0.7925666480472944,0.24022565192346707,1,0,1,1,1,0,1,
0805225520292,S14,1,2026-09-12 09:27:11.073507+00:00,,,,,UBE 850T-2,PLC_COMMUNICATION_FAILED_PLC circuit open until 2026-08-06T07:54:21.563Z,,0.20865288568489987,0.2971017320370399,0.7563299524585874,0.7944831991541277,0.797098749707463,0.18822093444554366,0,0,1,1,1,0,1,
0805225620293,S14,1,2026-09-12 09:27:52.170478+00:00,,,,,UBE 850T-2,PLC_COMMUNICATION_FAILED_PLC packet timeout,,0.5052055890231062,0.614816831130548,0.5042886324246978,0.7099867346555703,0.8052189291098162,0.8315085153375686,1,1,1,1,1,1,1,
0805225820294,S14,1,2026-09-11 21:16:24.711794+00:00,CR,A,A-4,Top View,UBE 850T-2,Non-Filling,Non_filling,0.2525088574294495,0.5925777239708667,0.7721293861459454,0.8545556494555209,0.8102881011082452,0.7396829574469479,0,1,1,1,1,1,1,1.0
0805225920295,S14,1,2026-09-12 09:37:35.825441+00:00,,,,,UBE 850T-2,PLC_COMMUNICATION_FAILED_PLC packet timeout,,0.678760264864124,0.7673994179682961,0.7909724678454758,0.7228838436464659,0.8034212180035681,0.8412845714742638,1,1,1,1,1,1,1,
0805230020296,S14,1,2026-09-12 09:38:37.750288+00:00,,,,,UBE 850T-2,PLC_COMMUNICATION_FAILED_PLC packet timeout,,0.6859377351541838,0.8250756509609616,0.5471493220304852,0.7179991042404386,0.8067530699936367,0.6354448958466884,1,1,1,1,1,1,1,
0805230220297,S14,1,2026-09-12 09:37:56.574119+00:00,,,,,UBE 850T-2,PLC_COMMUNICATION_FAILED_PLC circuit open until 2026-08-06T01:43:10.062Z,,0.4008252010375994,0.29233743263447853,0.6432504782466992,0.7212845684921619,0.7943616061033211,0.5775302935363716,1,0,1,1,1,1,1,
0805230320298,S14,1,2026-09-12 09:33:49.709348+00:00,,,,,UBE 850T-2,PLC_COMMUNICATION_FAILED_PLC circuit open until 2026-08-06T01:35:45.041Z,,0.39904406847871327,0.578472668302112,0.4031493883488002,0.35762968542427614,0.7981175318180115,0.8303881243440379,0,1,1,0,1,1,1,
0805230820300,S14,1,2026-09-12 09:35:32.450987+00:00,,,,,UBE 850T-2,PLC_COMMUNICATION_FAILED_PLC circuit open until 2026-08-06T02:19:15.835Z,,0.036216187246285975,0.8232490802969195,0.3295983366265097,0.7325887041591169,0.8360447714203356,0.6871444687697486,0,1,0,1,1,1,1,
0805231020302,S14,1,2026-09-11 21:20:31.497834+00:00,CR,A,A-4,Top View,UBE 850T-2,Non-Filling,Non_filling,0.6542792212471376,0.2808782361604667,0.6892441866597542,0.7208886026650821,0.7942641173204946,0.8862203278391325,1,0,1,1,1,1,1,1.0
0805231320304,S14,1,2026-09-12 09:31:33.892729+00:00,,,,,UBE 850T-2,PLC_COMMUNICATION_FAILED_PLC circuit open until 2026-08-06T08:01:29.901Z,,0.8171887434702397,0.5290350070090812,0.6148329287696188,0.8172189146691368,0.8134626087376431,0.8886416736887479,1,1,1,1,1,1,1,
0805231620307,S14,1,2026-09-12 09:30:11.890213+00:00,,,,,UBE 850T-2,PLC_COMMUNICATION_FAILED_PLC packet timeout,,0.666998954000677,0.28375978259723633,0.2965652016925172,0.7811286798038309,0.7941952222741625,0.8855142310647275,1,0,0,1,1,1,1,
0805231820308,S14,1,2026-09-12 09:30:32.602401+00:00,,,,,UBE 850T-2,PLC_COMMUNICATION_FAILED_PLC packet timeout,,0.8779365777309389,0.763146568879815,0.7048162070801494,0.7235362495658872,0.792188172038735,0.8990625702664553,1,1,1,1,1,1,1,
0805231920309,S14,1,2026-09-12 09:32:15.064670+00:00,,,,,UBE 850T-2,PLC_COMMUNICATION_FAILED_PLC packet timeout,,0.5200918857013894,0.7597815891297672,0.8527576160733358,0.7611424056356403,0.8055977653344589,0.8373804765195036,1,1,1,1,1,1,1,
0805232020310,S14,1,2026-09-12 12:08:13.133366+00:00,,,,,UBE 850T-2,PLC_COMMUNICATION_FAILED_PLC circuit open until 2026-08-07T03:15:29.374Z,,0.8797494036726198,0.5778723976611688,0.3822769446091598,0.4669081531116813,0.8007756700122771,0.9017157090815927,1,1,0,1,1,1,1,
0805232120311,S14,1,2026-09-12 09:29:51.464679+00:00,,,,,UBE 850T-2,PLC_COMMUNICATION_FAILED_PLC circuit open until 2026-08-06T08:35:02.565Z,,0.8229455117442595,0.7243105399137315,0.2825512217477025,0.31909747493341933,0.7991028856033324,0.9182260883766076,1,1,0,0,1,1,1,
0805232520314,S14,1,2026-09-12 09:39:18.900954+00:00,,,,,UBE 850T-2,PLC_COMMUNICATION_FAILED_PLC packet timeout,,0.6645570481425582,0.7675192933846442,0.34140259087049674,0.6721025024801293,0.8167277043005619,0.9044252623444589,1,1,0,1,1,1,1,
0805232620315,S14,1,2026-09-12 09:40:00.038123+00:00,,,,,UBE 850T-2,PLC_COMMUNICATION_FAILED_PLC circuit open until 2026-08-06T02:16:44.994Z,,0.5017928875867566,0.599102185043658,0.7505387071763032,0.645944373644316,0.7949735303263022,0.6337345125321551,1,1,1,1,1,1,1,
0805232820316,S14,1,2026-09-12 09:40:20.477684+00:00,,,,,UBE 850T-2,PLC_COMMUNICATION_FAILED_PLC circuit open until 2026-08-06T04:20:13.901Z,,0.4618399982647614,0.28904126945031244,0.5250813459953135,0.8186992507933756,0.7837966083161075,0.8314447525839397,1,0,1,1,1,1,1,
0805232920317,S14,1,2026-09-12 09:33:28.959451+00:00,,,,,UBE 850T-2,PLC_COMMUNICATION_FAILED_PLC circuit open until 2026-08-06T01:56:54.787Z,,0.6046200096586722,0.592797135046765,0.679312019121337,0.5385338334561005,0.7963023445762855,0.631959805083144,1,1,1,1,1,1,1,
0805233520322,S14,1,2026-09-12 09:34:10.148261+00:00,,,,,UBE 850T-2,PLC_COMMUNICATION_FAILED_PLC packet timeout,,0.825457785183012,0.8304267417915763,0.6142452354463005,0.6195414631573289,0.8034817434786793,0.8897101599450674,1,1,1,1,1,1,1,
0805233620323,S14,1,2026-09-12 09:35:12.021238+00:00,,,,,UBE 850T-2,PLC_COMMUNICATION_FAILED_PLC packet timeout,,0.3993570338276198,0.2997661388114946,0.3964000120768958,0.8256370739729477,0.7337492082535243,0.8035171186161993,0,0,0,1,1,1,1,
0805233820324,S14,1,2026-09-11 21:25:17.926342+00:00,,,,,UBE 850T-2,PLC_COMMUNICATION_FAILED_PLC packet timeout,,0.4919716632865928,0.832995821986888,0.5593398637717493,0.6196458518908676,0.7965591986831362,0.8326156969622005,1,1,1,1,1,1,1,
0805234020326,S14,1,2026-09-12 09:37:15.420757+00:00,,,,,UBE 850T-2,PLC_COMMUNICATION_FAILED_PLC circuit open until 2026-08-06T02:16:44.994Z,,0.5016122193887924,0.7605405484078447,0.32234345934855646,0.7594412849155378,0.785622733687708,0.8111335131638411,1,1,0,1,1,1,1,
0805234320328,S14,1,2026-09-11 21:24:57.543302+00:00,,,,,UBE 850T-2,PLC_COMMUNICATION_FAILED_PLC packet timeout,,0.18856734421039142,0.30188353620925384,0.43709487875201625,0.48200624460318553,0.7763830471171816,0.16172319124672904,0,0,1,1,1,0,1,
0805234520330,S14,1,2026-09-11 21:24:37.459186+00:00,,,,,UBE 850T-2,PLC_COMMUNICATION_FAILED_PLC packet timeout,,0.41447927931788764,0.7574296192300485,0.5704995906262859,0.670295077358872,0.7838321636472034,0.629360963736938,1,1,1,1,1,1,1,
0805235120334,S14,1,2026-09-12 09:26:50.491657+00:00,,,,,UBE 850T-2,PLC_COMMUNICATION_FAILED_PLC packet timeout,,0.6692024308533889,0.8174144192956185,0.5173376392582676,0.348232551699987,0.7701347676738247,0.15393570880078603,1,1,1,0,1,0,1,
0805235620338,S14,1,2026-09-12 09:35:53.156377+00:00,,,,,UBE 850T-2,PLC_COMMUNICATION_FAILED_PLC packet timeout,,0.721626659815953,0.7213790926507839,0.5509898820486356,0.6707819737766751,0.8367306280795807,0.16848068943493905,1,1,1,1,1,0,1,
0805235720339,S14,1,2026-09-12 09:26:13.676261+00:00,,,,,UBE 850T-2,PLC_COMMUNICATION_FAILED_PLC packet timeout,,0.6202283267134221,0.29798040457478886,0.5884695835636904,0.8496278954482629,0.8071757070935158,0.9059406923372565,1,0,1,1,1,1,1,
0805235820340,S14,1,2026-09-12 09:25:53.372022+00:00,,,,,UBE 850T-2,PLC_COMMUNICATION_FAILED_PLC circuit open until 2026-08-06T08:39:40.010Z,,0.5783705072285041,0.4305352482967123,0.7051102600273533,0.8597517137047173,0.8129110761079869,0.8322895193756097,1,1,1,1,1,1,1,
0806000120342,S14,1,2026-09-12 09:28:33.335439+00:00,,,,,UBE 850T-2,PLC_COMMUNICATION_FAILED_PLC packet timeout,,0.7050230512585786,0.5283526933143121,0.6814708402394102,0.8602562165490404,0.8232503036737165,0.826129361853772,1,1,1,1,1,1,1,
0806000320344,S14,1,2026-09-12 09:34:30.873427+00:00,,,,,UBE 850T-2,PLC_COMMUNICATION_FAILED_PLC circuit open until 2026-08-06T02:04:09.140Z,,0.6593620086592985,0.27667286469402835,0.33932989687187404,0.7590776920576056,0.8260325181828352,0.8788689715793503,1,0,0,1,1,1,1,
0806000620346,S14,1,2026-09-12 09:27:31.438669+00:00,,,,,UBE 850T-2,PLC_COMMUNICATION_FAILED_PLC packet timeout,,0.40446803410142185,0.28759857690890034,0.25095520559918927,0.6124587272624524,0.5249308229049803,0.6292056957595143,1,0,0,1,1,1,1,
0806000820348,S14,1,2026-09-12 09:36:13.536771+00:00,,,,,UBE 850T-2,PLC_COMMUNICATION_FAILED_PLC packet timeout,,0.5706669064486593,0.2910537980493861,0.3519735850657457,0.8339422462152222,0.8121500446950575,0.8073581820331275,1,0,0,1,1,1,1,
0806001520353,S14,1,2026-09-12 12:07:51.771257+00:00,,,,,UBE 850T-2,PLC_COMMUNICATION_FAILED_PLC circuit open until 2026-08-07T03:21:56.885Z,,0.8788437896380381,0.7629579438302168,0.6038258947323238,0.8307032228369178,0.8183394917930071,0.8964514812278587,1,1,1,1,1,1,1,
0806001620354,S14,1,2026-09-12 09:30:53.027374+00:00,,,,,UBE 850T-2,PLC_COMMUNICATION_FAILED_PLC packet timeout,,0.8741093023123044,0.4304635293743245,0.5809400893043278,0.3318665614927938,0.8168416458068423,0.888260250557245,1,1,1,0,1,1,1,
0806002120358,S14,1,2026-09-12 09:28:53.762373+00:00,,,,,UBE 850T-2,PLC_COMMUNICATION_FAILED_PLC circuit open until 2026-08-06T08:48:14.827Z,,0.6411190590240188,0.7666522919802625,0.2275742913976875,0.8340025530551864,0.7880733573192114,0.9211345292507727,1,1,0,1,1,1,1,
0806002420360,S14,1,2026-09-12 09:36:54.717150+00:00,,,,,UBE 850T-2,PLC_COMMUNICATION_FAILED_PLC circuit open until 2026-08-06T02:18:11.146Z,,0.6542714604895837,0.2771389049841758,0.4277003334393154,0.8253821318579386,0.8146343096534361,0.8740152604034415,1,0,1,1,1,1,1,
0806002520361,S14,1,2026-09-12 09:29:30.716016+00:00,,,,,UBE 850T-2,PLC_COMMUNICATION_FAILED_PLC circuit open until 2026-08-06T08:00:23.735Z,,0.4274683862863013,0.5784338402844252,0.389883058584567,0.6922679642379053,0.8041786038843695,0.9074419801579958,1,1,0,1,1,1,1,
0806002720363,S14,1,2026-09-12 09:39:39.301389+00:00,,,,,UBE 850T-2,PLC_COMMUNICATION_FAILED_PLC circuit open until 2026-08-06T01:36:47.929Z,,0.3943736954837212,0.5916056681570576,0.49963802737400764,0.8177155184703186,0.828186495566738,0.8328735054134512,0,1,1,1,1,1,1,
0806002920364,S14,1,2026-09-12 09:32:35.791441+00:00,,,,,UBE 850T-2,PLC_COMMUNICATION_FAILED_PLC packet timeout,,0.2536705051481183,0.5976544728659202,0.5737593748509604,0.8477243902710618,0.8009977080373352,0.11885571388223228,0,1,1,1,1,0,1,
0806003020365,S14,1,2026-09-12 09:36:34.320568+00:00,,,,,UBE 850T-2,PLC_COMMUNICATION_FAILED_PLC circuit open until 2026-08-06T01:42:11.236Z,,0.2912920236515215,0.3006863953978357,0.5401003762089108,0.8150639625338343,0.7903681769202314,0.5657205944064511,0,0,1,1,1,1,1,
0806003120366,S14,1,2026-09-12 09:38:17.002553+00:00,,,,,UBE 850T-2,PLC_COMMUNICATION_FAILED_PLC packet timeout,,0.4009419709802046,0.2936263033146864,0.6459805241191336,0.6835103331773106,0.7869198579194414,0.63345133048943,1,0,1,1,1,1,1,
0806003220367,S14,1,2026-09-12 09:38:58.175551+00:00,,,,,UBE 850T-2,PLC_COMMUNICATION_FAILED_PLC packet timeout,,0.2801014769508188,0.2997899663266397,0.5271521896437728,0.7610873153822117,0.7893236351238379,0.7267160618678224,0,0,1,1,1,1,1,
0806004620373,S14,1,2026-09-12 09:23:14.056912+00:00,,,,,UBE 850T-2,PLC_COMMUNICATION_FAILED_PLC packet timeout,,0.3945289812424291,0.759940143297743,0.523351209795477,0.8141243834714278,0.787039906501568,0.7271125407538404,0,1,1,1,1,1,1,
0806004720374,S14,1,2026-09-12 09:06:43.792135+00:00,,,,,UBE 850T-2,PLC_COMMUNICATION_FAILED_PLC circuit open until 2026-08-06T15:25:06.399Z,,0.8250131082883809,0.5974365494114979,0.9031450461235448,0.619015305433129,0.7860379489938738,0.8111423202113227,1,1,1,1,1,1,1,
0806010420385,S14,1,2026-09-12 09:20:02.511635+00:00,,,,,UBE 850T-2,PLC_COMMUNICATION_FAILED_PLC packet timeout,,0.6838664842775768,0.5788720474547235,0.5848618903913073,0.690171715368224,0.8132055437306888,0.2479489881736547,1,1,1,1,1,0,1,
0806010620386,S14,1,2026-09-12 09:22:00.687270+00:00,,,,,UBE 850T-2,PLC_COMMUNICATION_FAILED_PLC circuit open until 2026-08-06T08:51:23.925Z,,0.5053052115105159,0.5266101961474696,0.5036454014754201,0.8201262029647536,0.8145572593751028,0.25203557717607405,1,1,1,1,1,0,1,
0806010720387,S14,1,2026-09-12 09:06:02.954194+00:00,,,,,UBE 850T-2,PLC_COMMUNICATION_FAILED_PLC packet timeout,,0.4884325786718821,0.30043010930492214,0.7872211805470131,0.7277733576911964,0.5797422261489488,0.803869639882408,1,0,1,1,1,1,1,
0806010920389,S14,1,2026-09-12 09:24:56.436512+00:00,,,,,UBE 850T-2,PLC_COMMUNICATION_FAILED_PLC circuit open until 2026-08-06T08:50:31.628Z,,0.3672536696040674,0.42990403265110655,0.417438229801833,0.7943575697458591,0.7992243536493326,0.40200576863570925,0,1,1,1,1,1,1,
0806011220391,S14,1,2026-09-12 09:09:41.824005+00:00,CR,J,J-1,Left Side,UBE 850T-2,Shrinkage,Shrinkage,0.2522317178674943,0.7624373998417955,0.7590015790253783,0.7625935389966589,0.7936992129135956,0.8317878540555652,0,1,1,1,1,1,1,1.0
0806012320394,S14,1,2026-09-12 09:16:42.433470+00:00,,,,,UBE 850T-2,PLC_COMMUNICATION_FAILED_PLC packet timeout,,0.20903875013148443,0.26771114006370345,0.3717417080006805,0.619831499192503,0.7765121926837425,0.5795927790931513,0,0,0,1,1,1,1,
0806012720397,S14,1,2026-09-12 09:15:41.289303+00:00,,,,,UBE 850T-2,PLC_COMMUNICATION_FAILED_PLC packet timeout,,0.210161012777312,0.29615752953160907,0.7054628075843151,0.7611533536319199,0.8068416607065925,0.14487592886877762,0,0,1,1,1,0,1,
0806012820398,S14,1,2026-09-12 09:21:24.084179+00:00,,,,,UBE 850T-2,PLC_COMMUNICATION_FAILED_PLC circuit open until 2026-08-06T08:31:19.167Z,,0.4096950105813336,0.7403722507231087,0.45261178941501545,0.6198812812125821,0.8000602371165186,0.11286736363304244,1,1,1,1,1,0,1,
0806013120400,S14,1,2026-09-12 09:22:37.290719+00:00,,,,,UBE 850T-2,PLC_COMMUNICATION_FAILED_PLC packet timeout,,0.3412743900411213,0.6948713405728116,0.652409678625077,0.8508410866340241,0.8165026523922005,0.3080063158381038,0,1,1,1,1,0,1,
0806013220401,S14,1,2026-09-12 09:23:54.909899+00:00,,,,,UBE 850T-2,PLC_COMMUNICATION_FAILED_PLC circuit open until 2026-08-06T08:46:39.213Z,,0.399417067295017,0.2910677745415557,0.5720879715951261,0.6955447934223078,0.7776402041731452,0.6325201354624368,0,0,1,1,1,1,1,
0806013420402,S14,1,2026-09-12 09:23:34.633508+00:00,,,,,UBE 850T-2,PLC_COMMUNICATION_FAILED_PLC circuit open until 2026-08-06T09:36:06.597Z,,0.6691425661147024,0.5924464592552452,0.7934352348994518,0.8533343472572235,0.4142695274944586,0.6351462512709672,1,1,1,1,1,1,1,
0806014020406,S14,1,2026-09-12 09:24:15.543847+00:00,,,,,UBE 850T-2,PLC_COMMUNICATION_FAILED_PLC packet timeout,,0.6649938783882016,0.7669853347098645,0.6990230450551755,0.7227572434283553,0.8178886568780135,0.8801193386515762,1,1,1,1,1,1,1,
0806014420409,S14,1,2026-09-12 09:20:43.268101+00:00,,,,,UBE 850T-2,PLC_COMMUNICATION_FAILED_PLC packet timeout,,0.43815277060856134,0.2861912492772236,0.5354859327567785,0.8605258352469587,0.8125978460804693,0.904389161738679,1,0,1,1,1,1,1,
0806014520410,S14,1,2026-09-12 09:24:35.855981+00:00,,,,,UBE 850T-2,PLC_COMMUNICATION_FAILED_PLC packet timeout,,0.40105698073515184,0.2864545730682515,0.3259575572332688,0.7621666681648045,0.8112302768110496,0.8375462535402145,1,0,0,1,1,1,1,
0806014720411,S14,1,2026-09-12 09:16:22.162020+00:00,,,,,UBE 850T-2,PLC_COMMUNICATION_FAILED_PLC packet timeout,,0.39881213224754253,0.5787094300934204,0.36377225331225127,0.761779743874786,0.8047154932299564,0.8781891361179677,0,1,0,1,1,1,1,
0806014820412,S14,1,2026-09-12 09:19:05.610937+00:00,,,,,UBE 850T-2,PLC_COMMUNICATION_FAILED_PLC circuit open until 2026-08-06T03:38:50.714Z,,0.25665901265103286,0.5293775002842983,0.3740498664529226,0.7626051589242258,0.8109677785200882,0.6123196760274083,0,1,0,1,1,1,1,
0806021020417,S14,1,2026-09-12 09:15:20.707922+00:00,,,,,UBE 850T-2,PLC_COMMUNICATION_FAILED_PLC circuit open until 2026-08-06T03:25:52.290Z,,0.5158870878598586,0.6150358432161955,0.3643677318036146,0.6724528441877102,0.8121728645918964,0.877440821530151,1,1,0,1,1,1,1,
0806021320419,S14,1,2026-09-12 09:17:23.290392+00:00,,,,,UBE 850T-2,PLC_COMMUNICATION_FAILED_PLC circuit open until 2026-08-06T03:19:51.783Z,,0.4664535706425447,0.7578587501647718,0.7371510815304673,0.6688305813304969,0.7991253053477595,0.8336455786987569,1,1,1,1,1,1,1,
0806021420420,S14,1,2026-09-12 09:21:03.855058+00:00,,,,,UBE 850T-2,PLC_COMMUNICATION_FAILED_PLC packet timeout,,0.38757990740059445,0.6129915909220247,0.8314792913852999,0.8513843256768845,0.7889102334166239,0.8308456918544552,0,1,1,1,1,1,1,
0806021820423,S14,1,2026-09-12 09:18:04.153491+00:00,,,,,UBE 850T-2,PLC_COMMUNICATION_FAILED_PLC packet timeout,,0.5327410197369697,0.7446427165966489,0.5132169700389095,0.8491313509960954,0.7979996010917246,0.25511276002676103,1,1,1,1,1,0,1,
0806021920424,S14,1,2026-09-12 09:17:03.025134+00:00,,,,,UBE 850T-2,PLC_COMMUNICATION_FAILED_PLC packet timeout,,0.7405292382466069,0.832486795709867,0.417617444963817,0.7184085097104291,0.8075234578343129,0.15464496870460065,1,1,1,1,1,0,1,
0806022020425,S14,1,2026-09-12 09:16:01.574590+00:00,,,,,UBE 850T-2,PLC_COMMUNICATION_FAILED_PLC packet timeout,,0.5050004495025281,0.7585015487158332,0.438528838129273,0.6699922817980559,0.7825459489732679,0.11442864704043657,1,1,1,1,1,0,1,
0806022120426,S14,1,2026-09-12 09:07:44.903217+00:00,,,,,UBE 850T-2,PLC_COMMUNICATION_FAILED_PLC packet timeout,,0.44856652508112776,0.757941120520017,0.5639492688357552,0.48566336974187385,0.7868073691725302,0.114025125504044,1,1,1,1,1,0,1,
0806022420428,S14,1,2026-09-12 09:14:23.552620+00:00,,,,,UBE 850T-2,PLC_COMMUNICATION_FAILED_PLC circuit open until 2026-08-06T03:23:23.600Z,,0.5049377847444092,0.4251105179450689,0.579437246964616,0.35942211049301165,0.7866925885554276,0.5678372424545293,1,1,1,0,1,1,1,
0806022520429,S14,1,2026-09-12 09:05:22.174142+00:00,CRAM,E,E-2,Bottom View,UBE 850T-2,M14 Face Blow Hole,Blow_Hole,0.6542066701375514,0.2868060899241675,0.4646646153825165,0.25964077214401476,0.7661997974217457,0.6271940483597462,1,0,1,0,1,1,1,1.0
0806022720430,S14,1,2026-09-12 09:18:44.993273+00:00,,,,,UBE 850T-2,PLC_COMMUNICATION_FAILED_PLC circuit open until 2026-08-06T03:35:17.079Z,,0.5781157857331909,0.5793971825480064,0.7889465947289807,0.5085835975176659,0.7932324381064022,0.10987138538651703,1,1,1,1,1,0,1,
0806022820431,S14,1,2026-09-12 09:20:23.044210+00:00,,,,,UBE 850T-2,PLC_COMMUNICATION_FAILED_PLC packet timeout,,0.3991665267770379,0.5995590942200173,0.5064315066368611,0.69298040428263,0.8169567004750661,0.15415091134019887,0,1,1,1,1,0,1,
0806022920432,S14,1,2026-09-12 09:07:24.629810+00:00,,,,,UBE 850T-2,PLC_COMMUNICATION_FAILED_PLC packet timeout,,0.20843163001795145,0.2660051150187409,0.6928091888035202,0.6336561920865241,0.7749064219241054,0.15484068421648287,0,0,1,1,1,0,1,
0806023120433,S14,1,2026-09-12 09:17:43.865924+00:00,,,,,UBE 850T-2,PLC_COMMUNICATION_FAILED_PLC packet timeout,,0.28008693835515003,0.26638989698054893,0.414098593225326,0.3214855912736822,0.7404257688590782,0.11834485207681136,0,0,1,0,1,0,1,
0806023420435,S14,1,2026-09-12 09:18:24.726277+00:00,,,,,UBE 850T-2,PLC_COMMUNICATION_FAILED_PLC packet timeout,,0.41956141995902635,0.5240305008965307,0.2343578897452935,0.7220307095847869,0.817756389871154,0.1684968689872017,1,1,0,1,1,0,1,
0806023620437,S14,1,2026-09-12 09:15:00.436647+00:00,CRAM,P,P-2,Front,UBE 850T-2,Porosity,Porosity,0.5109584797553213,0.2913335204905859,0.5963162060398708,0.794781948992863,0.7875327924638112,0.6293580911979416,1,0,1,1,1,1,1,1.0
0806023820438,S14,1,2026-09-12 09:05:42.426228+00:00,,,,,UBE 850T-2,PLC_COMMUNICATION_FAILED_PLC circuit open until 2026-08-06T15:38:58.108Z,,0.405596799193081,0.2810391910703016,0.3332202372932,0.8309129002762847,0.8185617919000864,0.8311957672701329,1,0,0,1,1,1,1,
0806023920439,S14,1,2026-09-12 09:10:22.662759+00:00,,,,,UBE 850T-2,PLC_COMMUNICATION_FAILED_PLC circuit open until 2026-08-06T03:43:11.668Z,,0.34126143139196263,0.5920880132711817,0.6778303580159034,0.7250739312200493,0.7968247041929544,0.8896249924910522,0,1,1,1,1,1,1,
0806024420443,S14,1,2026-09-12 09:14:44.165309+00:00,,,,,UBE 850T-2,PLC_COMMUNICATION_FAILED_PLC packet timeout,,0.5326988221331672,0.25684950275889223,0.5102913329341461,0.5979283237180486,0.7999643508169801,0.8925123045299989,1,0,1,1,1,1,1,
0806025520450,S14,1,2026-09-12 09:19:25.890595+00:00,,,,,UBE 850T-2,PLC_COMMUNICATION_FAILED_PLC packet timeout,,0.18675731941533194,0.2761407154059195,0.7084911429634669,0.6747530818644911,0.7732598785364821,0.7395965079472852,0,0,1,1,1,1,1,
0806025920454,S14,1,2026-09-12 08:46:59.600685+00:00,,,,,UBE 850T-2,PLC_COMMUNICATION_FAILED_PLC packet timeout,,0.42292707575887084,0.5981077911146246,0.7931966544657385,0.8459435751860238,0.8216127380540978,0.40240337770815543,1,1,1,1,1,1,1,
0806030220456,S14,1,2026-09-12 09:22:53.810673+00:00,CRAM,P,P-2,Front,UBE 850T-2,Porosity,Porosity,0.41708202254478477,0.29761236984299166,0.5147510118448033,0.6190597619292486,0.781186284479909,0.6265585040871237,1,0,1,1,1,1,1,1.0
0806030320457,S14,1,2026-09-12 09:08:08.077346+00:00,,,,,UBE 850T-2,PLC_COMMUNICATION_FAILED_PLC circuit open until 2026-08-06T04:43:23.776Z,,0.5207288684792142,0.29492784923191906,0.4322960683915227,0.3572569136452141,0.7826632049701245,0.08880668156950826,1,0,1,0,1,0,1,
0806030620459,S14,1,2026-09-12 09:12:04.896207+00:00,,,,,UBE 850T-2,PLC_COMMUNICATION_FAILED_PLC circuit open until 2026-08-06T03:34:17.669Z,,0.7175383582781628,0.8131826981189751,0.6069121609517701,0.750663260548606,0.7970114513007752,0.44867866805550227,1,1,1,1,1,1,1,
0806030720460,S14,1,2026-09-12 09:14:03.241402+00:00,,,,,UBE 850T-2,PLC_COMMUNICATION_FAILED_PLC circuit open until 2026-08-06T03:49:20.702Z,,0.5691944409298646,0.5794821432280755,0.5116255250584111,0.4942087799558703,0.7947327992104878,0.9031739435184873,1,1,1,1,1,1,1,
0806030820461,S14,1,2026-09-12 09:11:24.079680+00:00,,,,,UBE 850T-2,PLC_COMMUNICATION_FAILED_PLC circuit open until 2026-08-06T03:49:20.702Z,,0.5155881720664784,0.7404071454484686,0.4727936201223342,0.6817563649312527,0.7984865295096247,0.15951458917160627,1,1,1,1,1,0,1,
0806030920462,S14,1,2026-09-12 09:12:45.728312+00:00,,,,,UBE 850T-2,PLC_COMMUNICATION_FAILED_PLC circuit open until 2026-08-06T03:35:17.079Z,,0.4600548929179245,0.5915020712255397,0.5694780624739038,0.8174921200794327,0.819304419785427,0.8372009603004879,1,1,1,1,1,1,1,
0806031220464,S14,1,2026-09-12 09:09:05.071264+00:00,CR,C,C-1,Top View,UBE 850T-2,Chip-off,Chipoff,0.6690812573604183,0.5331409595904547,0.34256070092115964,0.7625709323219394,0.8052283676119553,0.9117359518685274,1,1,0,1,1,1,1,1.0
0806031720468,S14,1,2026-09-12 09:10:43.233251+00:00,,,,,UBE 850T-2,PLC_COMMUNICATION_FAILED_PLC circuit open until 2026-08-06T04:19:14.111Z,,0.6645948687954287,0.42872625245461066,0.6542381279098046,0.8556441685543039,0.8153725364203317,0.6310398289105829,1,1,1,1,1,1,1,
0806031820469,S14,1,2026-09-12 09:09:25.591704+00:00,,,,,UBE 850T-2,PLC_COMMUNICATION_FAILED_PLC packet timeout,,0.669204077857662,0.2744706384924406,0.5798953654107339,0.6957353122134818,0.8060389964899628,0.8749547751412672,1,0,1,1,1,1,1,
0806031920470,S14,1,2026-09-12 09:13:42.658402+00:00,,,,,UBE 850T-2,PLC_COMMUNICATION_FAILED_PLC packet timeout,,0.515672026106675,0.25905178590522504,0.4177387620496366,0.49898823040542084,0.78998709500292,0.8904761569197475,1,0,1,1,1,1,1,
0806032120471,S14,1,2026-09-12 09:13:05.987840+00:00,,,,,UBE 850T-2,PLC_COMMUNICATION_FAILED_PLC packet timeout,,0.22558489080944324,0.28975607146778637,0.1756049095394779,0.4118751655220826,0.7954493437636904,0.8331265063865225,0,0,0,1,1,1,1,
0806032320473,S14,1,2026-09-12 08:54:40.337321+00:00,CRAM,E,E-2,Bottom View,UBE 850T-2,Porosity,Porosity,0.3982725996956322,0.29238760221541443,0.5545214745426257,0.8343187663837816,0.797695397514242,0.6309466745561834,0,0,1,1,1,1,1,1.0
0806032520474,S14,1,2026-09-12 09:08:28.306973+00:00,,,,,UBE 850T-2,PLC_COMMUNICATION_FAILED_PLC packet timeout,,0.39442815964652655,0.2826716698872989,0.4890482972544553,0.7973946951769779,0.8173951246812057,0.15462429799137187,0,0,1,1,1,0,1,
0806032620475,S14,1,2026-09-12 09:12:25.160171+00:00,,,,,UBE 850T-2,PLC_COMMUNICATION_FAILED_PLC circuit open until 2026-08-06T03:56:17.976Z,,0.4980411487151084,0.7606005948895165,0.7532372718630961,0.5707049942398158,0.7960440304350186,0.15577731892073884,1,1,1,1,1,0,1,
0806032720476,S14,1,2026-09-12 09:08:48.839254+00:00,,,,,UBE 850T-2,PLC_COMMUNICATION_FAILED_PLC packet timeout,,0.8803106440869654,0.6126253125115391,0.7908185286212774,0.6198517490835858,0.8208507697141397,0.8368474645136424,1,1,1,1,1,1,1,
0806032820477,S14,1,2026-09-12 09:06:23.213881+00:00,,,,,UBE 850T-2,PLC_COMMUNICATION_FAILED_PLC circuit open until 2026-08-06T12:57:04.402Z,,0.874456922618142,0.7412717764228246,0.7998810120613071,0.5384476769959063,0.7873188708375173,0.229950381869431,1,1,1,1,1,0,1,
0806033120479,S14,1,2026-09-12 09:10:02.399015+00:00,,,,,UBE 850T-2,PLC_COMMUNICATION_FAILED_PLC circuit open until 2026-08-06T03:50:09.543Z,,0.3929680835160628,0.5983916192569488,0.5661549908234551,0.8325810062614161,0.7876660703073405,0.1868589006914385,0,1,1,1,1,0,1,
0806033420481,S14,1,2026-09-12 09:11:44.327632+00:00,,,,,UBE 850T-2,PLC_COMMUNICATION_FAILED_PLC circuit open until 2026-08-06T03:44:11.710Z,,0.8236123816616281,0.6137011064634943,0.5209785667664896,0.13129719005391424,0.8000603650525859,0.8947275326781579,1,1,1,0,1,1,1,
0806033620483,S14,1,2026-09-12 09:07:04.059281+00:00,,,,,UBE 850T-2,PLC_COMMUNICATION_FAILED_PLC circuit open until 2026-08-06T15:20:11.865Z,,0.5852221424059454,0.7432939258194362,0.5457430011687172,0.5707871232296751,0.807108908401411,0.7232421427575166,1,1,1,1,1,1,1,
0806033720484,S14,1,2026-09-12 09:11:03.499495+00:00,,,,,UBE 850T-2,PLC_COMMUNICATION_FAILED_PLC packet timeout,,0.723172285920363,0.5926657243799076,0.630352483416326,0.8093053674693933,0.8192152786627124,0.7900868428739005,1,1,1,1,1,1,1,
0806034020486,S14,1,2026-09-12 09:04:45.361130+00:00,,,,,UBE 850T-2,PLC_COMMUNICATION_FAILED_PLC packet timeout,,0.1853297865431622,0.2798770561325505,0.44771761768696633,0.6424028041203328,0.762525253786671,0.0916649973705698,0,0,1,1,1,0,1,
0806034620491,S14,1,2026-09-12 09:05:05.627986+00:00,,,,,UBE 850T-2,PLC_COMMUNICATION_FAILED_PLC circuit open until 2026-08-06T16:29:37.188Z,,0.8795541435913493,0.8196397491724818,0.787241163784989,0.6931136929011048,0.7894545012125146,0.8363154758124769,1,1,1,1,1,1,1,
0806034920493,S14,1,2026-09-12 08:51:12.302970+00:00,,,,,UBE 850T-2,PLC_COMMUNICATION_FAILED_PLC circuit open until 2026-08-06T10:20:18.689Z,,0.644603230763472,0.5920318691542138,0.8151903492458707,0.40158915426479047,0.7925386262977698,0.1537087922292178,1,1,1,1,1,0,1,
0806035020494,S14,1,2026-09-12 09:01:12.862776+00:00,,,,,UBE 850T-2,PLC_COMMUNICATION_FAILED_PLC packet timeout,,0.6648123999386604,0.5794390437259086,0.6186816885683962,0.41104984790517474,0.7856560039335888,0.5809263021214349,1,1,1,1,1,1,1,
0806035120495,S14,1,2026-09-12 08:58:00.437480+00:00,,,,,UBE 850T-2,PLC_COMMUNICATION_FAILED_PLC packet timeout,,0.5783008802079831,0.5990725899325186,0.7529175132489494,0.6338312955671869,0.7969517907190253,0.15987901424969722,1,1,1,1,1,0,1,
0806035420497,S14,1,2026-09-12 08:58:21.050757+00:00,,,,,UBE 850T-2,PLC_COMMUNICATION_FAILED_PLC circuit open until 2026-08-06T15:22:31.419Z,,0.6877751122693339,0.5916253770494024,0.48724817972434037,0.4119452654758182,0.7861596484582378,0.5803037517268993,1,1,1,1,1,1,1,
0806035620499,S14,1,2026-09-12 08:51:53.163897+00:00,,,,,UBE 850T-2,PLC_COMMUNICATION_FAILED_PLC circuit open until 2026-08-06T10:13:55.557Z,,0.5785252386638482,0.577876529113298,0.4419074793714653,0.643393111820195,0.7679796837348499,0.8332306669865556,1,1,1,1,1,1,1,
0806040020502,S14,1,2026-09-12 08:57:19.566942+00:00,,,,,UBE 850T-2,PLC_COMMUNICATION_FAILED_PLC packet timeout,,0.5033643316542484,0.6136777090267197,0.32843100314218365,0.6699173315471574,0.8221819063664254,0.6331798888881182,1,1,0,1,1,1,1,
0806040120503,S14,1,2026-09-12 09:02:01.868087+00:00,,,,,UBE 850T-2,PLC_COMMUNICATION_FAILED_PLC circuit open until 2026-08-06T15:31:14.300Z,,0.6527877623777185,0.7248202179756063,0.47163464376072417,0.6376077016655289,0.8168955485887884,0.8799428645418151,1,1,1,1,1,1,1,
0806040420505,S14,1,2026-09-12 09:04:04.469017+00:00,,,,,UBE 850T-2,PLC_COMMUNICATION_FAILED_PLC circuit open until 2026-08-06T17:54:47.036Z,,0.42816138101816337,0.28168772459200053,0.5738037715005774,0.7595851090774924,0.8076632596582234,0.41508383054353454,1,0,1,1,1,1,1,
0806040720508,S14,1,2026-09-12 08:57:40.135475+00:00,,,,,UBE 850T-2,PLC_COMMUNICATION_FAILED_PLC circuit open until 2026-08-06T15:28:58.300Z,,0.8231012603699187,0.5295169468239526,0.6423837993552288,0.35824728744620554,0.8147184414766203,0.8344826735994323,1,1,1,0,1,1,1,
0806041120511,S14,1,2026-09-12 09:00:11.299447+00:00,,,,,UBE 850T-2,PLC_COMMUNICATION_FAILED_PLC packet timeout,,0.7425053662360881,0.532830650661893,0.7785738161625392,0.8574184860273413,0.7937555970813487,0.6324707316168743,1,1,1,1,1,1,1,
0806041220512,S14,1,2026-09-12 09:02:22.179944+00:00,,,,,UBE 850T-2,PLC_COMMUNICATION_FAILED_PLC packet timeout,,0.589536240667011,0.5331309077068557,0.523218857014476,0.6872426094299016,0.7803825610332217,0.8986694144578755,1,1,1,1,1,1,1,
0806041720516,S14,1,2026-09-12 09:03:43.894137+00:00,,,,,UBE 850T-2,PLC_COMMUNICATION_FAILED_PLC packet timeout,,0.4170333283247042,0.7611793235083856,0.7756365786782529,0.7595269840996601,0.7359956583807729,0.25087836269992503,1,1,1,1,1,0,1,
0806041920517,S14,1,2026-09-12 08:59:34.399726+00:00,,,,,UBE 850T-2,PLC_COMMUNICATION_FAILED_PLC packet timeout,,0.5187178935253873,0.5249324242519893,0.7395192365795209,0.8137637096903233,0.33657836175519046,0.2299998480130979,1,1,1,1,0,0,1,
0806042220520,S14,1,2026-09-12 09:03:03.058711+00:00,,,,,UBE 850T-2,PLC_COMMUNICATION_FAILED_PLC circuit open until 2026-08-06T15:35:52.322Z,,0.09443832268679611,0.720763400957108,0.5040498977441561,0.8254419000070562,0.25104262764055235,0.25288893859346834,0,1,1,1,0,0,1,
0806042620523,S14,1,2026-09-12 08:59:50.986153+00:00,CRAM,E,E-2,Bottom View,UBE 850T-2,Porosity,Porosity,0.39798824595598736,0.8256660768255241,0.579119944001122,0.6905259854579051,0.738228282612654,0.6291787438675328,0,1,1,1,1,1,1,1.0
0806042720524,S14,1,2026-09-12 09:00:52.226921+00:00,,,,,UBE 850T-2,PLC_COMMUNICATION_FAILED_PLC packet timeout,,0.2607597374839491,0.7656840913985138,0.4101150103975726,0.7630089133629083,0.7389674881758128,0.16120050002107977,0,1,1,1,1,0,1,
0806042920525,S14,1,2026-09-12 09:00:31.911928+00:00,,,,,UBE 850T-2,PLC_COMMUNICATION_FAILED_PLC packet timeout,,0.46652846320606584,0.597420551818543,0.48027466006504127,0.8196425486211479,0.7954550398477084,0.8360373833759576,1,1,1,1,1,1,1,
0806043120527,S14,1,2026-09-12 08:59:14.067245+00:00,,,,,UBE 850T-2,PLC_COMMUNICATION_FAILED_PLC packet timeout,,0.41980895410280117,0.29186052108207544,0.3938134831973426,0.8330987737876365,0.8149159854232298,0.8316638592477088,1,0,0,1,1,1,1,
0806043220528,S14,1,2026-09-12 08:49:06.043132+00:00,,,,,UBE 850T-2,PLC_COMMUNICATION_FAILED_PLC circuit open until 2026-08-06T11:30:08.751Z,,0.726507183718736,0.42893617489117025,0.5209759648661424,0.8538150250621583,0.8286772749153388,0.5816782909420769,1,1,1,1,1,1,1,
0806043420529,S14,1,2026-09-12 09:02:42.794804+00:00,,,,,UBE 850T-2,PLC_COMMUNICATION_FAILED_PLC circuit open until 2026-08-06T16:03:05.652Z,,0.547907736373254,0.7249965832343479,0.48241346527626516,0.6195340203268169,0.8313605689985678,0.9056669018069532,1,1,1,1,1,1,1,
0806043620531,S14,1,2026-09-12 09:01:41.245483+00:00,CRAM,E,E-2,Bottom View,UBE 850T-2,Porosity,Porosity,0.20800975915158768,0.7429875117306869,0.5470413258696594,0.7212772595215828,0.8117876490186459,0.8738850050351634,0,1,1,1,1,1,1,1.0
0806043720532,S14,1,2026-09-12 08:58:41.359025+00:00,,,,,UBE 850T-2,PLC_COMMUNICATION_FAILED_PLC circuit open until 2026-08-06T14:37:26.194Z,,0.3876140131905763,0.2856112240294407,0.7817840344861748,0.3482639798759529,0.8182482028367888,0.8853951254077725,0,0,1,0,1,1,1,
0806045020542,S14,1,2026-09-12 09:04:24.735234+00:00,,,,,UBE 850T-2,PLC_COMMUNICATION_FAILED_PLC circuit open until 2026-08-06T16:15:51.065Z,,0.2846744281851229,0.29676581459297624,0.4432911056828106,0.620308714485427,0.7656763368608396,0.8370078220371314,0,0,1,1,1,1,1,
0806045120543,S14,1,2026-09-12 09:03:23.629455+00:00,,,,,UBE 850T-2,PLC_COMMUNICATION_FAILED_PLC packet timeout,,0.2085297689417113,0.6944995073649285,0.42842571824012415,0.6719592498604088,0.7805890338918418,0.8919725243224121,0,1,1,1,1,1,1,
0806045520546,S14,1,2026-09-12 08:50:31.456166+00:00,,,,,UBE 850T-2,PLC_COMMUNICATION_FAILED_PLC circuit open until 2026-08-06T11:19:42.080Z,,0.26484559869645924,0.8254326009824312,0.18626502670098363,0.3345769138963661,0.7959267550911338,0.17023341886098786,0,1,0,0,1,0,1,
0806045620547,S14,1,2026-09-15 10:30:04.377112+00:00,CR,O,O-1,Front,UBE 850T-2,Chip-off,Chipoff,0.18934010360509815,0.7673848455790744,0.4473650445293581,0.6974621501359083,0.7883016710085172,0.841171258559557,0,1,1,1,1,1,1,1.0
0806045720548,S14,1,2026-09-12 08:52:54.554856+00:00,,,,,UBE 850T-2,PLC_COMMUNICATION_FAILED_PLC packet timeout,,0.42293944731084704,0.7668065656701885,0.8173543508802532,0.7442394811442783,0.783999418041417,0.8311522891443539,1,1,1,1,1,1,1,
0806045920549,S14,1,2026-09-12 08:50:11.185120+00:00,,,,,UBE 850T-2,PLC_COMMUNICATION_FAILED_PLC packet timeout,,0.8757822848597294,0.8313150154640084,0.5612632118518714,0.8173929594153497,0.8064866586482923,0.3077510559831943,1,1,1,1,1,0,1,
0806050720556,S14,1,2026-09-12 08:52:13.743236+00:00,,,,,UBE 850T-2,PLC_COMMUNICATION_FAILED_PLC packet timeout,,0.18464442304528592,0.7616930434120611,0.36648659072024314,0.8197094981190388,0.80487241586212,0.1535040021257083,0,1,0,1,1,0,1,
0806051420561,S14,1,2026-09-12 08:51:32.883983+00:00,,,,,UBE 850T-2,PLC_COMMUNICATION_FAILED_PLC packet timeout,,0.36406075338863536,0.7614851205551307,0.7894846480180417,0.7954190163146386,0.5755227889833581,0.15473428533427017,0,1,1,1,1,0,1,
0806051520562,S14,1,2026-09-12 08:53:51.444273+00:00,,,,,UBE 850T-2,PLC_COMMUNICATION_FAILED_PLC circuit open until 2026-08-06T11:36:03.063Z,,0.18936449662456903,0.7623902082788183,0.37892857945589886,0.8301173851357195,0.5798932392588073,0.1589497560632057,0,1,0,1,1,0,1,
0806051620563,S14,1,2026-09-12 08:48:04.583193+00:00,,,,,UBE 850T-2,PLC_COMMUNICATION_FAILED_PLC packet timeout,,0.19972689443256722,0.7658647766107829,0.512081308590885,0.6728883348944286,0.6837612985738346,0.44600173423379563,0,1,1,1,1,1,1,
0806052020566,S14,1,2026-09-12 08:48:45.447995+00:00,,,,,UBE 850T-2,PLC_COMMUNICATION_FAILED_PLC circuit open until 2026-08-06T11:48:16.701Z,,0.27222707716618,0.8240374865311336,0.3967754311243034,0.6954800957479258,0.5750339140925054,0.2844007921322415,0,1,0,1,1,0,1,
0806052120567,S14,1,2026-09-12 08:47:44.313494+00:00,,,,,UBE 850T-2,PLC_COMMUNICATION_FAILED_PLC packet timeout,,0.4001893937281431,0.8132420464437671,0.313579848081466,0.8306786531561612,0.7878815382300385,0.8323796068462381,1,1,0,1,1,1,1,
0806052220568,S14,1,2026-09-12 08:50:52.030934+00:00,,,,,UBE 850T-2,PLC_COMMUNICATION_FAILED_PLC circuit open until 2026-08-06T10:21:29.631Z,,0.41040718771688617,0.7583955711164986,0.41523031850652825,0.8254356800405925,0.7940570831247478,0.8882189473372859,1,1,1,1,1,1,1,
0806052820573,S14,1,2026-09-12 08:48:25.173033+00:00,,,,,UBE 850T-2,PLC_COMMUNICATION_FAILED_PLC packet timeout,,0.36181015138709344,0.8144044614697995,0.4472754629018981,0.8557483015619186,0.251072940848468,0.8299007776547505,0,1,1,1,0,1,1,
0806060820589,S14,1,2026-09-12 08:53:14.783136+00:00,,,,,UBE 850T-2,PLC_COMMUNICATION_FAILED_PLC circuit open until 2026-08-06T13:06:16.718Z,,0.42796055587483256,0.276394142898272,0.542308892587064,0.644898278196381,0.33597135559817437,0.7849599958658606,1,0,1,1,0,1,1,
0806061320593,S14,1,2026-09-12 08:54:11.714922+00:00,,,,,UBE 850T-2,PLC_COMMUNICATION_FAILED_PLC packet timeout,,0.25222851101463584,0.28689486305219075,0.8464540172002563,0.641370216802816,0.41932922185612237,0.7265325134265814,0,0,1,1,1,1,1,
0806061420594,S14,1,2026-09-12 08:55:37.571628+00:00,,,,,UBE 850T-2,PLC_COMMUNICATION_FAILED_PLC circuit open until 2026-08-07T00:10:29.504Z,,0.7229635325665782,0.5976957812625451,0.5187981914212562,0.670393538795734,0.36717540830359024,0.726092020106685,1,1,1,1,0,1,1,
0806061520595,S14,1,2026-09-12 08:55:57.835332+00:00,,,,,UBE 850T-2,PLC_COMMUNICATION_FAILED_PLC circuit open until 2026-08-07T00:11:24.071Z,,0.615586440669697,0.6942322220693884,0.589637422137057,0.4938335224228695,0.7342502668977813,0.9021143590616785,1,1,1,1,1,1,1,
0806061920598,S14,1,2026-09-12 12:07:30.101358+00:00,,,,,UBE 850T-2,PLC_COMMUNICATION_FAILED_PLC packet timeout,,0.6614446590355768,0.29422530393708113,0.4498478548739477,0.8324961182624624,0.7336776462643405,0.8279375540049725,1,0,1,1,1,1,1,
0806062320601,S14,1,2026-09-12 08:52:34.012135+00:00,,,,,UBE 850T-2,PLC_COMMUNICATION_FAILED_PLC circuit open until 2026-08-06T11:25:11.089Z,,0.6233735050471215,0.7408123864082057,0.6686774121110133,0.32931326595341487,0.789655074073802,0.6324528470473945,1,1,1,0,1,1,1,
0806062920606,S14,1,2026-09-12 08:56:38.711790+00:00,,,,,UBE 850T-2,PLC_COMMUNICATION_FAILED_PLC circuit open until 2026-08-06T23:48:43.068Z,,0.7796318864187526,0.8510456819749649,0.6016369983807209,0.4189572052515912,0.7901725700416335,0.6295046207356538,1,1,1,1,1,1,1,
0806063120608,S14,1,2026-09-12 08:56:18.407456+00:00,,,,,UBE 850T-2,PLC_COMMUNICATION_FAILED_PLC circuit open until 2026-08-07T00:06:35.731Z,,0.8239937003629594,0.6148503365735141,0.7136982780789793,0.259635380001068,0.6797135414511568,0.5657818670984918,1,1,1,0,1,1,1,
0806064320618,S14,1,2026-09-12 08:55:17.002202+00:00,,,,,UBE 850T-2,PLC_COMMUNICATION_FAILED_PLC packet timeout,,0.5365284082158239,0.842996563750237,0.8995654258925327,0.32936358026926854,0.7732090324573558,0.5811507482087276,1,1,1,0,1,1,1,
0806075920676,S14,1,2026-09-12 11:39:25.675686+00:00,CRAM,P,P-2,Front,UBE 850T-2,Face Blow Hole,Blow_Hole,0.8797737812065497,0.8263212387164104,0.5246566315624557,0.3574301824470191,0.24914914115640996,0.40977369881004144,1,1,1,0,0,1,1,1.0
0806091720741,S14,1,2026-09-12 08:36:38.204770+00:00,,,,,UBE 850T-2,PLC_COMMUNICATION_FAILED_PLC circuit open until 2026-08-06T21:23:54.540Z,,0.723180903916278,0.7446279133961557,0.7913726752558381,0.4647534492194215,0.7679367132481525,0.6328678611762228,1,1,1,1,1,1,1,
0806094820767,S14,1,2026-09-15 10:36:25.750615+00:00,CR,P,P-1,Front,UBE 850T-2,Black Mark,,0.2521108341532059,0.744036183582574,0.24789270382849382,0.8342184732870476,0.5779618399164026,0.7647540484760851,0,1,0,1,1,1,1,
0806100620783,S14,1,2026-09-12 08:33:41.762031+00:00,,,,,UBE 850T-2,PLC_COMMUNICATION_FAILED_PLC circuit open until 2026-08-06T20:14:34.560Z,,0.18524462187932184,0.26446719730255475,0.3860857522391462,0.814046821904991,0.7940992076858744,0.18798077013054368,0,0,0,1,1,0,1,
0806101120787,S14,1,2026-09-12 12:06:12.682731+00:00,,,,,UBE 850T-2,PLC_COMMUNICATION_FAILED_PLC packet timeout,,0.44841833455919855,0.7602742068100885,0.6057565816405577,0.1321388983752316,0.2546336666423734,0.8361415124345202,1,1,1,0,0,1,1,
0806101620791,S14,1,2026-09-12 08:28:32.206317+00:00,,,,,UBE 850T-2,PLC_COMMUNICATION_FAILED_PLC circuit open until 2026-08-06T23:05:23.668Z,,0.719852220928196,0.8226560273822834,0.7092361894281375,0.6676538167481741,0.760200062735438,0.40934769964859125,1,1,1,1,1,1,1,
0806101820793,S14,1,2026-09-12 08:37:21.341903+00:00,,,,,UBE 850T-2,PLC_COMMUNICATION_FAILED_PLC packet timeout,,0.6543900950266311,0.30145321542263365,0.7106356454897209,0.41055977140169836,0.7954372890758132,0.7647611936856968,1,0,1,1,1,1,1,
0806102020795,S14,1,2026-09-12 08:35:16.633481+00:00,,,,,UBE 850T-2,PLC_COMMUNICATION_FAILED_PLC packet timeout,,0.6644960123826369,0.3013513390218669,0.834349490719247,0.8139591967965386,0.8087350751126746,0.8781013756359951,1,0,1,1,1,1,1,
0806102520799,S14,1,2026-09-12 08:27:19.116951+00:00,,,,,UBE 850T-2,PLC_COMMUNICATION_FAILED_PLC packet timeout,,0.6650272925763663,0.8155937077801131,0.27465552623239026,0.8192797358869846,0.34195830987664877,0.7433165199756495,1,1,0,1,0,1,1,
0806102820802,S14,1,2026-09-12 08:34:33.607768+00:00,CR,R,R-1,Rear,UBE 850T-2,Dent,,0.6541646708738416,0.7642152966886702,0.5553348357052896,0.8488013472689235,0.8072633085682484,0.8342911320582993,1,1,1,1,1,1,1,
0806102920803,S14,1,2026-09-12 11:45:48.717447+00:00,,,,,UBE 850T-2,PLC_COMMUNICATION_FAILED_PLC circuit open until 2026-08-07T03:23:55.620Z,,0.7019620097721075,0.7612839214933198,0.5921370687957005,0.8581759722964186,0.7759801416027667,0.2531875604614948,1,1,1,1,1,0,1,
0806103120804,S14,1,2026-09-12 08:28:52.920717+00:00,,,,,UBE 850T-2,PLC_COMMUNICATION_FAILED_PLC packet timeout,,0.5784021077066617,0.29831004569264086,0.8968766101596253,0.6920920319038024,0.7929193177845959,0.8314012160796056,1,0,1,1,1,1,1,
0806103420807,S14,1,2026-09-12 08:34:55.282802+00:00,,,,,UBE 850T-2,PLC_COMMUNICATION_FAILED_PLC packet timeout,,0.5099438180277092,0.7592131459183046,0.3523847555588609,0.36476755835730085,0.30300845852544095,0.09986756215693665,1,1,0,0,0,0,1,
0806103520808,S14,1,2026-09-12 08:28:11.711937+00:00,,,,,UBE 850T-2,PLC_COMMUNICATION_FAILED_PLC packet timeout,,0.5499947743472519,0.7224390986078935,0.7568410069111763,0.7944394702427413,0.764139895899725,0.11267054744089479,1,1,1,1,1,0,1,
0806103920811,S14,1,2026-09-12 08:35:51.338010+00:00,CR,A,A-2,Top View,UBE 850T-2,Non-Filling,Non_filling,0.5644938340309857,0.8119379404647666,0.875236229414355,0.7251037236344429,0.7792336166928616,0.11349061032786814,1,1,1,1,1,0,1,1.0
0806104120813,S14,1,2026-09-12 08:36:59.939573+00:00,,,,,UBE 850T-2,PLC_COMMUNICATION_FAILED_PLC packet timeout,,0.5014967522336352,0.7240121576456421,0.620961448186414,0.8590929036811563,0.6797732317507161,0.07831524119059591,1,1,1,1,1,0,1,
0806104220814,S14,1,2026-09-12 08:35:38.364211+00:00,,,,,UBE 850T-2,PLC_COMMUNICATION_FAILED_PLC packet timeout,,0.6615325971437076,0.428841574949253,0.862953052200755,0.794172427896898,0.7931350799330453,0.8384019240881492,1,1,1,1,1,1,1,
0806104320815,S14,1,2026-09-12 12:06:30.145603+00:00,CR,J,J-1,Left Side,UBE 850T-2,Chip-off,Chipoff,0.4366570352695147,0.8148280621119905,0.5679738012025709,0.6520148049807375,0.8040063356509034,0.8685494795127933,1,1,1,1,1,1,1,1.0
0806104820819,S14,1,2026-09-12 08:32:19.716975+00:00,,,,,UBE 850T-2,PLC_COMMUNICATION_FAILED_PLC packet timeout,,0.874912329764838,0.577887186669183,0.7263741668611486,0.4942008389455395,0.7769148007330556,0.15343278727850235,1,1,1,1,1,0,1,
0806104920820,S14,1,2026-09-12 12:05:29.345976+00:00,,,,,UBE 850T-2,PLC_COMMUNICATION_FAILED_PLC packet timeout,,0.8750796437984887,0.42610382967060423,0.33545956251379955,0.8308130505940243,0.437624929856156,0.5787397369406467,1,1,0,1,1,1,1,
0806105020821,S14,1,2026-09-12 08:27:51.566469+00:00,,,,,UBE 850T-2,PLC_COMMUNICATION_FAILED_PLC circuit open until 2026-08-06T23:59:20.789Z,,0.8771943155893898,0.827771270228375,0.7857018589031635,0.8609039717580285,0.8134467117119956,0.6340394239259001,1,1,1,1,1,1,1,
0806105720827,S14,1,2026-09-12 12:05:51.202772+00:00,,,,,UBE 850T-2,PLC_COMMUNICATION_FAILED_PLC circuit open until 2026-08-07T01:12:47.685Z,,0.21023382960556472,0.5245677980853856,0.1047454830607846,0.7639704511752654,0.3993255760827035,0.08350500001459014,0,1,0,1,0,0,1,
0806110020829,S14,1,2026-09-12 08:24:54.450487+00:00,,,,,UBE 850T-2,PLC_COMMUNICATION_FAILED_PLC packet timeout,,0.20831362852572713,0.8317268168519678,0.5299217071747111,0.763210016051785,0.7833703219229627,0.6262139107661496,0,1,1,1,1,1,1,
0806110120830,S14,1,2026-09-12 08:34:03.535785+00:00,,,,,UBE 850T-2,PLC_COMMUNICATION_FAILED_PLC packet timeout,,0.2102098922698297,0.5287258976892557,0.7662944650811844,0.7433528340796699,0.571752094269262,0.10092157803658514,0,1,1,1,1,0,1,
0806110920837,S14,1,2026-09-12 08:36:16.750141+00:00,,,,,UBE 850T-2,PLC_COMMUNICATION_FAILED_PLC circuit open until 2026-08-06T21:22:51.118Z,,0.5013963469573913,0.8244208797526982,0.3637780124445924,0.23816804059566143,0.24299077855239187,0.28368963234281847,1,1,0,0,0,0,1,
0806111020838,S14,1,2026-09-12 08:25:50.195096+00:00,,,,,UBE 850T-2,PLC_COMMUNICATION_FAILED_PLC circuit open until 2026-08-06T23:14:32.957Z,,0.49203728967914406,0.7598401813213,0.297188835248503,0.6531915038558855,0.24599365740260243,0.4097218941536232,1,1,0,1,0,1,1,
0806111320841,S14,1,2026-09-12 08:25:28.522536+00:00,,,,,UBE 850T-2,PLC_COMMUNICATION_FAILED_PLC packet timeout,,0.5108759936285758,0.7446966635681083,0.38618187494825457,0.13125233772456646,0.250401994303331,0.16269449433751978,1,1,0,0,0,0,1,
0806111420842,S14,1,2026-09-12 08:26:37.277216+00:00,,,,,UBE 850T-2,PLC_COMMUNICATION_FAILED_PLC packet timeout,,0.4276485349700797,0.5750853939724851,0.5981652525160455,0.6419736140464016,0.7364942515787821,0.15574883909832068,1,1,1,1,1,0,1,
0806111620843,S14,1,2026-09-12 08:26:58.939400+00:00,,,,,UBE 850T-2,PLC_COMMUNICATION_FAILED_PLC circuit open until 2026-08-06T23:38:37.870Z,,0.36336335603537623,0.5245142851995156,0.25003639612358614,0.7433616632735303,0.7756481241934023,0.10481345404592571,0,1,0,1,1,0,1,
0806114820862,S14,1,2026-09-15 10:34:48.198843+00:00,CR,O,O-1,Front,UBE 850T-2,Non-Filling,Non_filling,0.6844462084553171,0.7579171180821738,0.30424032009141555,0.7022438487355879,0.7841055874351204,0.8316488981410397,1,1,0,1,1,1,1,0.0
0806145420948,S14,1,2026-09-12 08:41:40.439904+00:00,CRAM,B,B-1,Top View,UBE 850T-2,Blow Hole M8,Blow_Hole,0.686023089523771,0.7620407235347604,0.6958869637781251,0.10556879211486421,0.2539114926396894,0.2663117468202644,1,1,1,0,0,0,1,1.0
0806145620949,S14,1,2026-09-12 08:40:05.440345+00:00,,,,,UBE 850T-2,PLC_COMMUNICATION_FAILED_PLC packet timeout,,0.3929461917699991,0.7654559011863105,0.6143838529540588,0.2326921618149266,0.7332506193881536,0.1584445614318925,0,1,1,0,1,0,1,
0806145720950,S14,1,2026-09-12 08:44:28.592619+00:00,,,,,UBE 850T-2,PLC_COMMUNICATION_FAILED_PLC packet timeout,,0.3848580066522712,0.8591644827367209,0.8750524011616824,0.8497692252489565,0.2502848055015936,0.8377299832204168,0,1,1,1,0,1,1,
0806145820951,S14,1,2026-09-12 08:39:22.295138+00:00,,,,,UBE 850T-2,PLC_COMMUNICATION_FAILED_PLC packet timeout,,0.4153155042646246,0.8228926980141036,0.4360580577036776,0.2382158058607745,0.248375875377608,0.19892273303471622,1,1,1,0,0,0,1,
0806150220954,S14,1,2026-09-12 08:43:47.666166+00:00,,,,,UBE 850T-2,PLC_COMMUNICATION_FAILED_PLC circuit open until 2026-08-06T23:07:56.359Z,,0.25491700857775534,0.4288869555579983,0.3281996648517952,0.8488768040781982,0.3421014577632549,0.09502906804221325,0,1,0,1,0,0,1,
0806150320955,S14,1,2026-09-12 08:39:43.711939+00:00,,,,,UBE 850T-2,PLC_COMMUNICATION_FAILED_PLC packet timeout,,0.40152662142972745,0.7620293659815411,0.7761230316765977,0.6416750784347899,0.2556518811348671,0.8758695525443282,1,1,1,1,0,1,1,
0806150720958,S14,1,2026-09-12 08:42:46.693599+00:00,,,,,UBE 850T-2,PLC_COMMUNICATION_FAILED_PLC packet timeout,,0.2283177625057946,0.2698504261845103,0.3943385380025058,0.6718690867601163,0.5776857982571388,0.4028036182805348,0,0,0,1,1,1,1,
0806150820959,S14,1,2026-09-12 08:41:09.999102+00:00,,,,,UBE 850T-2,PLC_COMMUNICATION_FAILED_PLC circuit open until 2026-08-06T22:23:20.840Z,,0.21032535529429444,0.2953874313642977,0.5962010917332036,0.3318846143172731,0.6835678606381659,0.10669403518653049,0,0,1,0,1,0,1,
0806150920960,S14,1,2026-09-12 08:38:17.403355+00:00,CR,R,R-3,Rear,UBE 850T-2,Non-Filling,Non_filling,0.5287025247857376,0.2783094142181607,0.6608676789512585,0.6124653734199155,0.783644175689343,0.9174592848423074,1,0,1,1,1,1,1,1.0
0806151120962,S14,1,2026-09-12 08:40:26.850274+00:00,,,,,UBE 850T-2,PLC_COMMUNICATION_FAILED_PLC circuit open until 2026-08-06T22:27:44.466Z,,0.45979069081206825,0.429308868753553,0.5423226671393108,0.3848591780292029,0.3365656526308398,0.4746098491640014,1,1,1,0,0,1,1,
0806151320963,S14,1,2026-09-12 08:41:23.270883+00:00,CR,R,R-3,Rear,UBE 850T-2,Non-Filling,Non_filling,0.42810427203484697,0.8118461630706344,0.2448898207343415,0.6199020182215873,0.7989148111005268,0.9137032535827604,1,1,0,1,1,1,1,0.0
0806151420964,S14,1,2026-09-12 08:44:08.282494+00:00,,,,,UBE 850T-2,PLC_COMMUNICATION_FAILED_PLC packet timeout,,0.3993012331098005,0.2686065489128794,0.4278922473724742,0.8306129099624093,0.36754065638289346,0.20245526946732967,0,0,1,1,0,0,1,
0806151520965,S14,1,2026-09-12 08:42:26.166382+00:00,,,,,UBE 850T-2,PLC_COMMUNICATION_FAILED_PLC circuit open until 2026-08-06T23:12:53.041Z,,0.5852331157722228,0.2902318510466718,0.6561940674847985,0.7642167192487487,0.24418309063318677,0.8403662667121988,1,0,1,1,0,1,1,
0806152220971,S14,1,2026-09-12 12:06:51.491891+00:00,,,,,UBE 850T-2,PLC_COMMUNICATION_FAILED_PLC packet timeout,,0.7265532339091773,0.29441086612811684,0.4891721943878308,0.7615969172027424,0.21879260337645026,0.5793762033780825,1,0,1,1,0,1,1,
0806153520981,S14,1,2026-09-12 08:32:41.494772+00:00,,,,,UBE 850T-2,PLC_COMMUNICATION_FAILED_PLC packet timeout,,0.6418070142654239,0.42532648547381224,0.7287721803716434,0.3292307650164717,0.7712171057706055,0.7900522296013925,1,1,1,0,1,1,1,
0806154120986,S14,1,2026-09-12 08:38:04.483236+00:00,,,,,UBE 850T-2,PLC_COMMUNICATION_FAILED_PLC packet timeout,,0.6641997886218719,0.7636832273788052,0.33026983016407896,0.259820551221021,0.6835224224646672,0.7649113087387212,1,1,0,0,1,1,1,
0806154720991,S14,1,2026-09-12 08:37:43.071311+00:00,,,,,UBE 850T-2,PLC_COMMUNICATION_FAILED_PLC circuit open until 2026-08-06T21:44:02.533Z,,0.4044894974270303,0.43073066442553076,0.5704235933768738,0.5706694558859998,0.5776188280596877,0.10024084753225355,1,1,1,1,1,0,1,
0806154920993,S14,1,2026-09-12 08:43:06.914028+00:00,,,,,UBE 850T-2,PLC_COMMUNICATION_FAILED_PLC packet timeout,,0.4443133039518449,0.7596915409945179,0.695560071643423,0.8254613103241003,0.3419848325710367,0.14474058456814537,1,1,1,1,0,0,1,
0806155220995,S14,1,2026-09-12 08:39:00.573929+00:00,,,,,UBE 850T-2,PLC_COMMUNICATION_FAILED_PLC packet timeout,,0.6412936601672555,0.8124880623205275,0.33006262759559113,0.2594649760825314,0.2542491608774633,0.4151340646477207,1,1,0,0,0,1,1,
0806155720999,S14,1,2026-09-12 08:29:14.565465+00:00,,,,,UBE 850T-2,PLC_COMMUNICATION_FAILED_PLC packet timeout,,0.46177423273665047,0.7577509432915104,0.5869434259169473,0.35946276603556515,0.36109411313573564,0.6326529469638903,1,1,1,0,0,1,1,
0806155821000,S14,1,2026-09-12 08:30:53.483240+00:00,,,,,UBE 850T-2,PLC_COMMUNICATION_FAILED_PLC packet timeout,,0.7430410206711744,0.8174399107705258,0.6676335445289294,0.5902031979519704,0.30366686440796903,0.3569732823633466,1,1,1,1,0,0,1,
0806155921001,S14,1,2026-09-12 08:40:48.574181+00:00,,,,,UBE 850T-2,PLC_COMMUNICATION_FAILED_PLC packet timeout,,0.4984700126762368,0.7586824561564366,0.7863276068063811,0.8245639789390398,0.20913860008384327,0.8367241031352857,1,1,1,1,0,1,1,
0806160021002,S14,1,2026-09-12 08:38:39.172975+00:00,,,,,UBE 850T-2,PLC_COMMUNICATION_FAILED_PLC packet timeout,,0.4044773743004202,0.30861594554380206,0.18496258454608283,0.10306085086382785,0.20556109523700813,0.8315359022997335,1,0,0,0,0,1,1,
0806160121003,S14,1,2026-09-12 08:42:05.907529+00:00,CR,R,R-1,Rear,UBE 850T-2,Non-Filling,Non_filling,0.7446012966600808,0.2823584250657169,0.6839929478944518,0.31890083549925813,0.19837782948230326,0.10785087359741821,1,0,1,0,0,0,1,1.0
0806160721008,S14,1,2026-09-12 08:30:10.441661+00:00,CR,A,A-4,Top View,UBE 850T-2,Non-Filling,Non_filling,0.37854871982208604,0.7431776546536283,0.9129186786518472,0.1930940671474585,0.736500732597359,0.8339126366383467,0,1,1,0,1,1,1,1.0
0806160921009,S14,1,2026-09-12 08:30:32.137021+00:00,,,,,UBE 850T-2,PLC_COMMUNICATION_FAILED_PLC packet timeout,,0.6418357739393351,0.26708179049764874,0.7349916629836257,0.33448401247414067,0.20252933478061502,0.8352763300142563,1,0,1,0,0,1,1,
0806161121011,S14,1,2026-09-12 08:43:27.442809+00:00,,,,,UBE 850T-2,PLC_COMMUNICATION_FAILED_PLC packet timeout,,0.42266464340028276,0.7594741211765058,0.8166914115299708,0.32869878826111815,0.21400260731934867,0.15395654612614545,1,1,1,0,0,0,1,
0806161221012,S14,1,2026-09-12 08:29:57.578643+00:00,,,,,UBE 850T-2,PLC_COMMUNICATION_FAILED_PLC packet timeout,,0.4975692903178257,0.5798603558885809,0.45356658887671186,0.35730993840117226,0.7344484963757364,0.25254684047087245,1,1,1,0,1,0,1,
0806161521014,S14,1,2026-09-12 08:32:54.437129+00:00,CR,O,O-1,Front,UBE 850T-2,Non-Filling,Non_filling,0.4208527834580851,0.6948216355999821,0.7398873625840191,0.12860189550501352,0.2534159850269727,0.09859075840979362,1,1,1,0,0,0,1,1.0
0806161621015,S14,1,2026-09-12 08:29:35.898330+00:00,,,,,UBE 850T-2,PLC_COMMUNICATION_FAILED_PLC circuit open until 2026-08-06T23:28:05.256Z,,0.7373268259701202,0.8193346171215332,0.6209120561932264,0.13435120328570377,0.7961919123769,0.9014981715673658,1,1,1,0,1,1,1,
0806172521071,S14,1,2026-09-12 13:38:41.645246+00:00,CRAM,C,C-1,Top View,UBE 850T-2,Face Blow Hole,Blow_Hole,0.8243534209280432,0.30042810088880445,0.9016044139536017,0.3299354567256749,0.442535868185841,0.8362748890384643,1,0,1,0,1,1,1,1.0
0806173021075,S14,1,2026-09-12 08:22:44.424100+00:00,,,,,UBE 850T-2,PLC_COMMUNICATION_FAILED_PLC circuit open until 2026-08-06T23:31:28.956Z,,0.6877736492104575,0.6947185656526893,0.7299948726639924,0.5087096396666533,0.25328825820497936,0.4104025805152196,1,1,1,1,0,1,1,
0806173621080,S14,1,2026-09-12 08:21:02.686261+00:00,,,,,UBE 850T-2,PLC_COMMUNICATION_FAILED_PLC circuit open until 2026-08-06T23:21:52.572Z,,0.5019993329191899,0.2844624052515198,0.9520590906453206,0.6227980173570049,0.17309171294999537,0.8066591843156059,1,0,1,1,0,1,1,
0806173721081,S14,1,2026-09-12 08:23:25.060592+00:00,,,,,UBE 850T-2,PLC_COMMUNICATION_FAILED_PLC circuit open until 2026-08-06T23:49:42.986Z,,0.40993392764501013,0.7628565370626639,0.7703271019427739,0.7668639755447224,0.24938885520411397,0.12750953150381628,1,1,1,1,0,0,1,
0806174121084,S14,1,2026-09-12 12:01:42.710489+00:00,,,,,UBE 850T-2,PLC_COMMUNICATION_FAILED_PLC packet timeout,,0.6662937548893141,0.5782835320605132,0.6746270681915993,0.31856769806216895,0.24914702983366618,0.5780090891071425,1,1,1,0,0,1,1,
0806174321086,S14,1,2026-09-12 08:24:07.330442+00:00,,,,,UBE 850T-2,PLC_COMMUNICATION_FAILED_PLC packet timeout,,0.6639767819198412,0.763294703318009,0.3398403445443246,0.5590628443331525,0.19786219635457702,0.42862800962727476,1,1,0,1,0,1,1,
0806174421087,S14,1,2026-09-12 08:21:43.332473+00:00,,,,,UBE 850T-2,PLC_COMMUNICATION_FAILED_PLC packet timeout,,0.6078182997609587,0.7672642425856863,0.8159219906408902,0.8198628040208218,0.24886787547901773,0.14541127031139017,1,1,1,1,0,0,1,
0806174821090,S14,1,2026-09-12 08:23:04.587972+00:00,,,,,UBE 850T-2,PLC_COMMUNICATION_FAILED_PLC circuit open until 2026-08-06T23:30:33.683Z,,0.7425764016402375,0.4297289402990866,0.8160166266244121,0.11019954275239587,0.19940295204475236,0.14492536892767283,1,1,1,0,0,0,1,
0806174921091,S14,1,2026-09-12 08:22:23.957550+00:00,,,,,UBE 850T-2,PLC_COMMUNICATION_FAILED_PLC circuit open until 2026-08-06T23:50:40.297Z,,0.816290937909273,0.765104425380362,0.637440375709702,0.7942995588709532,0.5790382216607373,0.3360575352576116,1,1,1,1,1,0,1,
0806175421095,S14,1,2026-09-12 08:23:45.657259+00:00,,,,,UBE 850T-2,PLC_COMMUNICATION_FAILED_PLC packet timeout,,0.44833584478665145,0.760177184095796,0.7934631900985865,0.6458138166504024,0.200443903238681,0.25493893950368185,1,1,1,1,0,0,1,
0806181021109,S14,1,2026-09-12 08:45:30.164018+00:00,,,,,UBE 850T-2,PLC_COMMUNICATION_FAILED_PLC circuit open until 2026-08-06T15:24:12.379Z,,0.7375787405578156,0.42593124678519045,0.8928414355016338,0.6421880216317944,0.40545631310252706,0.8342933688890346,1,1,1,1,1,1,1,
0806181221110,S14,1,2026-09-12 08:20:42.494255+00:00,,,,,UBE 850T-2,PLC_COMMUNICATION_FAILED_PLC packet timeout,,0.7415738159595768,0.694072191921139,0.7350503932436923,0.8512770786291014,0.7726533329959251,0.1590808339149255,1,1,1,1,1,0,1,
0806181421112,S14,1,2026-09-12 08:22:03.804560+00:00,,,,,UBE 850T-2,PLC_COMMUNICATION_FAILED_PLC circuit open until 2026-08-06T23:48:43.068Z,,0.5109452817876051,0.327861237293429,0.8973938468905778,0.3317468049788501,0.7364988841812268,0.8316700459854083,1,0,1,0,1,1,1,
0806181521113,S14,1,2026-09-12 08:45:09.548740+00:00,,,,,UBE 850T-2,PLC_COMMUNICATION_FAILED_PLC circuit open until 2026-08-06T15:20:57.260Z,,0.5156338821995383,0.524386186331955,0.9058488310142466,0.5786826217107017,0.7743511699258173,0.8357993359122636,1,1,1,1,1,1,1,
0806181621114,S14,1,2026-09-12 08:21:23.171359+00:00,,,,,UBE 850T-2,PLC_COMMUNICATION_FAILED_PLC packet timeout,,0.7430910991729512,0.7661181531859053,0.8905534804752154,0.19636782085651058,0.24559129540055524,0.8879218715338075,1,1,1,0,0,1,1,
0806181821115,S14,1,2026-09-12 08:45:50.438302+00:00,,,,,UBE 850T-2,PLC_COMMUNICATION_FAILED_PLC circuit open until 2026-08-06T15:21:44.554Z,,0.4671711822661914,0.7437767526793351,0.40469982913247415,0.3581464283352517,0.254938958787431,0.7439301440012732,1,1,1,0,0,1,1,
0806182821124,S14,1,2026-09-12 08:08:32.509441+00:00,CR,A,A-4,Top View,UBE 850T-2,Non-Filling,Non_filling,0.44829406539174443,0.4302085516793679,0.9184888614239446,0.7955838265809038,0.21563312789625666,0.08814341631835541,1,1,1,1,0,0,1,1.0
0806183721130,S14,1,2026-09-12 11:49:41.809937+00:00,,,,,UBE 850T-2,PLC_COMMUNICATION_FAILED_PLC circuit open until 2026-08-07T03:43:43.820Z,,0.3789164379708592,0.7594806409174981,0.8940980076166434,0.6331671841159318,0.33600171338564855,0.4461844772983954,0,1,1,1,0,1,1,
0806183921132,S14,1,2026-09-12 11:55:04.682795+00:00,,,,,UBE 850T-2,PLC_COMMUNICATION_FAILED_PLC circuit open until 2026-08-07T03:32:25.336Z,,0.6665771567245751,0.29735396473913056,0.9326146081615029,0.32875451705245967,0.19334537494898607,0.8067650839519585,1,0,1,0,0,1,1,
0806184021133,S14,1,2026-09-12 11:57:28.605692+00:00,,,,,UBE 850T-2,PLC_COMMUNICATION_FAILED_PLC packet timeout,,0.4933381162533658,0.2970099526637623,0.8876845853666947,0.28443828418735273,0.5770626857506637,0.8756902824198486,1,0,1,0,1,1,1,
0806184921140,S14,1,2026-09-12 08:04:15.778631+00:00,,,,,UBE 850T-2,PLC_COMMUNICATION_FAILED_PLC packet timeout,,0.5737208047154945,0.4254743783590137,0.7696518154174941,0.13673639790723974,0.19512965926294312,0.8748774510411726,1,1,1,0,0,1,1,
0806190121150,S14,1,2026-09-12 11:47:56.498875+00:00,,,,,UBE 850T-2,"PLC_COMMUNICATION_FAILED_PLC SLMP START_ACK timeout (expected 1,1,2)",,0.8149360073865448,0.7643450131534125,0.7274870908934298,0.762918297261785,0.19059462201434835,0.5102125018740165,1,1,1,1,0,1,1,
0806191221159,S14,1,2026-09-12 08:05:00.390964+00:00,,,,,UBE 850T-2,PLC_COMMUNICATION_FAILED_PLC circuit open until 2026-08-07T00:03:58.297Z,,0.6409995249383605,0.526658914167262,0.8757837871741201,0.23746567028956225,0.32556364675764443,0.15409153166946166,1,1,1,0,0,0,1,
0806192021166,S14,1,2026-09-12 11:58:50.613526+00:00,,,,,UBE 850T-2,PLC_COMMUNICATION_FAILED_PLC packet timeout,,0.5880003101248723,0.8213919448440379,0.4759007592743334,0.13470865641962068,0.571587958082207,0.9032386035691687,1,1,1,0,1,1,1,
0806193421177,S14,1,2026-09-12 11:53:46.005543+00:00,,,,,UBE 850T-2,PLC_COMMUNICATION_FAILED_PLC packet timeout,,0.7226932353507536,0.5923746814632868,0.6133397461451111,0.3648133455220337,0.29704842407988596,0.8305738159626159,1,1,1,0,0,1,1,
0806193621179,S14,1,2026-09-12 11:56:51.734133+00:00,CRAM,P,P-2,Front,UBE 850T-2,Porosity,Porosity,0.7376894532164306,0.27612777646181735,0.8321192516184581,0.7149522779327546,0.7742503300772458,0.10391834303134283,1,0,1,1,1,0,1,1.0
0806193721180,S14,1,2026-09-12 11:58:09.533329+00:00,,,,,UBE 850T-2,PLC_COMMUNICATION_FAILED_PLC circuit open until 2026-08-07T02:21:30.406Z,,0.5781544060583128,0.6131115848396245,0.5329418343547311,0.74304702320623,0.7649504936908668,0.1989588488200064,1,1,1,1,1,0,1,
0806194021182,S14,1,2026-09-12 11:51:41.925321+00:00,,,,,UBE 850T-2,PLC_COMMUNICATION_FAILED_PLC circuit open until 2026-08-07T03:40:29.620Z,,0.616920317829944,0.2990289036577629,0.6113942165107982,0.8533859138089432,0.765017131024274,0.42827765063427015,1,0,1,1,1,1,1,
0806194321185,S14,1,2026-09-12 11:55:40.401514+00:00,,,,,UBE 850T-2,PLC_COMMUNICATION_FAILED_PLC packet timeout,,0.6508492762915041,0.3903704995693681,0.9377226716553306,0.6697235672842348,0.173428762015019,0.8304764336393836,1,0,1,1,0,1,1,
0806195221192,S14,1,2026-09-12 11:50:49.203599+00:00,,,,,UBE 850T-2,PLC_COMMUNICATION_FAILED_PLC circuit open until 2026-08-07T03:42:55.827Z,,0.38770069566291543,0.29225413174432235,0.6179898384796869,0.10908910271734232,0.21257447523597137,0.15254293734162525,0,0,1,0,0,0,1,
0806201221205,S14,1,2026-09-12 11:59:31.668958+00:00,,,,,UBE 850T-2,PLC_COMMUNICATION_FAILED_PLC packet timeout,,0.39928451746571136,0.5786789170114749,0.589884143216613,0.3766696561753175,0.19745809203345585,0.19479834634731913,0,1,1,0,0,0,1,
0806202721217,S14,1,2026-09-12 11:59:52.058384+00:00,,,,,UBE 850T-2,PLC_COMMUNICATION_FAILED_PLC packet timeout,,0.5710212292069756,0.764975848237593,0.8935298438143984,0.37668449017711403,0.4376852072525233,0.9091535929623024,1,1,1,0,1,1,1,
0806202821218,S14,1,2026-09-12 11:52:32.319734+00:00,CR,P,P-2,Front,UBE 850T-2,Chip-off,Chipoff,0.3991304104648591,0.7407846705239713,0.5122154283469414,0.3346174204997234,0.24730435671603346,0.25086032007881254,0,1,1,0,0,0,1,0.0
0806203221221,S14,1,2026-09-12 12:03:53.344654+00:00,MR,E,E-2,Bottom View,UBE 850T-2,Dent,,0.6178527293597833,0.7631918835128757,0.8484560871997139,0.2842041223892674,0.3416694688867546,0.9060772038020258,1,1,1,0,0,1,1,
0806203321222,S14,1,2026-09-12 11:53:27.279260+00:00,,,,,UBE 850T-2,PLC_COMMUNICATION_FAILED_PLC circuit open until 2026-08-07T03:29:20.487Z,,0.6348738394807549,0.5981747064454406,0.5074926810101696,0.6189989035870607,0.24399416695840714,0.630873081303014,1,1,1,1,0,1,1,
0806203421223,S14,1,2026-09-12 12:00:08.707501+00:00,CRAM,G,G-1,Bottom View,UBE 850T-2,Cold Shut,,0.4658497702482407,0.7245969471811563,0.7912821368785072,0.7434728988164028,0.7395123154701443,0.8914935125109538,1,1,1,1,1,1,1,
0806203521224,S14,1,2026-09-12 11:59:10.988147+00:00,,,,,UBE 850T-2,PLC_COMMUNICATION_FAILED_PLC packet timeout,,0.2525443818751025,0.6145204822046954,0.6998026054304827,0.3345427996556188,0.7752730310396593,0.8676119373596716,0,1,1,0,1,1,1,
0806204621233,S14,1,2026-09-12 08:14:09.650217+00:00,CR,A,A-1,Top View,UBE 850T-2,Non-Filling,Non_filling,0.4936249102991814,0.8146429450547671,0.7657091829465127,0.1327510190788938,0.5134735652694176,0.8368188137637489,1,1,1,0,1,1,1,1.0
0806204721234,S14,1,2026-09-12 12:02:39.643808+00:00,CRAM,F,F-2,Bottom View,UBE 850T-2,Face Blow Hole,Blow_Hole,0.7441391751990227,0.8188680671689839,0.8606921772726404,0.32989266254202126,0.2978872282898993,0.3571437591937288,1,1,1,0,0,0,1,1.0
0806205621237,S14,1,2026-09-12 12:04:14.037279+00:00,,,,,UBE 850T-2,PLC_COMMUNICATION_FAILED_PLC packet timeout,,0.7195065551670923,0.524254799080579,0.8020169215522985,0.23297949219724454,0.20310605483003802,0.11006353975570743,1,1,1,0,0,0,1,
0806210221242,S14,1,2026-09-12 11:53:06.220655+00:00,,,,,UBE 850T-2,PLC_COMMUNICATION_FAILED_PLC packet timeout,,0.4275768261201357,0.30195999832396714,0.68410844425705,0.7609585123676634,0.7794569580206462,0.5098333045267562,1,0,1,1,1,1,1,
0806210821247,S14,1,2026-09-12 11:51:22.972187+00:00,,,,,UBE 850T-2,PLC_COMMUNICATION_FAILED_PLC packet timeout,,0.5201059448597061,0.7242554981813342,0.8806412119006817,0.7066619255673757,0.7736050952509821,0.6308336265623737,1,1,1,1,1,1,1,
0806210921248,S14,1,2026-09-12 12:03:20.524183+00:00,,,,,UBE 850T-2,PLC_COMMUNICATION_FAILED_PLC packet timeout,,0.7443156485382869,0.7630718071962619,0.795815488555594,0.7612353506131938,0.7620200480906894,0.8359468282329873,1,1,1,1,1,1,1,
0806211521253,S14,1,2026-09-12 12:02:23.378693+00:00,,,,,UBE 850T-2,PLC_COMMUNICATION_FAILED_PLC circuit open until 2026-08-07T03:17:11.305Z,,0.8810189252030071,0.2951208166495749,0.8741927858950089,0.23881007800022613,0.578337581617948,0.5815319019769994,1,0,1,0,1,1,1,
0806211821255,S14,1,2026-09-12 11:52:17.299255+00:00,CRAM,P,P-2,Front,UBE 850T-2,Porosity,Porosity,0.49333511676629516,0.7423818224157098,0.8626482218469674,0.6397267559926952,0.24822092418718492,0.15983699482033634,1,1,1,1,0,0,1,1.0
0806211921256,S14,1,2026-09-12 11:58:29.911174+00:00,,,,,UBE 850T-2,PLC_COMMUNICATION_FAILED_PLC packet timeout,,0.4101058425189329,0.28431132850897534,0.8819208370046334,0.7435247259595847,0.18344645255067438,0.09406476258324936,1,0,1,1,0,0,1,
0806212521261,S14,1,2026-09-12 12:03:00.209891+00:00,,,,,UBE 850T-2,PLC_COMMUNICATION_FAILED_PLC packet timeout,,0.49783866798925847,0.7592789188532376,0.8222964947593535,0.684988628982723,0.367303584402715,0.11973216073514316,1,1,1,1,0,0,1,
0806213221267,S14,1,2026-09-12 12:00:29.096731+00:00,,,,,UBE 850T-2,PLC_COMMUNICATION_FAILED_PLC circuit open until 2026-08-07T03:30:08.991Z,,0.7172451694147683,0.591634876465752,0.42282814463450613,0.8195155201809761,0.736757562773243,0.8036071659414429,1,1,1,1,1,1,1,
0806215521285,S14,1,2026-09-12 11:56:00.015404+00:00,,,,,UBE 850T-2,PLC_COMMUNICATION_FAILED_PLC packet timeout,,0.5110091082206705,0.3014581012229908,0.5976220828231573,0.5593209217188572,0.7870847042071549,0.8315663701952647,1,0,1,1,1,1,1,
0806220121290,S14,1,2026-09-12 11:56:15.302877+00:00,CRAM,P,P-2,Front,UBE 850T-2,Shrinkage,Shrinkage,0.6838694668559836,0.7210737814350395,0.8459646621945935,0.4118733378391225,0.2187940402989002,0.2203042275283942,1,1,1,1,0,0,1,0.0
0806220721295,S14,1,2026-09-12 11:54:24.906436+00:00,,,,,UBE 850T-2,PLC_COMMUNICATION_FAILED_PLC circuit open until 2026-08-07T03:54:36.586Z,,0.25224260822143446,0.5244712911900857,0.37097840955127925,0.617542380497637,0.25310723614585373,0.11832250032266,0,1,0,1,0,0,1,
0806220821296,S14,1,2026-09-12 11:48:49.102550+00:00,,,,,UBE 850T-2,PLC_COMMUNICATION_FAILED_PLC circuit open until 2026-08-07T03:39:35.361Z,,0.7582690694988994,0.296115446686931,0.3740563117665423,0.23739714415481086,0.24484784095389317,0.8056951605667967,1,0,0,0,0,1,1,
0806221421301,S14,1,2026-09-12 11:48:30.362551+00:00,,,,,UBE 850T-2,PLC_COMMUNICATION_FAILED_PLC circuit open until 2026-08-07T03:42:55.827Z,,0.8808297087818214,0.5747730058652019,0.804737647165283,0.6936970131334851,0.2500878863058757,0.6312743259710096,1,1,1,1,0,1,1,
0806221521302,S14,1,2026-09-12 07:51:35.687929+00:00,CR,R,R-2,Rear,UBE 850T-2,Dent,,0.571195817229792,0.8144588305779354,0.28593678614905615,0.6418891604433533,0.39559821444510684,0.8363140221455124,1,1,0,1,0,1,1,
0806222521310,S14,1,2026-09-12 11:54:05.178789+00:00,,,,,UBE 850T-2,PLC_COMMUNICATION_FAILED_PLC packet timeout,,0.5644293976919937,0.7437759242882025,0.27680345481811275,0.32945178143919185,0.3250920508667418,0.57887517870932,1,1,0,0,0,1,1,
0806223821321,S14,1,2026-09-12 11:47:37.491108+00:00,CRAM,M,M-1,Right Side,UBE 850T-2,Black Mark,,0.31905843462300953,0.5749000250489502,0.7009864946922573,0.5981821641707735,0.24544096958408662,0.11999476686525151,0,1,1,1,0,0,1,
0806224221324,S14,1,2026-09-12 11:50:15.661158+00:00,,,,,UBE 850T-2,PLC_COMMUNICATION_FAILED_PLC circuit open until 2026-08-07T03:41:56.690Z,,0.6444885399982857,0.7603548406007712,0.8049191346334285,0.8199753633935655,0.7772331542904519,0.8321252050348499,1,1,1,1,1,1,1,
0806225421333,S14,1,2026-09-12 11:54:44.940967+00:00,,,,,UBE 850T-2,PLC_COMMUNICATION_FAILED_PLC packet timeout,,0.8160017241843562,0.3904147141297484,0.609303198361384,0.33439515384038687,0.5803814311167128,0.8730473679816825,1,0,1,0,1,1,1,
0806230121338,S14,1,2026-09-12 11:56:35.082711+00:00,,,,,UBE 850T-2,PLC_COMMUNICATION_FAILED_PLC packet timeout,,0.4670887380017366,0.25975378951452455,0.8033434880515884,0.4941398934292667,0.3029147964328764,0.5615958614372349,1,0,1,1,0,1,1,
0806235821381,S14,1,2026-09-12 07:55:35.795810+00:00,,,,,UBE 850T-2,PLC_COMMUNICATION_FAILED_PLC packet timeout,,0.5099018733509008,0.7662300122458263,0.8746266738979516,0.6847854504882412,0.3622393799437307,0.8350767532950967,1,1,1,1,0,1,1,
0807000321385,S14,1,2026-09-12 07:55:15.276911+00:00,,,,,UBE 850T-2,PLC_COMMUNICATION_FAILED_PLC packet timeout,,0.6845982822237825,0.42504837474691515,0.3308261698992965,0.32144131322199454,0.2123704828796766,0.15406396326713892,1,1,0,0,0,0,1,
0807004521420,S14,1,2026-09-12 16:30:08.980509+00:00,CRAM,B,B-1,Top View,UBE 850T-2,Blow Hole M8,Blow_Hole,0.8232680040502989,0.5791878219866143,0.4129326849265699,0.10914361948052928,0.19359437485583003,0.8805596001101229,1,1,1,0,0,1,1,1.0
0807010121433,S14,1,2026-09-12 07:34:02.484495+00:00,CR,S,S-2,Rear,UBE 850T-2,Non-Filling,Non_filling,0.6148227433798608,0.5994754072426977,0.31041509313185284,0.6338074410028929,0.24787862229126892,0.6260180533914681,1,1,0,1,0,1,1,0.0
0807074821703,S14,1,2026-09-12 10:52:54.692690+00:00,CRAM,E,E-2,Bottom View,UBE 850T-2,M14 Face Blow Hole,Blow_Hole,0.5691634939277521,0.8279932789895783,0.7639729969404776,0.3697067507895143,0.5139378264368066,0.3360631870421634,1,1,1,0,1,0,1,1.0
0807080821720,S14,1,2026-09-12 13:17:14.121265+00:00,CR,J,J-1,Left Side,UBE 850T-2,Non-Filling,Non_filling,0.6811922406036695,0.3002141726688107,0.8536412688657693,0.6747999689677584,0.3791856479708261,0.8921521518046357,1,0,1,1,0,1,1,1.0
0807090221764,S14,1,2026-09-12 10:55:21.170313+00:00,CR,S,S-2,Rear,UBE 850T-2,Non-Filling,Non_filling,0.7371621450180847,0.846241435243288,0.836430243284259,0.8200779594621543,0.7401185087420956,0.6341703831714813,1,1,1,1,1,1,1,1.0
0807091821777,S14,1,2026-09-12 10:55:33.385412+00:00,CR,A,A-4,Top View,UBE 850T-2,Non-Filling,Non_filling,0.73764113010115,0.6942363361061616,0.5868334569812824,0.8068021618611653,0.7336399209760516,0.15376079010046798,1,1,1,1,1,0,1,1.0
0807092321781,S14,1,2026-09-12 10:58:52.166345+00:00,CR,A,A-4,Top View,UBE 850T-2,Non-Filling,Non_filling,0.28048633062844763,0.2693426546990366,0.5414805679419364,0.33429957303311914,0.2092980042398658,0.09278769303661387,0,0,1,0,0,0,1,1.0
0807092421782,S14,1,2026-09-12 10:59:04.409230+00:00,CR,A,A-4,Top View,UBE 850T-2,Non-Filling,Non_filling,0.26658670934319173,0.2651852003476105,0.48679422517289334,0.8248703102100557,0.3613863919123141,0.0949939502503136,0,0,1,1,0,0,1,1.0
0807095821810,S14,1,2026-09-12 10:53:06.941117+00:00,CR,A,A-1,Top View,UBE 850T-2,Non-Filling,Non_filling,0.6624452441174031,0.810224159577044,0.9304856946120408,0.817226755713219,0.25539478893161793,0.6355367666572114,1,1,1,1,0,1,1,1.0
0807100921819,S14,1,2026-09-12 10:52:30.041369+00:00,CR,A,A-1,Top View,UBE 850T-2,Non-Filling,Non_filling,0.48687883410031574,0.7602414406436044,0.5872736038122343,0.35388018258954745,0.2159307736004141,0.11795530841846526,1,1,1,0,0,0,1,1.0
0807101021820,S14,1,2026-09-12 11:01:02.365083+00:00,CR,A,A-4,Top View,UBE 850T-2,Non-Filling,Non_filling,0.2717517160562115,0.7668564489251382,0.6150174341682408,0.8195696452346534,0.26055822001438295,0.09336995952718874,0,1,1,1,0,0,1,1.0
0807101621825,S14,1,2026-09-12 11:11:10.641552+00:00,CR,O,O-1,Front,UBE 850T-2,Non-Filling,Non_filling,0.210461608272609,0.2973752322237505,0.5695278335837561,0.8226083183093325,0.5252129123427907,0.5662961860450433,0,0,1,1,1,1,1,1.0
0807101921827,S14,1,2026-09-12 13:21:21.028804+00:00,CRAM,E,E-2,Bottom View,UBE 850T-2,Porosity,Porosity,0.20791461770725445,0.4289777361049063,0.7673989219484042,0.8483676430701816,0.36165582356151194,0.09084952942440426,0,1,1,1,0,0,1,1.0
0807112821882,S14,1,2026-09-12 11:16:00.198257+00:00,CR,A,A-3,Top View,UBE 850T-2,Bend,,0.4955891612847638,0.7676145225742005,0.5071728224620886,0.3541174830036363,0.514019830716163,0.16177536641052828,1,1,1,0,1,0,1,
0808052322123,S14,1,2026-09-12 13:12:51.910679+00:00,CR,B,B-1,Top View,UBE 850T-2,Bend,,0.6696172858939539,0.8472286422841888,0.8398377776097812,0.6457429652876872,0.20514407684925645,0.8324079410885681,1,1,1,1,0,1,1,
0808065022145,S14,1,2026-09-12 13:00:46.160797+00:00,CR,A,A-1,Top View,UBE 850T-2,Bend,,0.877035073704115,0.6135465454515137,0.7855981022588862,0.8540601541265553,0.68385978707817,0.8891243019703194,1,1,1,1,1,1,1,
0808073622183,S14,1,2026-09-12 16:10:40.896361+00:00,CRAM,H,H-3,Bottom View,UBE 850T-2,Shrinkage,Shrinkage,0.7425939130905694,0.5243248341429829,0.8621556028039856,0.8199419880907077,0.5150061197890807,0.8690619646587684,1,1,1,1,1,1,1,1.0
0808082122214,S14,1,2026-09-12 15:45:51.312524+00:00,CRAM,P,P-2,Front,UBE 850T-2,M14 Face Blow Hole,Blow_Hole,0.5705867960781708,0.8300730909456936,0.8120265178881794,0.7355446365116789,0.17393173275559698,0.830899105082541,1,1,1,1,0,1,1,1.0
0808082722219,S14,1,2026-09-12 12:57:39.436824+00:00,CRAM,C,C-1,Top View,UBE 850T-2,Porosity,Porosity,0.41708682047190887,0.8336872335932668,0.8092957590010913,0.8093917154374045,0.18359954997549727,0.8353841881759336,1,1,1,1,0,1,1,1.0
0808084522234,S14,1,2026-09-12 12:56:30.555605+00:00,CR,Q,Q-1,Rear,UBE 850T-2,Non-Filling,Non_filling,0.49792830669967203,0.2959976298629753,0.8522347979929021,0.6451317127552084,0.4190600098169748,0.10787326373406575,1,0,1,1,1,0,1,1.0
0808084722236,S14,1,2026-09-12 12:57:51.969947+00:00,CR,A,A-1,Top View,UBE 850T-2,Non-Filling,Non_filling,0.7019475680649525,0.2748825396893674,0.8429861456789662,0.3300946038905169,0.21456636381949712,0.8374080876381689,1,0,1,0,0,1,1,1.0
0808085222240,S14,1,2026-09-12 12:55:01.295509+00:00,CR,H,H-3,Bottom View,UBE 850T-2,Non-Filling,Non_filling,0.8224158881204893,0.7620397753616479,0.87805300811596,0.7954389947888334,0.4239205519030655,0.15862724402889206,1,1,1,1,1,0,1,1.0
0808210722490,S14,1,2026-09-12 12:50:57.439508+00:00,CR,K,K-1,Left Side,UBE 850T-2,Non-Filling,Non_filling,0.7019904831357509,0.2859114936372507,0.7955393751206731,0.6311830846370039,0.513674655971522,0.09537356982727982,1,0,1,1,1,0,1,1.0
0808221422532,S14,1,2026-09-12 12:45:27.581388+00:00,CR,A,A-2,Top View,UBE 850T-2,Non-Filling,Non_filling,0.8249664341395395,0.29751620626928377,0.6998844628697828,0.643571389696243,0.1902972059201026,0.8064402926888294,1,0,1,1,0,1,1,1.0
0808234722598,S14,1,2026-09-12 12:34:56.392814+00:00,CR,R,R-3,Rear,UBE 850T-2,Non-Filling,Non_filling,0.4213734844099187,0.7221199662100093,0.4461058118243885,0.7950540620104368,0.7966236547721524,0.8827318078169639,1,1,1,1,1,1,1,1.0
0809000522613,S14,1,2026-09-12 12:35:32.913865+00:00,CR,L,L-1,Left Side,UBE 850T-2,Non-Filling,Non_filling,0.5331528373111456,0.8390958545801117,0.637051351753476,0.645573112049991,0.203062951132609,0.0936332109551077,1,1,1,1,0,0,1,1.0
0809010922657,S14,1,2026-09-12 12:17:41.114509+00:00,CR,R,R-3,Rear,UBE 850T-2,Non-Filling,Non_filling,0.46719781262300486,0.7243277924419098,0.35329984705729167,0.4147962123402599,0.1923250800311429,0.6325620806379587,1,1,0,1,0,1,1,0.0
0809011722664,S14,1,2026-09-12 12:15:31.124470+00:00,CR,R,R-2,Rear,UBE 850T-2,Non-Filling,Non_filling,0.4597737238215393,0.8222282076821422,0.39480000090159467,0.4632446721390545,0.24807166000434205,0.743936270344729,1,1,0,1,0,1,1,0.0
0809011922665,S14,1,2026-09-12 15:46:52.736109+00:00,CR,B,B-1,Top View,UBE 850T-2,Non-Filling,Non_filling,0.5951170269183308,0.82024215292593,0.6755563452422058,0.19370924712809728,0.25260180317449926,0.162357134841526,1,1,1,0,0,0,1,1.0
0809014322685,S14,1,2026-09-12 15:47:49.922873+00:00,,,,,UBE 850T-2,"PLC_COMMUNICATION_FAILED_PLC SLMP START_ACK timeout (expected 1,1,2)",,0.43406920637245217,0.614015298353683,0.5870026100289396,0.6414141731410582,0.19272008242708086,0.11725019381529128,1,1,1,1,0,0,1,
0809014422686,S14,1,2026-09-12 15:50:02.713349+00:00,MR,B,B-1,Top View,UBE 850T-2,Face Chattering,,0.5042247870433537,0.8486412367736733,0.6091738594337446,0.4176675990122588,0.29794160279519927,0.15923427226140682,1,1,1,1,0,0,1,
0809014622688,S14,1,2026-09-12 12:14:54.468271+00:00,CR,S,S-2,Rear,UBE 850T-2,Non-Filling,Non_filling,0.4185110531375355,0.5928444718003455,0.45771878579898007,0.13229406986051556,0.17251337588391447,0.837407312666376,1,1,1,0,0,1,1,1.0
0809023622729,S14,1,2026-09-12 15:31:13.789286+00:00,CR,D,D-4,Top View,UBE 850T-2,Non-Filling,Non_filling,0.8240465718014853,0.8516303502370827,0.6311154219740744,0.8501978134652801,0.73366301701561,0.8355157102736163,1,1,1,1,1,1,1,1.0
0809023722730,S14,1,2026-09-12 15:44:04.094495+00:00,CR,S,S-2,Rear,UBE 850T-2,Chip-off,Chipoff,0.6446239395072372,0.42550344015889907,0.7913599978735034,0.36972405093817423,0.7353485552980457,0.8670909899471064,1,1,1,0,1,1,1,1.0
0809032222764,S14,1,2026-09-12 15:40:11.972059+00:00,CR,A,A-1,Top View,UBE 850T-2,Non-Filling,Non_filling,0.2108522424546369,0.280399091529197,0.7734754627729779,0.3299252212260234,0.7400765690208336,0.1633330253051905,0,0,1,0,1,0,1,1.0
0809034022779,S14,1,2026-09-12 15:27:31.766331+00:00,,,,,UBE 850T-2,"PLC_COMMUNICATION_FAILED_PLC SLMP START_ACK timeout (expected 1,1,2)",,0.5477349283420873,0.7582058717249314,0.9041582277805135,0.7220582603727745,0.20285623647422468,0.07029084445045918,1,1,1,1,0,0,1,
0809040522800,S14,1,2026-09-12 15:42:46.653782+00:00,CR,A,A-2,Top View,UBE 850T-2,Non-Filling,Non_filling,0.5158798935556372,0.7603008403856268,0.7370285860514344,0.6679546208591884,0.3251470499482087,0.19486664039469548,1,1,1,1,0,0,1,1.0
0809041222806,S14,1,2026-09-12 15:20:19.246361+00:00,CRAM,E,E-1,Bottom View,UBE 850T-2,Cold Shut,,0.743333749253235,0.8215835283053283,0.660815905979323,0.482023874423282,0.34208081606783997,0.09612478950181477,1,1,1,1,0,0,1,
0809042322815,S14,1,2026-09-12 15:21:11.926638+00:00,MR,B,B-1,Top View,UBE 850T-2,Dia Under Size,,0.5782277359057215,0.8226916932607349,0.6100324004127442,0.48212283294234415,0.2452537260679325,0.9024955539188414,1,1,1,1,0,1,1,
0809042522817,S14,1,2026-09-12 15:27:59.920850+00:00,CRAM,A,A-2,Top View,UBE 850T-2,Blow Hole M8,Blow_Hole,0.36551823447002874,0.7632119378901154,0.5874828392230151,0.35392314950601456,0.6842425807279064,0.8341766447787956,0,1,1,0,1,1,1,0.0
0809043622826,S14,1,2026-09-12 15:13:46.772490+00:00,CR,B,B-1,Top View,UBE 850T-2,Non-Filling,Non_filling,0.5382539235464567,0.5992470018621039,0.5791898657642511,0.8199474146223378,0.3675944329001859,0.8304567529724272,1,1,1,1,0,1,1,1.0
0809043922828,S14,1,2026-09-12 15:18:50.176755+00:00,CR,B,B-1,Top View,UBE 850T-2,Non-Filling,Non_filling,0.74319352537904,0.8181234682163283,0.7010189457628635,0.824985328191544,0.44133296899567626,0.8845815599526823,1,1,1,1,1,1,1,1.0
0809044322832,S14,1,2026-09-12 15:20:31.415620+00:00,CR,B,B-1,Top View,UBE 850T-2,Non-Filling,Non_filling,0.6787331644396504,0.800489024841246,0.4152220185037677,0.8590210633214451,0.7994070596366316,0.40288518161815207,1,1,1,1,1,1,1,1.0
0809045922843,S14,1,2026-09-12 14:55:50.126659+00:00,CRAM,B,B-1,Top View,UBE 850T-2,Face Blow Hole,Blow_Hole,0.8238268043640702,0.8179782402214192,0.5489835913976654,0.3143542093042157,0.18536145244526414,0.15390025418750167,1,1,1,0,0,0,1,1.0
0809050022844,S14,1,2026-09-12 14:54:29.076258+00:00,CR,A,A-1,Top View,UBE 850T-2,Non-Filling,Non_filling,0.37167011148903184,0.599834533734378,0.5611350821971921,0.23527060254755533,0.32510579792704664,0.8391087681001255,0,1,1,0,0,1,1,1.0
0809051422856,S14,1,2026-09-12 14:55:33.640587+00:00,CRAM,B,B-1,Top View,UBE 850T-2,Blow Hole M8,Blow_Hole,0.37943079172846866,0.7595167133351977,0.2993245318256814,0.10909497026226012,0.19717909972625358,0.09731091761757367,0,1,0,0,0,0,1,0.0
0809054922872,S14,1,2026-09-12 14:53:28.222761+00:00,CR,A,A-2,Top View,UBE 850T-2,Non-Filling,Non_filling,0.7198460661971613,0.6127571805896824,0.7427768469451335,0.3292355669216548,0.39925314121964267,0.8364030303327868,1,1,1,0,0,1,1,1.0
0809055022873,S14,1,2026-09-12 19:52:06.708739+00:00,CR,L,L-1,Left Side,UBE 850T-2,Non-Filling,Non_filling,0.68769112575749,0.8365484168915273,0.7580574899448832,0.41892144377035334,0.42372319890149057,0.07961967562434019,1,1,1,1,1,0,1,1.0
0809062122886,S14,1,2026-09-12 15:05:09.115577+00:00,CRAM,P,P-2,Front,UBE 850T-2,M14 Face Blow Hole,Blow_Hole,0.7266001917511324,0.8211825333585658,0.8946546496142813,0.620075755533382,0.2053121257758157,0.09505672198898532,1,1,1,1,0,0,1,1.0
0809090022926,S14,1,2026-09-12 15:02:02.139371+00:00,CRAM,P,P-2,Front,UBE 850T-2,LT Oil Gallery-1 NG,,0.5196693893796784,0.580111797700339,0.7702385319862246,0.13319952033961924,0.44254897044228086,0.8810384706766233,1,1,1,0,1,1,1,
0809093722955,S14,1,2026-09-12 14:42:34.335528+00:00,CRAM,B,B-1,Top View,UBE 850T-2,Blow Hole M8,Blow_Hole,0.7020917771004503,0.42959076984826794,0.701661349725615,0.3848527706092889,0.7351809506040381,0.1541671363833452,1,1,1,0,1,0,1,1.0
0809095822972,S14,1,2026-09-12 14:46:00.451273+00:00,CRAM,C,C-1,Top View,UBE 850T-2,Blow Hole M8,Blow_Hole,0.6581105114661243,0.8317512739714406,0.803557359957436,0.32990198132579596,0.24292613693774018,0.8315435542543124,1,1,1,0,0,1,1,1.0
0809124822996,S14,1,2026-09-12 14:42:05.809762+00:00,CRAM,B,B-1,Top View,UBE 850T-2,Porosity,Porosity,0.40036518713737657,0.6147569685623102,0.3974231721131274,0.36957592352186136,0.44230800605791154,0.1986587299542246,1,1,0,0,1,0,1,0.0
0809124922997,S14,1,2026-09-12 14:35:16.364800+00:00,CR,A,A-3,Top View,UBE 850T-2,Non-Filling,Non_filling,0.40760990192512286,0.8493609544461245,0.6853080785350886,0.44567374710445584,0.21434762379061464,0.2624909351427416,1,1,1,1,0,0,1,1.0
0809125222999,S14,1,2026-09-12 14:38:47.909766+00:00,CR,A,A-3,Top View,UBE 850T-2,Bend,,0.3789402662811312,0.8468340145412334,0.6922882915651611,0.7860340867247559,0.24659660157174296,0.1556056522906688,0,1,1,1,0,0,1,
0809125323000,S14,1,2026-09-12 14:38:11.691185+00:00,CR,R,R-3,Rear,UBE 850T-2,Bend,,0.19396452122250354,0.8121236280535534,0.7839690627341829,0.2447683293344867,0.19146707196172535,0.30811846930379205,0,1,1,0,0,0,1,
0809130023006,S14,1,2026-09-12 14:37:35.090882+00:00,CRAM,F,F-3,Bottom View,UBE 850T-2,Blow Hole M8,Blow_Hole,0.6787845336444621,0.5326084128922897,0.8605115915793664,0.6823710674775826,0.18077661359709796,0.09594756488125573,1,1,1,1,0,0,1,1.0
0809130423009,S14,1,2026-09-12 14:37:18.548576+00:00,CRAM,B,B-1,Top View,UBE 850T-2,Blow Hole M8,Blow_Hole,0.6667300308597891,0.8262423657585481,0.5596430978028237,0.8144934022363729,0.21111040435232653,0.11346941238310382,1,1,1,1,0,0,1,1.0
0809131023014,S14,1,2026-09-12 14:40:13.018682+00:00,CRAM,B,B-1,Top View,UBE 850T-2,Face Blow Hole,Blow_Hole,0.7428663041029859,0.8338657503838556,0.8606597763995341,0.24508837730619198,0.19195805719467796,0.1470926654968393,1,1,1,0,0,0,1,1.0
0809131623019,S14,1,2026-09-12 14:35:57.138178+00:00,CRAM,B,B-1,Top View,UBE 850T-2,Face Blow Hole,Blow_Hole,0.18503347603674225,0.30102503814086595,0.5535576360005872,0.23523061554307406,0.2439394579931768,0.12745828978090268,0,0,1,0,0,0,1,0.0
0809135723053,S14,1,2026-09-12 14:14:35.932182+00:00,CRAM,B,B-1,Top View,UBE 850T-2,Blow Hole M8,Blow_Hole,0.585084248047369,0.8258200641157405,0.48295545946898016,0.6187386375124175,0.3255374824467523,0.8105469407711111,1,1,1,1,0,1,1,1.0
0809140023056,S14,1,2026-09-12 14:36:13.716255+00:00,CRAM,B,B-1,Top View,UBE 850T-2,Porosity,Porosity,0.41001462680242595,0.8175312586505291,0.6465526707011225,0.8200869305592848,0.24485150222557667,0.9167467159901935,1,1,1,1,0,1,1,1.0
0809140623061,S14,1,2026-09-12 14:14:19.418713+00:00,CRAM,B,B-1,Top View,UBE 850T-2,Blow Hole M8,Blow_Hole,0.2082221886843308,0.8432455426454006,0.3435594541079888,0.1480010563041234,0.28791775700717154,0.15403471681833966,0,1,0,0,0,0,1,0.0
0809140723062,S14,1,2026-09-12 14:14:03.246026+00:00,CRAM,B,B-1,Top View,UBE 850T-2,Blow Hole M8,Blow_Hole,0.39824591297255585,0.8321621169020741,0.7538022177530066,0.26881005645961037,0.24564563973315534,0.8347006501727701,0,1,1,0,0,1,1,0.0
0809140923063,S14,1,2026-09-12 14:17:57.686453+00:00,CR,A,A-1,Top View,UBE 850T-2,Non-Filling,Non_filling,0.21143747550601716,0.8432519244082259,0.7959549033775202,0.6201839384712979,0.18141780681630165,0.5102534701383338,0,1,1,1,0,1,1,1.0
0809141523068,S14,1,2026-09-12 14:21:56.654624+00:00,CR,D,D-4,Top View,UBE 850T-2,Non-Filling,Non_filling,0.25324307966711557,0.6142290633318737,0.6243394164609515,0.6936215283950123,0.4414113177426516,0.877323033846671,0,1,1,1,1,1,1,1.0
0809141723070,S14,1,2026-09-12 14:18:34.340269+00:00,CR,O,O-1,Front,UBE 850T-2,Non-Filling,Non_filling,0.5693030942157654,0.7426608715047712,0.7019543252780522,0.6750824402632383,0.2538994874554929,0.726887454504402,1,1,1,1,0,1,1,1.0
0809143123082,S14,1,2026-09-12 14:18:21.860393+00:00,CR,R,R-2,Rear,UBE 850T-2,Non-Filling,Non_filling,0.49562913197141545,0.7245908957057003,0.29736673040073874,0.7277847138784782,0.5253917091392377,0.16246591943526897,1,1,0,1,1,0,1,0.0
0809143623086,S14,1,2026-09-12 14:22:57.459135+00:00,CR,I,I-1,Left Side,UBE 850T-2,Non-Filling,Non_filling,0.25498712496407694,0.8407969149317966,0.8499191576736091,0.7102567556177437,0.1896519280994699,0.919868019998876,0,1,1,1,0,1,1,1.0
0809143723087,S14,1,2026-09-12 14:21:24.017096+00:00,CRAM,B,B-1,Top View,UBE 850T-2,Blow Hole M8,Blow_Hole,0.4142609464728886,0.843802315164359,0.43147844287261994,0.7507680853788584,0.24515252855356218,0.15953576972675812,1,1,1,1,0,0,1,1.0
0809144623094,S14,1,2026-09-12 14:28:50.263363+00:00,CRAM,B,B-1,Top View,UBE 850T-2,Blow Hole M8,Blow_Hole,0.6256567411820313,0.2960499859679883,0.5927653584018713,0.7951521154543952,0.7377091982387085,0.10991538900363844,1,0,1,1,1,0,1,1.0
0809144823096,S14,1,2026-09-12 14:24:31.136958+00:00,CR,R,R-2,Rear,UBE 850T-2,Non-Filling,Non_filling,0.8813818908975019,0.8274575142340983,0.5298635000906036,0.7641085903635252,0.403241150326462,0.8813563879187434,1,1,1,1,1,1,1,1.0
0809145423101,S14,1,2026-09-12 14:23:42.153874+00:00,CR,D,D-4,Top View,UBE 850T-2,Non-Filling,Non_filling,0.8050748313431991,0.5977162112480092,0.5867796920752149,0.7904192910643266,0.2543113477122311,0.1538035231832408,1,1,1,1,0,0,1,1.0
0809150823112,S14,1,2026-09-13 08:24:03.796798+00:00,CR,A,A-4,Top View,UBE 850T-2,Non-Filling,Non_filling,0.5327957836230068,0.5961346728279981,0.9036189809313742,0.32114365618975527,0.1701737149116245,0.08779590962910802,1,1,1,0,0,0,1,1.0
0809152823129,S14,1,2026-09-12 14:29:54.793123+00:00,CRAM,B,B-1,Top View,UBE 850T-2,Blow Hole M8,Blow_Hole,0.8172371135805097,0.7411131258646728,0.8401863339853411,0.605474059274615,0.41426638471752436,0.08566235451165505,1,1,1,1,1,0,1,1.0
0809152923130,S14,1,2026-09-12 14:30:11.279389+00:00,CRAM,B,B-1,Top View,UBE 850T-2,Blow Hole M8,Blow_Hole,0.6320401418571434,0.8564775308276216,0.7224315905861404,0.6534823492379549,0.4032936220364512,0.8944976625175494,1,1,1,1,1,1,1,1.0
0809162223169,S14,1,2026-09-12 17:25:50.191594+00:00,CR,A,A-3,Top View,UBE 850T-2,Bend,,0.20256045107200701,0.8197272190730502,0.6323848292167559,0.31902356776124074,0.18438258687790923,0.42797054984949817,0,1,1,0,0,1,1,
0809162423171,S14,1,2026-09-12 17:28:27.902117+00:00,CR,R,R-1,Rear,UBE 850T-2,Bend,,0.3942684196205596,0.8415971496326813,0.24590982281716312,0.814060281359962,0.738312384339331,0.8353299781756076,0,1,0,1,1,1,1,
0809162523172,S14,1,2026-09-12 17:26:02.374910+00:00,CR,A,A-3,Top View,UBE 850T-2,Non-Filling,Non_filling,0.20807782113613923,0.8097502578697473,0.8678253014494387,0.7213007583499859,0.4165299561519021,0.578259945356534,0,1,1,1,1,1,1,1.0
0809162723173,S14,1,2026-09-13 05:16:29.098919+00:00,CRAM,B,B-1,Top View,UBE 850T-2,Face Blow Hole,Blow_Hole,0.10161123130742564,0.29773005582862144,0.5303393441646241,0.19637066482186266,0.7216056239201258,0.8050633653336049,0,0,1,0,1,1,1,0.0
0809163023176,S14,1,2026-09-12 17:37:13.681530+00:00,CR,L,L-1,Left Side,UBE 850T-2,Crack,Crack,0.5643274065502177,0.8111861331212898,0.7215212857731094,0.8328280961756664,0.7337036712738768,0.12757296602493845,1,1,1,1,1,0,1,1.0
0809164323187,S14,1,2026-09-12 17:31:50.032468+00:00,CR,A,A-2,Top View,UBE 850T-2,Non-Filling,Non_filling,0.41987058297709534,0.8374795380169757,0.7255800895996752,0.6006114037080781,0.24405191067480242,0.8814334866884013,1,1,1,1,0,1,1,1.0
0809164623189,S14,1,2026-09-13 00:50:31.035829+00:00,CRAM,C,C-1,Top View,UBE 850T-2,Porosity,Porosity,0.28056000101244183,0.8198477891540304,0.4920567208072262,0.6841804748427653,0.29819713741168025,0.8989675000689905,0,1,1,1,0,1,1,1.0
0809170323203,S14,1,2026-09-14 01:38:47.783170+00:00,MR,B,B-1,Top View,UBE 850T-2,Chipoff on Dia 8.0,Chipoff,0.7217395751018023,0.2995673319889661,0.3870390195059293,0.28560688109945004,0.7368462983043625,0.8074893788995556,1,0,0,0,1,1,1,1.0
0809171923217,S14,1,2026-09-14 01:36:04.730811+00:00,CRAM,B,B-1,Top View,UBE 850T-2,Face Blow Hole,Blow_Hole,0.6801278649824436,0.8381694258494342,0.5601564375508536,0.6533265327978985,0.2031985057545821,0.8359678280552238,1,1,1,1,0,1,1,1.0
0809173023226,S14,1,2026-09-14 01:38:06.986370+00:00,CRAM,B,B-1,Top View,UBE 850T-2,Blow Hole M8,Blow_Hole,0.5155913533125991,0.27700193339589957,0.6985332900048693,0.645350015413246,0.2538735070015636,0.15388952679099183,1,0,1,1,0,0,1,1.0
0809180823253,S14,1,2026-09-12 18:11:01.901137+00:00,CR,R,R-2,Rear,UBE 850T-2,Non-Filling,Non_filling,0.654279484538369,0.5291672795369453,0.6829953692987183,0.645208753128848,0.2563369280769892,0.6293580240474425,1,1,1,1,0,1,1,1.0
0809181723260,S14,1,2026-09-14 01:36:45.541555+00:00,CRAM,B,B-1,Top View,UBE 850T-2,Face Blow Hole,Blow_Hole,0.7605865637122051,0.7427834583266641,0.8019004350659025,0.6534802229284056,0.5779983288575388,0.1115984835040531,1,1,1,1,1,0,1,1.0
0809182723269,S14,1,2026-09-13 00:56:18.057023+00:00,CRAM,C,C-1,Top View,UBE 850T-2,Porosity,Porosity,0.6691117092506154,0.7228597525330738,0.7115480477113086,0.7102508184265627,0.24446743387250494,0.8066497529413105,1,1,1,1,0,1,1,1.0
0809183023271,S14,1,2026-09-12 17:36:37.134217+00:00,CR,R,R-3,Rear,UBE 850T-2,Non-Filling,Non_filling,0.6663789802467932,0.7407220413007838,0.8578890926352726,0.8092310420288447,0.33579155474698125,0.09411578185250954,1,1,1,1,0,0,1,1.0
0809185423291,S14,1,2026-09-12 17:47:02.802912+00:00,CR,R,R-2,Rear,UBE 850T-2,Non-Filling,Non_filling,0.8782870372344836,0.5330111871531286,0.6346954034679853,0.6457273315112813,0.24431717731342803,0.5816217402752724,1,1,1,1,0,1,1,1.0
0809190023296,S14,1,2026-09-14 01:33:22.685786+00:00,CRAM,B,B-1,Top View,UBE 850T-2,Blow Hole M8,Blow_Hole,0.45714168566665414,0.32834325298748845,0.7240695350147464,0.46475616266300507,0.2548106019097518,0.15408434448004305,1,0,1,1,0,0,1,1.0
0809191223306,S14,1,2026-09-12 17:45:41.905761+00:00,CR,S,S-2,Rear,UBE 850T-2,Non-Filling,Non_filling,0.7266119696389775,0.3003289273668664,0.7495745204873585,0.7252668446066477,0.1674926744229952,0.27011291123449804,1,0,1,1,0,0,1,1.0
0809194923319,S14,1,2026-09-12 18:03:24.602928+00:00,CR,A,A-2,Top View,UBE 850T-2,Bend,,0.5643919628885217,0.8630121504233372,0.8498929523117235,0.8547229994524825,0.18245796345708037,0.8740737046793345,1,1,1,1,0,1,1,
0809195523324,S14,1,2026-09-12 19:35:39.387194+00:00,CR,A,A-1,Top View,UBE 850T-2,Non-Filling,Non_filling,0.40737431895781673,0.8398727525704514,0.9162500945218226,0.26874538021688665,0.17881082108770924,0.16128518399602074,1,1,1,0,0,0,1,1.0
0809195623325,S14,1,2026-09-12 18:05:26.078424+00:00,CR,C,C-1,Top View,UBE 850T-2,Bend,,0.1870067840806902,0.2952362857894651,0.7050441262235122,0.6533752416455085,0.2492373863419638,0.3392122154261075,0,0,1,1,0,0,1,
0809200223330,S14,1,2026-09-12 19:05:24.639898+00:00,CR,A,A-3,Top View,UBE 850T-2,Non-Filling,Non_filling,0.6417691697839782,0.5956837556084695,0.8662037190402316,0.8192394603293324,0.4414516886534348,0.3083545719818566,1,1,1,1,1,0,1,1.0
0809200323331,S14,1,2026-09-12 17:58:18.200005+00:00,CR,A,A-3,Top View,UBE 850T-2,Bend,,0.5603696981176336,0.7604099585261481,0.8869707705718761,0.40177799255759694,0.2532347724680215,0.19866181883844933,1,1,1,1,0,0,1,
0809204823368,S14,1,2026-09-12 18:08:44.062797+00:00,CR,R,R-3,Rear,UBE 850T-2,Non-Filling,Non_filling,0.5206870721403869,0.2745406060559453,0.5825700129810266,0.641324611124814,0.2105566553018247,0.7348463372236718,1,0,1,1,0,1,1,1.0
0809212123396,S14,1,2026-09-13 01:04:25.551286+00:00,CRAM,H,H-1,Bottom View,UBE 850T-2,Porosity,Porosity,0.6467578089653274,0.4250529263872732,0.6648436012205071,0.825264746888788,0.18662107690712462,0.7224712687083645,1,1,1,1,0,1,1,1.0
0809214723417,S14,1,2026-09-12 20:01:35.244524+00:00,CRAM,H,H-3,Bottom View,UBE 850T-2,Face Blow Hole,Blow_Hole,0.8171963578617519,0.8216051476990637,0.7961077777057131,0.6904873574199267,0.17203081988073915,0.8794002517682049,1,1,1,1,0,1,1,1.0
0809214923419,S14,1,2026-09-12 18:10:33.204310+00:00,CR,O,O-2,Front,UBE 850T-2,Chip-off,Chipoff,0.7431462497792076,0.43008210757696064,0.6679656170214595,0.5085719115224342,0.5132855059955465,0.1683662302397067,1,1,1,1,1,0,1,0.0
0809221923444,S14,1,2026-09-13 01:08:32.323890+00:00,CRAM,C,C-1,Top View,UBE 850T-2,Porosity,Porosity,0.728637369589669,0.2790393010786627,0.6157540715720713,0.7436324079889708,0.16470106822786823,0.10381908826622217,1,0,1,1,0,0,1,1.0
0809224023461,S14,1,2026-09-12 18:05:38.559188+00:00,CR,G,G-1,Bottom View,UBE 850T-2,Non-Filling,Non_filling,0.6412647945519618,0.25831233396127923,0.4686690336222115,0.3317498741006204,0.1715763312947559,0.6320269642063049,1,0,1,0,0,1,1,1.0
0810011823592,S14,1,2026-09-13 21:33:31.362113+00:00,,,,,UBE 850T-2,PLC_COMMUNICATION_FAILED_PLC packet timeout,,0.6416952181324973,0.5248223969930612,0.6806274134506761,0.2439016429794696,0.1873911298515699,0.28453095944017537,1,1,1,0,0,0,1,
0810013023602,S14,1,2026-09-12 18:21:57.178445+00:00,CR,S,S-2,Rear,UBE 850T-2,Non-Filling,Non_filling,0.526885901724948,0.742370801976781,0.7863831840303097,0.35731041403112623,0.7367539604806662,0.402855583664171,1,1,1,0,1,1,1,1.0
0810013123603,S14,1,2026-09-14 09:26:52.631710+00:00,CRAM,E,E-1,Bottom View,UBE 850T-2,Blow Hole M8,Blow_Hole,0.6348940624683713,0.7436670830152465,0.7867044087982972,0.33438599535815755,0.7385667220229262,0.4022471244712369,1,1,1,0,1,1,1,1.0
0810013823609,S14,1,2026-09-12 18:43:46.971150+00:00,CR,S,S-2,Rear,UBE 850T-2,Non-Filling,Non_filling,0.7198407520531048,0.820279762882035,0.7036825880298848,0.5854753228971162,0.5253279898810168,0.09345598484133284,1,1,1,1,1,0,1,1.0
0810014523615,S14,1,2026-09-12 18:22:09.359143+00:00,CR,S,S-2,Rear,UBE 850T-2,Non-Filling,Non_filling,0.5135291904500107,0.8436708887927655,0.766104297449816,0.3454113919886924,0.255157901132663,0.8758847173673268,1,1,1,0,0,1,1,1.0
0810021123636,S14,1,2026-09-12 18:22:42.042030+00:00,CR,L,L-1,Left Side,UBE 850T-2,Non-Filling,Non_filling,0.82425677593847,0.6941381828964173,0.8496120798679545,0.4942345501778136,0.33582632909093707,0.08971608310693177,1,1,1,1,0,0,1,1.0
0810021723641,S14,1,2026-09-12 18:22:29.854241+00:00,CR,S,S-2,Rear,UBE 850T-2,Non-Filling,Non_filling,0.7857558061935634,0.6146405875609009,0.8470968930100584,0.5592513982726827,0.3256841626722638,0.10012972984981042,1,1,1,1,0,0,1,1.0
0810025923675,S14,1,2026-09-12 18:22:54.211109+00:00,CR,S,S-2,Rear,UBE 850T-2,Non-Filling,Non_filling,0.3350549471672321,0.2783843112644567,0.8699258981358785,0.4089829830651015,0.19239311538270343,0.8339498123979974,0,0,1,1,0,1,1,1.0
0810032723698,S14,1,2026-09-12 18:37:37.962479+00:00,CR,S,S-2,Rear,UBE 850T-2,Non-Filling,Non_filling,0.8240186535392713,0.742134978273673,0.5558457160424513,0.47871439287719775,0.24961308925072356,0.15378373373151885,1,1,1,1,0,0,1,1.0
0810050023775,S14,1,2026-09-12 19:05:45.207462+00:00,,,,,UBE 850T-2,"PLC_COMMUNICATION_FAILED_PLC SLMP START_ACK timeout (expected 1,1,2)",,0.5030402076512723,0.2955254164050484,0.7517897987544233,0.6822127155290083,0.19239681955842242,0.6268065237732545,1,0,1,1,0,1,1,
0810091323959,S14,1,2026-09-12 22:15:10.823381+00:00,CRAM,B,B-1,Top View,UBE 850T-2,Face Blow Hole,Blow_Hole,0.6236837602764052,0.8258806885486912,0.4870241535793689,0.7944684788806359,0.25269955438831876,0.7439143197683544,1,1,1,1,0,1,1,1.0
0810102524019,S14,1,2026-09-13 04:29:54.629942+00:00,MR,G,G-1,Bottom View,UBE 850T-2,Dent,,0.46629241321085285,0.7666966281552435,0.6243107423466121,0.32166486618407836,0.2089210298163829,0.1609698002555784,1,1,1,0,0,0,1,
0810110624053,S14,1,2026-09-12 18:11:14.070209+00:00,CR,D,D-4,Top View,UBE 850T-2,Dent,,0.49360559811846805,0.8589587596167655,0.8491686794090926,0.8457724459786089,0.20930380875272217,0.885295430147035,1,1,1,1,0,1,1,
0810112024065,S14,1,2026-09-12 22:12:11.945815+00:00,CRAM,B,B-1,Top View,UBE 850T-2,Blow Hole M8,Blow_Hole,0.5682492774062103,0.39041511721731237,0.7907483243008984,0.3355185399351629,0.2482919277309471,0.8306766717715306,1,0,1,0,0,1,1,1.0
0810112424068,S14,1,2026-09-12 22:17:04.652306+00:00,CR,E,E-2,Bottom View,UBE 850T-2,Non-Filling,Non_filling,0.6414100872266815,0.26426778758072317,0.846651836379906,0.3518874660945915,0.3357217715976182,0.16119683599873266,1,0,1,0,0,0,1,1.0
0810112524069,S14,1,2026-09-14 06:30:38.582616+00:00,CRAM,B,B-1,Top View,UBE 850T-2,Blow Hole M8,Blow_Hole,0.8744789048955128,0.8260409154484263,0.7601312808380551,0.3319920957399717,0.2506247945503119,0.9190907310731011,1,1,1,0,0,1,1,1.0
0810114224083,S14,1,2026-09-12 17:57:05.492786+00:00,CR,K,K-1,Left Side,UBE 850T-2,Non-Filling,Non_filling,0.5247850665073979,0.5782719144390689,0.6767216599611401,0.8067337906580533,0.2681274928729461,0.10600852840475145,1,1,1,1,0,0,1,1.0
0810124024131,S14,1,2026-09-13 00:58:26.282198+00:00,CRAM,H,H-3,Bottom View,UBE 850T-2,Face Blow Hole,Blow_Hole,0.5895301978471945,0.28202770474993233,0.35629412004213445,0.35217219023070906,0.679771388082202,0.8364798585474651,1,0,0,0,1,1,1,1.0
0810124624136,S14,1,2026-09-13 00:58:10.102327+00:00,,,,,UBE 850T-2,"PLC_COMMUNICATION_FAILED_PLC SLMP START_ACK timeout (expected 1,1,2)",,0.6615158432875452,0.7246225004012141,0.8261593932051455,0.25967785164487667,0.19098036598183263,0.5108342163343866,1,1,1,0,0,1,1,
0810125824146,S14,1,2026-09-13 00:59:55.380904+00:00,CR,A,A-4,Top View,UBE 850T-2,Non-Filling,Non_filling,0.743158502749754,0.7214626304663967,0.7784254541277243,0.7617157221629167,0.25380649855617166,0.11043130733289704,1,1,1,1,0,0,1,1.0
0810132724155,S14,1,2026-09-12 18:31:39.978549+00:00,CR,B,B-1,Top View,UBE 850T-2,Non-Filling,Non_filling,0.49830652974069534,0.5984268955430281,0.6141742565763453,0.8330732789076938,0.679752027757053,0.8334788313745365,1,1,1,1,1,1,1,1.0
0810142424198,S14,1,2026-09-12 18:33:41.916577+00:00,CR,K,K-1,Left Side,UBE 850T-2,Non-Filling,Non_filling,0.8761230091629753,0.8373043385226839,0.6959092234322009,0.6728052026621925,0.4051750744772426,0.8733873186647778,1,1,1,1,1,1,1,1.0
0810155224266,S14,1,2026-09-12 22:08:44.871957+00:00,CR,R,R-2,Rear,UBE 850T-2,Bend,,0.4199186285320331,0.8100989979613376,0.7937645071679189,0.6189157109298029,0.20074354294357555,0.8749643985684301,1,1,1,1,0,1,1,
0810162124290,S14,1,2026-09-12 18:17:17.445898+00:00,CR,R,R-2,Rear,UBE 850T-2,Dent,,0.3986723133767922,0.2867264839141021,0.7970901857041595,0.7618553789884484,0.2538487588667877,0.07912426517197087,0,0,1,1,0,0,1,
0810162624294,S14,1,2026-09-12 18:19:30.938615+00:00,CR,O,O-2,Front,UBE 850T-2,Dent,,0.41626102409368887,0.3905231678133359,0.7870369703105979,0.7411927195808297,0.20759241037988233,0.07013639451451309,1,0,1,1,0,0,1,
0810164024306,S14,1,2026-09-12 18:18:38.341458+00:00,CR,R,R-2,Rear,UBE 850T-2,Non-Filling,Non_filling,0.28030782270278315,0.2823063267211223,0.7017729516775566,0.3596626685302362,0.4241457210154594,0.06410911310261996,0,0,1,0,1,0,1,1.0
0810173824315,S14,1,2026-09-12 17:24:41.064813+00:00,CR,A,A-3,Top View,UBE 850T-2,Bend,,0.7423368575414824,0.5797583672508169,0.5167238824490515,0.7176435492065567,0.24566323461079992,0.8403779451445383,1,1,1,1,0,1,1,
0810174124317,S14,1,2026-09-12 17:19:20.443118+00:00,CR,A,A-3,Top View,UBE 850T-2,Bend,,0.41036783029884255,0.2863078685560379,0.6581702822092712,0.5382724615697108,0.2557279770739765,0.41683551122087387,1,0,1,1,0,1,1,
0810174724322,S14,1,2026-09-13 05:12:34.958355+00:00,CRAM,C,C-1,Top View,UBE 850T-2,Chipoff on M8.0,Chipoff,0.44995002482780744,0.4292207098570539,0.582534729338986,0.6056166551720565,0.24682878372797884,0.764610096101193,1,1,1,1,0,1,1,1.0
0810194724422,S14,1,2026-09-13 00:22:51.070494+00:00,CRAM,B,B-1,Top View,UBE 850T-2,Face Blow Hole,Blow_Hole,0.501887316489436,0.43072900905371736,0.9064838363859391,0.7640479483730029,0.1885105509899767,0.25028292860494444,1,1,1,1,0,0,1,1.0
0810195624429,S14,1,2026-09-13 00:49:06.285556+00:00,,,,,UBE 850T-2,"PLC_COMMUNICATION_FAILED_PLC SLMP START_ACK timeout (expected 1,1,2)",,0.3990754432219877,0.7595634939387766,0.6911498236485909,0.19135006886909983,0.255112849160863,0.10646103889234969,0,1,1,0,0,0,1,
0810201524445,S14,1,2026-09-13 00:13:20.001490+00:00,CRAM,B,B-1,Top View,UBE 850T-2,Porosity,Porosity,0.5625272562639491,0.6149264219852706,0.6533254882422849,0.8309537256210544,0.7658148770158187,0.836699627097895,1,1,1,1,1,1,1,1.0
0810214624519,S14,1,2026-09-13 06:27:50.911331+00:00,CR,L,L-1,Left Side,UBE 850T-2,Non-Filling,Non_filling,0.41440184268271185,0.27998932446557445,0.6314132734533904,0.641015248689294,0.19601769847508974,0.27005251058565893,1,0,1,1,0,0,1,1.0
0810224024540,S14,1,2026-09-13 21:25:36.156364+00:00,CRAM,E,E-2,Bottom View,UBE 850T-2,Blow Hole M8,Blow_Hole,0.7050460384235905,0.5748084165838381,0.38563584223035985,0.50858534618192,0.42490251410524316,0.15565141981384037,1,1,0,1,1,0,1,1.0
0810224424544,S14,1,2026-09-13 21:31:18.299492+00:00,,,,,UBE 850T-2,PLC_COMMUNICATION_FAILED_PLC circuit open until 2026-08-17T04:41:43.602Z,,0.4074128691257264,0.5325089461098634,0.6183783133730593,0.6933176496525361,0.2437716144366437,0.16272850543296427,1,1,1,1,0,0,1,
0810225224550,S14,1,2026-09-13 21:28:35.377076+00:00,,,,,UBE 850T-2,PLC_COMMUNICATION_FAILED_PLC packet timeout,,0.6616665438088029,0.4303654736610484,0.7391093025411231,0.13312947610453812,0.21880257630842848,0.8365367623847195,1,1,1,0,0,1,1,
0810225424552,S14,1,2026-09-13 21:29:36.228960+00:00,,,,,UBE 850T-2,PLC_COMMUNICATION_FAILED_PLC circuit open until 2026-08-17T04:52:02.454Z,,0.2990634046956818,0.7436937755849342,0.7317925856756486,0.7609863324733978,0.5748067132349716,0.807509173959115,0,1,1,1,1,1,1,
0810225524553,S14,1,2026-09-13 21:26:57.488334+00:00,,,,,UBE 850T-2,PLC_COMMUNICATION_FAILED_PLC packet timeout,,0.410505930030279,0.6939128197294325,0.8781627459089698,0.798278603839401,0.37903798156464347,0.8412514952578705,1,1,1,1,0,1,1,
0810225824555,S14,1,2026-09-13 21:30:37.544462+00:00,,,,,UBE 850T-2,PLC_COMMUNICATION_FAILED_PLC circuit open until 2026-08-17T04:32:04.254Z,,0.6539781275080367,0.2959643369132001,0.7148615599019281,0.7067370960139869,0.7333865036429388,0.33899974675608385,1,0,1,1,1,0,1,
0810230024557,S14,1,2026-09-13 21:26:37.269830+00:00,,,,,UBE 850T-2,PLC_COMMUNICATION_FAILED_PLC circuit open until 2026-08-17T04:34:34.632Z,,0.4467080286027679,0.7250135207842175,0.8595682431746543,0.8559809917953936,0.21361603045088434,0.8363972509721447,1,1,1,1,0,1,1,
0810230124558,S14,1,2026-09-13 21:30:57.769867+00:00,,,,,UBE 850T-2,PLC_COMMUNICATION_FAILED_PLC circuit open until 2026-08-17T04:19:18.063Z,,0.7423426812364315,0.6944399275283882,0.45033143514056384,0.3578452011543183,0.34194683015820365,0.8904231415756945,1,1,1,0,0,1,1,
0810230424560,S14,1,2026-09-13 21:29:16.004976+00:00,CRAM,B,B-1,Top View,UBE 850T-2,Blow Hole M8,Blow_Hole,0.7163770021974597,0.6938855093371441,0.5206189314483338,0.849224267555817,0.2553851996932568,0.09495937401040971,1,1,1,1,0,0,1,1.0
0810230524561,S14,1,2026-09-13 21:28:14.846387+00:00,,,,,UBE 850T-2,PLC_COMMUNICATION_FAILED_PLC circuit open until 2026-08-17T04:45:03.848Z,,0.4484573816883,0.825283085130555,0.7793642975599548,0.7955706137234608,0.7695866804201128,0.8966170361079899,1,1,1,1,1,1,1,
0810230624562,S14,1,2026-09-13 21:27:34.070918+00:00,,,,,UBE 850T-2,PLC_COMMUNICATION_FAILED_PLC packet timeout,,0.40750605389654915,0.3088529128110622,0.6957116547972851,0.7945016939079961,0.2443632039640664,0.11063798188159718,1,0,1,1,0,0,1,
0810231124566,S14,1,2026-09-13 21:30:17.003433+00:00,,,,,UBE 850T-2,PLC_COMMUNICATION_FAILED_PLC circuit open until 2026-08-17T04:43:15.134Z,,0.44667994607280975,0.5235655160915038,0.8321984125253936,0.34822415223408437,0.41657056325480885,0.14697747876455053,1,1,1,0,1,0,1,
0810231224567,S14,1,2026-09-13 21:24:59.570485+00:00,,,,,UBE 850T-2,PLC_COMMUNICATION_FAILED_PLC packet timeout,,0.1854570988954796,0.7671285143055787,0.34968814653192315,0.11104804968409002,0.18841085044665679,0.11070119496139977,0,1,0,0,0,0,1,
0810231324568,S14,1,2026-09-13 21:27:54.618817+00:00,,,,,UBE 850T-2,PLC_COMMUNICATION_FAILED_PLC packet timeout,,0.49998505294215284,0.2787022470350917,0.4880101591174474,0.5992373353528427,0.19778179641946098,0.19442148065823983,1,0,1,1,0,0,1,
0810231824572,S14,1,2026-09-12 17:16:05.684067+00:00,CR,L,L-1,Left Side,UBE 850T-2,Non-Filling,Non_filling,0.6416660254440595,0.7581562945123896,0.897211040308855,0.35418380777555064,0.4426617493827097,0.06675115910733578,1,1,1,0,1,0,1,1.0
0810232324576,S14,1,2026-09-13 21:29:56.758775+00:00,,,,,UBE 850T-2,PLC_COMMUNICATION_FAILED_PLC circuit open until 2026-08-17T04:47:52.228Z,,0.4934999766922614,0.5749910475307074,0.5835701518543996,0.695565003615794,0.20937240323049824,0.08446653849291574,1,1,1,1,0,0,1,
0810233924589,S14,1,2026-09-13 21:26:16.755431+00:00,,,,,UBE 850T-2,PLC_COMMUNICATION_FAILED_PLC circuit open until 2026-08-17T04:30:11.979Z,,0.18562543983904845,0.6937972865776405,0.6857140427628949,0.8303980378049389,0.5750073743057416,0.8315657773767178,0,1,1,1,1,1,1,
0810234524594,S14,1,2026-09-13 21:25:20.014949+00:00,,,,,UBE 850T-2,PLC_COMMUNICATION_FAILED_PLC packet timeout,,0.7227736357616235,0.5998170643118401,0.3938144829359534,0.10306597698844139,0.2535667972601015,0.16130857740812904,1,1,0,0,0,0,1,
0810234824597,S14,1,2026-09-13 21:25:56.598290+00:00,,,,,UBE 850T-2,PLC_COMMUNICATION_FAILED_PLC packet timeout,,0.5880127367748016,0.7615477893853129,0.8102687770695798,0.41780337768313136,0.25188115009806566,0.1873495218464058,1,1,1,1,0,0,1,
0810235224600,S14,1,2026-09-13 21:33:47.509757+00:00,CRAM,B,B-1,Top View,UBE 850T-2,Face Blow Hole,Blow_Hole,0.20801060153425932,0.2853268637359252,0.6902063839377002,0.6424632565886174,0.24429244341859424,0.4152362179558827,0,0,1,1,0,1,1,0.0
0810235624603,S14,1,2026-09-12 16:39:23.080885+00:00,CR,A,A-2,Top View,UBE 850T-2,Chip-off,Chipoff,0.524729643719603,0.8410382785296068,0.43139963177252305,0.3523044312430241,0.24606227815436016,0.0983366317558703,1,1,1,0,0,0,1,0.0
0811000824612,S14,1,2026-09-12 17:03:44.625412+00:00,CR,R,R-2,Rear,UBE 850T-2,Non-Filling,Non_filling,0.7428830654059229,0.3284619242668142,0.4549382702764569,0.6699516609585674,0.20939853740450576,0.18775124638027735,1,0,1,1,0,0,1,1.0
0811002224623,S14,1,2026-09-13 00:45:00.169312+00:00,CRAM,H,H-2,Bottom View,UBE 850T-2,Porosity,Porosity,0.4276791489461881,0.287270535388444,0.324062492553156,0.751416182471894,0.7748790143088147,0.15895047659818912,1,0,0,1,1,0,1,1.0
0811014324688,S14,1,2026-09-12 23:01:05.899855+00:00,CR,H,H-1,Bottom View,UBE 850T-2,Non-Filling,Non_filling,0.7020298713430089,0.2900454757109939,0.7826363107224061,0.6955461072659097,0.768887826080489,0.4152111138544591,1,0,1,1,1,1,1,1.0
0811035024793,S14,1,2026-09-14 03:55:13.454555+00:00,CRAM,B,B-1,Top View,UBE 850T-2,Blow Hole M8,Blow_Hole,0.36324470355552374,0.7415301014978661,0.6354050155147619,0.693368920717552,0.2526663504027287,0.1119087532611802,0,1,1,1,0,0,1,0.0
0811045424845,S14,1,2026-09-14 01:28:06.820455+00:00,CRAM,Q,Q-1,Rear,UBE 850T-2,Black Mark,,0.5003761725336113,0.598186189056582,0.32371495601617445,0.32978656819585145,0.3611916262583514,0.18662929565255992,1,1,0,0,0,0,1,
0811050524854,S14,1,2026-09-14 03:54:08.797558+00:00,,,,,UBE 850T-2,PLC_COMMUNICATION_FAILED_PLC packet timeout,,0.43301523949190474,0.2944517951038557,0.8340735731088121,0.32110664404826816,0.24686258833845148,0.11867640951983593,1,0,1,0,0,0,1,
0811050624855,S14,1,2026-09-12 23:33:54.780858+00:00,CR,A,A-2,Top View,UBE 850T-2,Bend,,0.3227459771456151,0.8295699015725346,0.3886898757210018,0.6685341080061307,0.7962937346602551,0.577951949903501,0,1,0,1,1,1,1,
0811075924942,S14,1,2026-09-13 04:26:07.589571+00:00,CRAM,C,C-1,Top View,UBE 850T-2,Shrinkage,Shrinkage,0.5500272183475846,0.8403265282360763,0.7961456685709876,0.8195298931550421,0.7651337544128259,0.6328470418565814,1,1,1,1,1,1,1,1.0
0811080024943,S14,1,2026-09-14 03:29:50.640224+00:00,CRAM,E,E-3,Bottom View,UBE 850T-2,Blow Hole M8,Blow_Hole,0.8814901744130667,0.8466874935511166,0.8294374300676568,0.6172045153261522,0.28747078144711075,0.8766007561850335,1,1,1,1,0,1,1,1.0
0811083424971,S14,1,2026-09-13 04:25:51.435129+00:00,CRAM,K,K-1,Left Side,UBE 850T-2,Porosity,Porosity,0.6877294032978566,0.6151986870892896,0.4900294017995831,0.806965812934469,0.7354510275759257,0.8879659527615602,1,1,1,1,1,1,1,1.0
0811095725040,S14,1,2026-09-13 06:36:43.060624+00:00,CR,O,O-2,Front,UBE 850T-2,Dent,,0.42796718837277886,0.8456983765707081,0.7374024518358415,0.8194712562425426,0.5248761738144644,0.15458721866577818,1,1,1,1,1,0,1,
0811124025152,S14,1,2026-09-13 06:34:34.039612+00:00,CRAM,A,A-2,Top View,UBE 850T-2,Chipoff on M8.0,Chipoff,0.3927330017367845,0.7669847957945948,0.8330448346903024,0.6956767320990552,0.7352946435531378,0.8726466383460094,0,1,1,1,1,1,1,1.0
0811143425242,S14,1,2026-09-13 04:07:23.376867+00:00,,,,,UBE 850T-2,"PLC_COMMUNICATION_FAILED_PLC SLMP START_ACK timeout (expected 1,1,2)",,0.66130234099259,0.2899406176226053,0.6261542340679527,0.6397128400628106,0.7869390247701614,0.8770810010014637,1,0,1,1,1,1,1,
0811152625285,S14,1,2026-09-13 11:57:19.412765+00:00,CRAM,C,C-1,Top View,UBE 850T-2,Chipoff on M8.0,Chipoff,0.20790537616542434,0.6152029237245944,0.6086274965471656,0.6850486891921962,0.20813510817315894,0.6869826987237755,0,1,1,1,0,1,1,1.0
0811153425292,S14,1,2026-09-13 11:56:46.824659+00:00,CRAM,C,C-1,Top View,UBE 850T-2,Face Blow Hole,Blow_Hole,0.7433256525203993,0.29780501839295104,0.18858207492007817,0.8194373370139988,0.5793904032198253,0.8781164580359184,1,0,0,1,1,1,1,1.0
0811160125314,S14,1,2026-09-13 17:20:52.855291+00:00,CRAM,E,E-2,Bottom View,UBE 850T-2,Chipoff on M8.0,Chipoff,0.43665856878291764,0.29675593549721213,0.49848243971217177,0.6700855107041299,0.8150085114222007,0.868330383502453,1,0,1,1,1,1,1,1.0
0811161625326,S14,1,2026-09-12 20:56:33.125619+00:00,CR,A,A-4,Top View,UBE 850T-2,Non-Filling,Non_filling,0.2549528968143426,0.8316530387122343,0.7889593318585557,0.8176277824978768,0.24692355167937766,0.15326794734604063,0,1,1,1,0,0,1,1.0
0811162025330,S14,1,2026-09-12 21:17:08.699025+00:00,CR,K,K-1,Left Side,UBE 850T-2,Dent,,0.4056430591963579,0.595579174282813,0.7317871837385312,0.31431346222242434,0.24399082276568146,0.11967985874493299,1,1,1,0,0,0,1,
0811162325332,S14,1,2026-09-12 20:56:45.690341+00:00,CR,D,D-2,Top View,UBE 850T-2,Non-Filling,Non_filling,0.42787688816709196,0.5798950157232214,0.6845131600871717,0.13117906758736475,0.24509339342891354,0.7648594728692898,1,1,1,0,0,1,1,1.0
0811192725468,S14,1,2026-09-13 18:26:09.930479+00:00,CR,D,D-4,Top View,UBE 850T-2,Dent,,0.881523563062998,0.8118618612769922,0.8249817978983913,0.23560440790845058,0.6783681700005451,0.16161666256181506,1,1,1,0,1,0,1,
0811192825469,S14,1,2026-09-13 02:05:35.670631+00:00,CR,L,L-1,Left Side,UBE 850T-2,Non-Filling,Non_filling,0.6544862488118218,0.6940006457921983,0.8840442887122135,0.6974820147606177,0.5789909596592981,0.41001991450914366,1,1,1,1,1,1,1,1.0
0811193025471,S14,1,2026-09-13 11:46:00.283829+00:00,CRAM,B,B-1,Top View,UBE 850T-2,Shrinkage,Shrinkage,0.6458507104406022,0.6145138936761,0.5605238402685008,0.8326912287815869,0.6795077258688839,0.40186042003016736,1,1,1,1,1,1,1,1.0
0811201025504,S14,1,2026-09-13 11:45:44.061742+00:00,CRAM,H,H-4,Bottom View,UBE 850T-2,Shrinkage,Shrinkage,0.6613203423394693,0.29597495799746226,0.6318387279113562,0.1367230805986884,0.765013646654959,0.838803899243643,1,0,1,0,1,1,1,1.0
0811232425655,S14,1,2026-09-13 03:29:45.505549+00:00,,,,,UBE 850T-2,PLC_COMMUNICATION_FAILED_PLC packet timeout,,0.6786970607521694,0.6941486215286838,0.7700965301879307,0.49386482292074163,0.39950576375168556,0.577700134507904,1,1,1,1,0,1,1,
0812001025674,S14,1,2026-09-13 03:46:39.056557+00:00,,,,,UBE 850T-2,PLC_COMMUNICATION_FAILED_PLC circuit open until 2026-08-12T13:51:17.821Z,,0.8814504921071247,0.8311873286947923,0.895571249790422,0.1305829892755745,0.1978321540047315,0.8674508696515577,1,1,1,0,0,1,1,
0812001425677,S14,1,2026-09-13 03:44:32.479541+00:00,,,,,UBE 850T-2,PLC_COMMUNICATION_FAILED_PLC circuit open until 2026-08-12T13:35:40.316Z,,0.8773766682283528,0.8420125943004092,0.6611836464210945,0.10498567288837235,0.1941009353789217,0.1450017206309283,1,1,1,0,0,0,1,
0812014825722,S14,1,2026-09-13 03:41:14.726259+00:00,,,,,UBE 850T-2,PLC_COMMUNICATION_FAILED_PLC circuit open until 2026-08-12T13:40:00.121Z,,0.849380732839988,0.8336874721775728,0.5733851824015623,0.1096763087495452,0.513956324380082,0.4282240279237335,1,1,1,0,1,1,1,
0812020525736,S14,1,2026-09-13 03:39:52.696703+00:00,CR,O,O-1,Front,UBE 850T-2,Bend,,0.5899931658731166,0.4288731658781945,0.24299423759105568,0.23786289513759096,0.25423070507464945,0.8051586548105599,1,1,0,0,0,1,1,
0812021525745,S14,1,2026-09-13 03:36:57.400344+00:00,,,,,UBE 850T-2,PLC_COMMUNICATION_FAILED_PLC packet timeout,,0.2824813444237708,0.2642311242254246,0.5247360155724448,0.7218147561390535,0.5795360005830912,0.8818113103576461,0,0,1,1,1,1,1,
0812021925748,S14,1,2026-09-13 03:37:34.710859+00:00,,,,,UBE 850T-2,PLC_COMMUNICATION_FAILED_PLC packet timeout,,0.5457771692684059,0.7633688755377244,0.49540377558467613,0.2372985485656377,0.21230349675493332,0.8918547571208715,1,1,1,0,0,1,1,
0812024125766,S14,1,2026-09-13 03:40:56.165443+00:00,,,,,UBE 850T-2,PLC_COMMUNICATION_FAILED_PLC packet timeout,,0.1857394884596312,0.7640076081727161,0.6137411588893762,0.32927426242839153,0.7998494385442202,0.8308753274075386,0,1,1,0,1,1,1,
0812030425785,S14,1,2026-09-13 08:05:24.839435+00:00,CRAM,C,C-1,Top View,UBE 850T-2,Face Blow Hole,Blow_Hole,0.5854838664252018,0.2579532465086143,0.5133593709797375,0.31867600560126563,0.2543091534024208,0.8753664983723765,1,0,1,0,0,1,1,1.0
0812031125791,S14,1,2026-09-13 03:42:03.309203+00:00,,,,,UBE 850T-2,PLC_COMMUNICATION_FAILED_PLC packet timeout,,0.7264800771238794,0.6140298750084249,0.27920484163607345,0.8543670339638882,0.3948866937141813,0.6319438509453629,1,1,0,1,0,1,1,
0812054625918,S14,1,2026-09-13 03:17:12.293025+00:00,CR,A,A-3,Top View,UBE 850T-2,Dent,,0.7446970069383116,0.81008864696609,0.5157138820742122,0.6721209627173108,0.3358015714617318,0.8691878780282504,1,1,1,1,0,1,1,
0812083626008,S14,1,2026-09-13 01:50:37.912180+00:00,CR,C,C-1,Top View,UBE 850T-2,Dent,,0.7796276023866462,0.8529669803396028,0.8945559896915657,0.11161312286642341,0.21442695028450626,0.15901631430755284,1,1,1,0,0,0,1,
0812093226052,S14,1,2026-09-13 01:57:25.076733+00:00,CR,S,S-2,Rear,UBE 850T-2,Non-Filling,Non_filling,0.49854056061352403,0.8315742880072323,0.6193786108627354,0.6517442850569274,0.2451341781040114,0.9047052821102191,1,1,1,1,0,1,1,1.0
0812102326088,S14,1,2026-09-13 03:10:13.304670+00:00,CR,D,D-4,Top View,UBE 850T-2,Dent,,0.6668897790108944,0.7626612553533144,0.4734319412871774,0.14527318326417538,0.41436424619126805,0.1987162923097576,1,1,1,0,1,0,1,
0812121626181,S14,1,2026-09-13 11:40:39.461114+00:00,CRAM,C,C-1,Top View,UBE 850T-2,Face Blow Hole,Blow_Hole,0.41058490236669576,0.7417379506265729,0.4401587197807535,0.6005791984265907,0.7664287824526315,0.8071326758340402,1,1,1,1,1,1,1,1.0
0812122326187,S14,1,2026-09-13 06:21:02.607424+00:00,CR,L,L-1,Left Side,UBE 850T-2,Non-Filling,Non_filling,0.2088803448174456,0.5991729744747137,0.607605587965455,0.7616927501559909,0.7661076405911381,0.7348495120884901,0,1,1,1,1,1,1,1.0
0812130626207,S14,1,2026-09-13 07:56:55.102240+00:00,CRAM,C,C-1,Top View,UBE 850T-2,Shrinkage,Shrinkage,0.8760892861292658,0.8176672280971683,0.5913333965582618,0.6458135810822122,0.7583271301554128,0.869191899178902,1,1,1,1,1,1,1,1.0
0812134026235,S14,1,2026-09-13 07:54:48.796703+00:00,CRAM,C,C-1,Top View,UBE 850T-2,Face Blow Hole,Blow_Hole,0.7351720105100403,0.8362832265878035,0.7038994133691527,0.6694147673058253,0.5801648950909954,0.8926078417706669,1,1,1,1,1,1,1,1.0
0812135526248,S14,1,2026-09-13 02:46:11.960282+00:00,CR,K,K-1,Left Side,UBE 850T-2,Non-Filling,Non_filling,0.7019310398666043,0.7613139877651486,0.44783563101884954,0.6725069203752843,0.7728759169648619,0.15297551874539472,1,1,1,1,1,0,1,1.0
0812151026309,S14,1,2026-09-13 14:30:11.681944+00:00,CRAM,C,C-1,Top View,UBE 850T-2,Porosity,Porosity,0.6168833513712757,0.8154438713391079,0.3418910631660099,0.4631718736664775,0.24941649075114553,0.9037858504320094,1,1,0,1,0,1,1,1.0
0812153926333,S14,1,2026-09-13 06:46:40.768757+00:00,CR,L,L-1,Left Side,UBE 850T-2,Non-Filling,Non_filling,0.8258203358312453,0.7233585867598514,0.8369745624694436,0.10623823037753112,0.7394916667179734,0.9115178844655986,1,1,1,0,1,1,1,1.0
0812155526344,S14,1,2026-09-13 11:43:25.937643+00:00,,,,,UBE 850T-2,"PLC_COMMUNICATION_FAILED_PLC SLMP START_ACK timeout (expected 1,1,2)",,0.647000561179111,0.5926868590793918,0.4756730043954783,0.2457824074437571,0.24868573845241332,0.1103269850557224,1,1,1,0,0,0,1,
0812161426360,S14,1,2026-09-13 06:31:56.708309+00:00,CR,K,K-1,Left Side,UBE 850T-2,Bend,,0.6811795329825235,0.5787040805898204,0.5914290068242407,0.3742301336255689,0.43786036199224837,0.7651183034233875,1,1,1,0,1,1,1,
0812163026373,S14,1,2026-09-13 06:24:20.390719+00:00,CR,K,K-1,Left Side,UBE 850T-2,Non-Filling,Non_filling,0.5409462116869197,0.8429299753914663,0.8285575031703876,0.11155307526129205,0.33566116063268364,0.8376420917345391,1,1,1,0,0,1,1,1.0
0812175126432,S14,1,2026-09-13 02:17:43.888610+00:00,CR,L,L-1,Left Side,UBE 850T-2,Non-Filling,Non_filling,0.5014389845798585,0.7594257564033763,0.7379769244766625,0.6200912505086129,0.416530805668048,0.626439054223787,1,1,1,1,1,1,1,1.0
0812182326459,S14,1,2026-09-13 07:41:55.042160+00:00,CRAM,D,D-5,Top View,UBE 850T-2,Chipoff on M8.0,Chipoff,0.8164024868697075,0.814468060928154,0.4066741085919248,0.7251653911721021,0.7360132257720166,0.8725377405918489,1,1,1,1,1,1,1,1.0
0812185526486,S14,1,2026-09-13 02:13:40.023627+00:00,CR,K,K-1,Left Side,UBE 850T-2,Dent,,0.722825125260096,0.7647633898341905,0.42920283842317636,0.13385795917819523,0.786739246173123,0.8053322615527079,1,1,1,0,1,1,1,
0812191526503,S14,1,2026-09-13 06:10:04.508226+00:00,CR,L,L-1,Left Side,UBE 850T-2,Non-Filling,Non_filling,0.7697006158060662,0.5998519306283717,0.7171285421201715,0.3188960761649132,0.2875998824245549,0.2508960808724815,1,1,1,0,0,0,1,1.0
0812191726504,S14,1,2026-09-13 11:36:20.173777+00:00,CRAM,C,C-1,Top View,UBE 850T-2,Shrinkage,Shrinkage,0.8780499662104602,0.7426677087276579,0.6782052495319337,0.10390729703639812,0.24585750854173316,0.07927452796204637,1,1,1,0,0,0,1,0.0
0812192926514,S14,1,2026-09-13 11:36:03.603332+00:00,CRAM,C,C-1,Top View,UBE 850T-2,Face Blow Hole,Blow_Hole,0.5398413216098211,0.7597721247219643,0.37332626766506405,0.23511551734880232,0.19319643321501243,0.8730581416744753,1,1,0,0,0,1,1,1.0
0812200026540,S14,1,2026-09-13 06:09:04.141895+00:00,CR,L,L-1,Left Side,UBE 850T-2,Non-Filling,Non_filling,0.6579996863208094,0.4299654076070317,0.26739317155636155,0.6329122200039986,0.7687123993295691,0.2297833707238806,1,1,0,1,1,0,1,0.0
0812220826575,S14,1,2026-09-13 17:00:01.646874+00:00,CRAM,E,E-2,Bottom View,UBE 850T-2,Blow Hole M8,Blow_Hole,0.7883441246204773,0.8153243967916821,0.5771110355048691,0.4941660654903942,0.513674499394551,0.5820559366227036,1,1,1,1,1,1,1,1.0
0812235326654,S14,1,2026-09-13 05:35:24.077552+00:00,CR,A,A-4,Top View,UBE 850T-2,Non-Filling,Non_filling,0.6650414702904047,0.29017206895517755,0.6795128515781459,0.3453335449687788,0.7619162841552128,0.8400267075486599,1,0,1,0,1,1,1,1.0
0813012426724,S14,1,2026-09-13 14:28:16.994247+00:00,CRAM,C,C-1,Top View,UBE 850T-2,Shrinkage,Shrinkage,0.42297518483952606,0.6128268586192394,0.7925686437985304,0.6520940196197735,0.7363911030009906,0.09373931663892097,1,1,1,1,1,0,1,1.0
0813015426748,S14,1,2026-09-13 11:15:07.086839+00:00,CRAM,E,E-2,Bottom View,UBE 850T-2,Porosity,Porosity,0.8160420677969908,0.7629088559128017,0.8917811073858365,0.11917466608530922,0.25379570424875225,0.11393508960452146,1,1,1,0,0,0,1,0.0
0813020826760,S14,1,2026-09-13 11:15:23.364183+00:00,CRAM,C,C-1,Top View,UBE 850T-2,Shrinkage,Shrinkage,0.5360564442214436,0.8270984903203625,0.9064638993821894,0.34534024031696586,0.39525285683354205,0.8298325345634094,1,1,1,0,0,1,1,0.0
0813070626777,S14,1,2026-09-13 11:18:29.396543+00:00,CRAM,E,E-2,Bottom View,UBE 850T-2,Chipoff on M8.0,Chipoff,0.6044396372230454,0.43008724908862045,0.24999100762112858,0.2423013308461332,0.17019699661169507,0.06807723226570049,1,1,0,0,0,0,1,0.0
0813073626802,S14,1,2026-09-13 11:16:44.837417+00:00,CRAM,E,E-2,Bottom View,UBE 850T-2,Chipoff on M8.0,Chipoff,0.5853337475791838,0.32798150333022436,0.39941717131356935,0.6930062830280728,0.4412038798848624,0.8399668695340381,1,0,0,1,1,1,1,1.0
0813075026813,S14,1,2026-09-13 11:24:23.436532+00:00,CRAM,B,B-1,Top View,UBE 850T-2,Face Blow Hole,Blow_Hole,0.5051862686403906,0.5776651080125265,0.1968095337673208,0.2841298069196215,0.7792412721356825,0.7876430730288153,1,1,0,0,1,1,1,1.0
0813080426825,S14,1,2026-09-13 05:56:37.902781+00:00,CR,A,A-4,Top View,UBE 850T-2,Non-Filling,Non_filling,0.6641582074790774,0.7223232863775713,0.5269267754168193,0.24409472944906271,0.19179874037598066,0.67917257316638,1,1,1,0,0,1,1,1.0
0813220727093,S14,1,2026-09-13 10:33:52.387230+00:00,CR,L,L-1,Left Side,UBE 850T-2,Non-Filling,Non_filling,0.0362221865892501,0.8408426375675241,0.45502982541875114,0.35399790188855024,0.808827409203674,0.19474837048779003,0,1,1,0,1,0,1,1.0
0813230227131,S14,1,2026-09-13 10:36:58.214150+00:00,CRAM,E,E-2,Bottom View,UBE 850T-2,Porosity,Porosity,0.6458695423170523,0.7643370127755538,0.7474987118018899,0.6954758533308805,0.18936054767968655,0.6323997370150174,1,1,1,1,0,1,1,1.0
0813230527134,S14,1,2026-09-13 23:40:28.825783+00:00,CRAM,E,E-2,Bottom View,UBE 850T-2,Blow Hole M8,Blow_Hole,0.6336407341684142,0.2952145541681366,0.7372956576986632,0.3579211817239529,0.5135304015067387,0.5677149830875582,1,0,1,0,1,1,1,1.0
0813230927137,S14,1,2026-09-13 10:44:26.762299+00:00,CRAM,E,E-2,Bottom View,UBE 850T-2,Blow Hole M8,Blow_Hole,0.6412541184494043,0.2806149132363046,0.7925826839858052,0.4205361841829759,0.7712710721517243,0.6872881795596898,1,0,1,1,1,1,1,1.0
0814001527188,S14,1,2026-09-13 23:41:49.844160+00:00,CRAM,E,E-2,Bottom View,UBE 850T-2,Blow Hole M8,Blow_Hole,0.6499994590983436,0.2901891487019907,0.7363516167291131,0.49411367355982744,0.7840905785101489,0.7440467665030106,1,0,1,1,1,1,1,1.0
0814010327221,S14,1,2026-09-13 23:39:15.643994+00:00,CRAM,E,E-2,Bottom View,UBE 850T-2,Blow Hole M8,Blow_Hole,0.8741352499227437,0.592935923860803,0.5801663869150209,0.53842790626377,0.8118268729961725,0.8261180655628269,1,1,1,1,1,1,1,1.0
0814012627238,S14,1,2026-09-13 23:38:18.709426+00:00,CRAM,E,E-2,Bottom View,UBE 850T-2,Face Blow Hole,Blow_Hole,0.6670194301746638,0.7621778889224052,0.221677660722083,0.6455901339308882,0.20550064154651165,0.08453368393049743,1,1,0,1,0,0,1,1.0
0814014627254,S14,1,2026-09-13 20:52:38.501527+00:00,,,,,UBE 850T-2,PLC_COMMUNICATION_FAILED_PLC packet timeout,,0.6157327633695303,0.8119316277849488,0.5864240508215985,0.7640531272186463,0.7348836049732584,0.15300716265787903,1,1,1,1,1,0,1,
0814015627260,S14,1,2026-09-13 09:40:46.034356+00:00,CR,R,R-3,Rear,UBE 850T-2,Non-Filling,Non_filling,0.5470332886273588,0.7214606195907849,0.9602152414086155,0.7229900112480274,0.17176207000112972,0.33930619531863854,1,1,1,1,0,0,1,1.0
0814020227265,S14,1,2026-09-13 20:46:56.309840+00:00,CRAM,P,P-2,Front,UBE 850T-2,Face Blow Hole,Blow_Hole,0.7582053803241067,0.29796414738777954,0.6814536817118744,0.5991452693442337,0.7403029040602882,0.10404196785297394,1,0,1,1,1,0,1,1.0
0814024227298,S14,1,2026-09-13 20:59:05.857733+00:00,MR,C,C-1,Top View,UBE 850T-2,M8 Taping undersize,,0.4572530093077327,0.7583417467430017,0.5927396951080024,0.6203530753390147,0.32511055020807444,0.17012517720023207,1,1,1,1,0,0,1,
0814025427308,S14,1,2026-09-13 20:54:51.800372+00:00,,,,,UBE 850T-2,PLC_COMMUNICATION_FAILED_PLC packet timeout,,0.3993211793079136,0.7605358891719886,0.39496781271971776,0.8492000404433497,0.2509835085896744,0.0993932992353446,0,1,0,1,0,0,1,
0814030027313,S14,1,2026-09-13 23:40:12.293206+00:00,CRAM,E,E-2,Bottom View,UBE 850T-2,Porosity,Porosity,0.8254923794085902,0.7596776274003962,0.49197695889660736,0.8257797286166593,0.8143018622228445,0.0923579104183618,1,1,1,1,1,0,1,1.0
0814032627333,S14,1,2026-09-13 20:11:27.240973+00:00,,,,,UBE 850T-2,PLC_COMMUNICATION_FAILED_PLC circuit open until 2026-08-17T03:53:26.714Z,,0.5053292526339535,0.743950524519219,0.25533211035769543,0.641502146636285,0.8030991194002796,0.5676960361238979,1,1,0,1,1,1,1,
0814032927335,S14,1,2026-09-13 20:19:52.981775+00:00,,,,,UBE 850T-2,PLC_COMMUNICATION_FAILED_PLC circuit open until 2026-08-17T03:51:55.556Z,,0.8491636443727568,0.81471494381046,0.29700724996033184,0.6675630870267314,0.6781804791860693,0.18866793967254708,1,1,0,1,1,0,1,
0814033127337,S14,1,2026-09-13 20:08:24.502267+00:00,CR,M,M-2,Right Side,UBE 850T-2,Non-Filling,Non_filling,0.6402533520423126,0.7613726751614024,0.4418517748593865,0.6450660558035393,0.7666635990112514,0.09170430907118261,1,1,1,1,1,0,1,1.0
0814033427339,S14,1,2026-09-13 09:50:14.692328+00:00,CR,R,R-3,Rear,UBE 850T-2,Non-Filling,Non_filling,0.7232153850720339,0.8487061530522957,0.6769684123382328,0.19070864156158007,0.306228559473145,0.18686557943450238,1,1,1,0,0,0,1,1.0
0814033527340,S14,1,2026-09-13 19:56:17.173209+00:00,,,,,UBE 850T-2,PLC_COMMUNICATION_FAILED_PLC packet timeout,,0.8160803178336162,0.8143427423562962,0.5050799292555228,0.8585438010825996,0.7380832600120386,0.3011939754314076,1,1,1,1,1,0,1,
0814033627341,S14,1,2026-09-13 20:12:48.391319+00:00,,,,,UBE 850T-2,PLC_COMMUNICATION_FAILED_PLC packet timeout,,0.5480058084276458,0.8185316644944922,0.577201111668903,0.7952127092584528,0.2125066030018219,0.6323620216530522,1,1,1,1,0,1,1,
0814033727342,S14,1,2026-09-13 19:58:30.438761+00:00,,,,,UBE 850T-2,PLC_COMMUNICATION_FAILED_PLC packet timeout,,0.8159609265593049,0.8119501148656715,0.7078472800134156,0.7855398362867392,0.2562528714813759,0.8314201079437349,1,1,1,1,0,1,1,
0814033927343,S14,1,2026-09-13 20:15:01.540711+00:00,,,,,UBE 850T-2,PLC_COMMUNICATION_FAILED_PLC packet timeout,,0.5851583727404155,0.722160135308918,0.2966417238539099,0.6452136048771215,0.2873917239372956,0.10236159635603269,1,1,0,1,0,0,1,
0814034227346,S14,1,2026-09-13 20:15:21.967764+00:00,,,,,UBE 850T-2,PLC_COMMUNICATION_FAILED_PLC packet timeout,,0.49878113023416737,0.8005761795933856,0.4662692247801729,0.538768572606499,0.7712020161918723,0.11784242491671185,1,1,1,1,1,0,1,
0814034327347,S14,1,2026-09-13 20:17:55.520431+00:00,,,,,UBE 850T-2,PLC_COMMUNICATION_FAILED_PLC packet timeout,,0.384758924792062,0.6127026949716754,0.5786907366104205,0.19061519401002652,0.2598950740061568,0.11177803302034209,0,1,1,0,0,0,1,
0814034727350,S14,1,2026-09-13 09:50:02.455005+00:00,CR,A,A-4,Top View,UBE 850T-2,Non-Filling,Non_filling,0.4923312447050334,0.8124850975577582,0.6704851289020088,0.7251217117030178,0.7360756683208561,0.4743389429920544,1,1,1,1,1,1,1,1.0
0814035127353,S14,1,2026-09-13 20:09:25.207836+00:00,,,,,UBE 850T-2,PLC_COMMUNICATION_FAILED_PLC circuit open until 2026-08-17T03:50:54.910Z,,0.7612202696888941,0.8107013725181272,0.8563794804986612,0.8251580839827513,0.25957978770808676,0.2777558798616015,1,1,1,1,0,0,1,
0814035727358,S14,1,2026-09-13 20:13:32.777071+00:00,,,,,UBE 850T-2,PLC_COMMUNICATION_FAILED_PLC packet timeout,,0.8799899862213515,0.8106471955287835,0.8794582101405557,0.4820072735142972,0.2542061934562358,0.1872544750023602,1,1,1,1,0,0,1,
0814035827359,S14,1,2026-09-13 20:17:35.102334+00:00,,,,,UBE 850T-2,PLC_COMMUNICATION_FAILED_PLC packet timeout,,0.8741024269062989,0.8185946116337239,0.7034204962449234,0.5984428845641927,0.24553448247845347,0.6324957214560567,1,1,1,1,0,1,1,
0814040827362,S14,1,2026-09-13 20:09:45.717922+00:00,,,,,UBE 850T-2,PLC_COMMUNICATION_FAILED_PLC packet timeout,,0.06951451234551485,0.8535144585371135,0.25489135523608986,0.8586804518449651,0.7873732839332198,0.11726626066472988,0,1,0,1,1,0,1,
0814040927363,S14,1,2026-09-13 20:19:32.564353+00:00,CRAM,E,E-2,Bottom View,UBE 850T-2,M14 Face Blow Hole,Blow_Hole,0.5200946996499518,0.7632940730412523,0.9394699167069438,0.7942853406958386,0.1565019976421054,0.11764423187618316,1,1,1,1,0,0,1,1.0
0814041127364,S14,1,2026-09-13 20:56:24.583638+00:00,,,,,UBE 850T-2,PLC_COMMUNICATION_FAILED_PLC packet timeout,,0.5408530951938451,0.8117194966634176,0.3659203236285193,0.24472503450341665,0.5777174970306029,0.687408419176542,1,1,0,0,1,1,1,
0814042127369,S14,1,2026-09-13 20:10:01.913285+00:00,CRAM,E,E-2,Bottom View,UBE 850T-2,Blow Hole M8,Blow_Hole,0.5819768533083205,0.830100048716906,0.8596588499023635,0.4018347683936363,0.14654946905177105,0.09639601905223119,1,1,1,1,0,0,1,1.0
0814042227370,S14,1,2026-09-13 20:11:47.675920+00:00,,,,,UBE 850T-2,PLC_COMMUNICATION_FAILED_PLC circuit open until 2026-08-17T03:56:06.262Z,,0.5476352030172038,0.5777527609041817,0.7816027384637679,0.10963141328816822,0.7335662134362734,0.8388801116747341,1,1,1,0,1,1,1,
0814042427372,S14,1,2026-09-13 20:21:17.769313+00:00,CRAM,E,E-2,Bottom View,UBE 850T-2,Porosity,Porosity,0.7175574050953238,0.8098188566664032,0.5839058184040782,0.7178264011150022,0.7644290803790275,0.28340548005695293,1,1,1,1,1,0,1,1.0
0814042827375,S14,1,2026-09-13 20:18:35.915683+00:00,CRAM,E,E-2,Bottom View,UBE 850T-2,Porosity,Porosity,0.8151804080747496,0.6133630752257987,0.23838073649586086,0.8196951555909429,0.7345969113615333,0.8065601820296923,1,1,0,1,1,1,1,1.0
0814043527381,S14,1,2026-09-13 20:18:56.028024+00:00,,,,,UBE 850T-2,PLC_COMMUNICATION_FAILED_PLC packet timeout,,0.2081152864518416,0.7221696739433419,0.5979890782795472,0.6685409205371224,0.2426765002530007,0.07600353254000353,0,1,1,1,0,0,1,
0814043827383,S14,1,2026-09-13 19:52:13.763378+00:00,,,,,UBE 850T-2,PLC_COMMUNICATION_FAILED_PLC packet timeout,,0.5354381166736601,0.7593807621084535,0.5476709040166551,0.3293997930148643,0.25580524898288637,0.09090869696384046,1,1,1,0,0,0,1,
0814044627390,S14,1,2026-09-13 19:53:43.053446+00:00,CR,H,H-3,Bottom View,UBE 850T-2,Black Mark,,0.848956111146606,0.7615945637479656,0.7029254567617556,0.1112152246592776,0.4416804579083096,0.10529136806457953,1,1,1,0,1,0,1,
0814045227395,S14,1,2026-09-13 19:52:50.368300+00:00,CR,S,S-2,Rear,UBE 850T-2,Black Mark,,0.7195163099840097,0.7600638358145116,0.2673139009469079,0.19081524207955763,0.36134082782104976,0.18766769616788925,1,1,0,0,0,0,1,
0814045327396,S14,1,2026-09-13 19:56:37.274905+00:00,,,,,UBE 850T-2,PLC_COMMUNICATION_FAILED_PLC packet timeout,,0.8246478905121453,0.72162903866506,0.33410693857329593,0.5385990071506506,0.2160236660522829,0.09965899749158637,1,1,0,1,0,0,1,
0814050427405,S14,1,2026-09-13 20:16:26.467260+00:00,,,,,UBE 850T-2,PLC_COMMUNICATION_FAILED_PLC packet timeout,,0.70408166274643,0.7236540213857091,0.5351679244777687,0.31784596452052893,0.4166278150781876,0.09297740830359445,1,1,1,0,1,0,1,
0814051227411,S14,1,2026-09-13 19:58:10.021690+00:00,,,,,UBE 850T-2,PLC_COMMUNICATION_FAILED_PLC circuit open until 2026-08-17T04:44:11.781Z,,0.7003373687420138,0.8163077166326869,0.7616615131203835,0.10587142684252933,0.7384882382683896,0.11755921211662361,1,1,1,0,1,0,1,
0814051327412,S14,1,2026-09-13 20:01:19.465622+00:00,,,,,UBE 850T-2,PLC_COMMUNICATION_FAILED_PLC circuit open until 2026-08-17T04:25:39.148Z,,0.7265227226870347,0.7227988051756631,0.3227055255153513,0.2041822967283153,0.250027578816567,0.11985176074194959,1,1,0,0,0,0,1,
0814051527414,S14,1,2026-09-13 20:04:01.280366+00:00,CR,H,H-3,Bottom View,UBE 850T-2,Black Mark,,0.5852625111985768,0.7627497805868351,0.4550916036329499,0.2373148738402629,0.24860869392297713,0.09407625345850103,1,1,1,0,0,0,1,
0814051627415,S14,1,2026-09-13 19:55:56.757742+00:00,,,,,UBE 850T-2,PLC_COMMUNICATION_FAILED_PLC packet timeout,,0.4936529303979713,0.7652512072197442,0.5885068130526365,0.49196033658111393,0.7836954120753384,0.1452273832783257,1,1,1,1,1,0,1,
0814052127419,S14,1,2026-09-13 20:12:28.276092+00:00,,,,,UBE 850T-2,PLC_COMMUNICATION_FAILED_PLC packet timeout,,0.614888505551719,0.8576717637433815,0.5080767862253646,0.4992019356981515,0.20288338748570373,0.7453404748336125,1,1,1,1,0,1,1,
0814052227420,S14,1,2026-09-13 19:57:13.645349+00:00,CR,A,A-1,Top View,UBE 850T-2,Non-Filling,Non_filling,0.5051697882510524,0.8226528220240386,0.4859841586729367,0.23490718403989574,0.3364958779943148,0.8352892986595266,1,1,1,0,0,1,1,1.0
0814052427421,S14,1,2026-09-13 20:02:52.096119+00:00,CR,R,R-2,Rear,UBE 850T-2,Non-Filling,Non_filling,0.7846233017495321,0.7631659890354896,0.6936646712731981,0.10215771665698735,0.5796035676450596,0.8371327088880094,1,1,1,0,1,1,1,1.0
0814053127427,S14,1,2026-09-13 10:32:10.866294+00:00,CRAM,E,E-2,Bottom View,UBE 850T-2,Porosity,Porosity,0.8232292645822231,0.8313073728147795,0.49764938509306716,0.2043252882341134,0.18349662908314235,0.8074180950247475,1,1,1,0,0,1,1,0.0
0814064227442,S14,1,2026-09-13 10:33:03.606297+00:00,CR,R,R-3,Rear,UBE 850T-2,Non-Filling,Non_filling,0.5513637021761815,0.8302282357397796,0.9581139154532468,0.0657706933512657,0.851732663970358,0.06840761215383646,1,1,1,0,1,0,1,1.0
0814064927448,S14,1,2026-09-13 10:35:41.447320+00:00,CRAM,E,E-2,Bottom View,UBE 850T-2,M14 Face Blow Hole,Blow_Hole,0.7258831171771285,0.6139932985688112,0.6236730312234958,0.6194848108777066,0.73969592053967,0.8343664150957699,1,1,1,1,1,1,1,1.0
0814070327458,S14,1,2026-09-13 10:15:08.353391+00:00,CR,K,K-1,Left Side,UBE 850T-2,Non-Filling,Non_filling,0.6875571639219862,0.29355634643664724,0.6557015062916037,0.1935251999751873,0.7357337072372907,0.0858760148420107,1,0,1,0,1,0,1,1.0
0814070927463,S14,1,2026-09-13 10:32:27.080011+00:00,CRAM,E,E-2,Bottom View,UBE 850T-2,M14 Face Blow Hole,Blow_Hole,0.8420900283340057,0.743354403441492,0.6813225663599528,0.25963787510353353,0.7336440198331109,0.835041972494733,1,1,1,0,1,1,1,1.0
0814073627481,S14,1,2026-09-13 10:12:02.637486+00:00,CR,L,L-1,Left Side,UBE 850T-2,Non-Filling,Non_filling,0.7855355338293408,0.6148752474575147,0.7033683269939521,0.8573407146638357,0.8081085217183869,0.6870037692521878,1,1,1,1,1,1,1,1.0
0814083627532,S14,1,2026-09-13 14:21:33.738477+00:00,CRAM,Q,Q-1,Rear,UBE 850T-2,Shrinkage,Shrinkage,0.37884776174245016,0.8133012972789149,0.38330386980931247,0.6457955862879985,0.8030257497662231,0.06590715120607987,0,1,0,1,1,0,1,1.0
0814084427539,S14,1,2026-09-13 16:55:24.549542+00:00,CRAM,E,E-2,Bottom View,UBE 850T-2,M14 Face Blow Hole,Blow_Hole,0.5025259193604839,0.8207406142593423,0.6564156432484624,0.13123585119962386,0.7940367775754156,0.21973544902840142,1,1,1,0,1,0,1,1.0
0814090727559,S14,1,2026-09-13 10:56:38.584182+00:00,CR,A,A-4,Top View,UBE 850T-2,Non-Filling,Non_filling,0.7697206387242113,0.5795891926777889,0.7903400638777023,0.8250304896909304,0.771491850341261,0.09055199006071701,1,1,1,1,1,0,1,1.0
0814093827585,S14,1,2026-09-13 10:07:20.537138+00:00,CR,L,L-1,Left Side,UBE 850T-2,Non-Filling,Non_filling,0.4599197909259317,0.5785737257005625,0.5811529348793826,0.19651872470116885,0.683833762583539,0.10428781884639897,1,1,1,0,1,0,1,1.0
0814094327589,S14,1,2026-09-13 09:39:07.703265+00:00,CR,K,K-1,Left Side,UBE 850T-2,Non-Filling,Non_filling,0.3741600296119228,0.7585261038157829,0.8077211897207827,0.35221913394075544,0.2536349141983977,0.10719647340975934,0,1,1,0,0,0,1,1.0
0814095927602,S14,1,2026-09-13 20:45:19.074561+00:00,,,,,UBE 850T-2,PLC_COMMUNICATION_FAILED_PLC packet timeout,,0.8774284594112127,0.27065330125334425,0.46895750660784863,0.8190286014237393,0.7807448405723906,0.409914228697775,1,0,1,1,1,1,1,
0814100227605,S14,1,2026-09-13 20:46:03.469532+00:00,,,,,UBE 850T-2,PLC_COMMUNICATION_FAILED_PLC circuit open until 2026-08-17T04:08:43.923Z,,0.6939685323936375,0.7403105915451835,0.7816836150314843,0.3187765782925864,0.7601456992720684,0.18739943028331518,1,1,1,0,1,0,1,
0814101227613,S14,1,2026-09-13 21:00:50.559386+00:00,CRAM,A,A-2,Top View,UBE 850T-2,Blow Hole M8,Blow_Hole,0.8129830321369738,0.5285014479393555,0.8003674539105817,0.204198814516288,0.7349817208247766,0.11272813989500419,1,1,1,0,1,0,1,1.0
0814101527616,S14,1,2026-09-13 09:40:00.951810+00:00,CR,L,L-1,Left Side,UBE 850T-2,Non-Filling,Non_filling,0.533205178687622,0.592309264148097,0.7951655563266875,0.40169434993831576,0.6780173466463639,0.2660449939376551,1,1,1,1,1,0,1,1.0
0814102327623,S14,1,2026-09-13 20:46:23.899281+00:00,,,,,UBE 850T-2,PLC_COMMUNICATION_FAILED_PLC circuit open until 2026-08-17T04:20:16.642Z,,0.4978075824057818,0.574926647695399,0.5496545476123548,0.6190304828205352,0.5135091081831147,0.10475213967102547,1,1,1,1,1,0,1,
0814110427647,S14,1,2026-09-13 14:08:35.449393+00:00,CRAM,P,P-2,Front,UBE 850T-2,Porosity,Porosity,0.5050414236194775,0.7642280556177579,0.3520884910140545,0.8614946634070959,0.8249533159427549,0.08562362606563695,1,1,0,1,1,0,1,1.0
0814112127661,S14,1,2026-09-13 14:07:42.751297+00:00,CRAM,H,H-2,Bottom View,UBE 850T-2,Face Blow Hole,Blow_Hole,0.8753658073802375,0.2960793395975423,0.815639055391174,0.49425315249244905,0.25551338288859804,0.6315755811855065,1,0,1,1,0,1,1,1.0
0814120527680,S14,1,2026-09-13 14:08:19.272205+00:00,CRAM,J,J-1,Left Side,UBE 850T-2,Porosity,Porosity,0.5054098131958573,0.2971787615907456,0.4963409856479466,0.8299862825668374,0.8082689614783535,0.11786194216956669,1,0,1,1,1,0,1,1.0
0814121627689,S14,1,2026-09-13 09:28:53.343894+00:00,CR,A,A-3,Top View,UBE 850T-2,Dent,,0.8757333843290702,0.44830929840539224,0.7218894465957356,0.8489246480022214,0.8007126951889465,0.11120398557280278,1,1,1,1,1,0,1,
0814122027691,S14,1,2026-09-13 14:14:31.654117+00:00,,,,,UBE 850T-2,"PLC_COMMUNICATION_FAILED_PLC SLMP START_ACK timeout (expected 1,1,2)",,0.535534361538518,0.27916810676647835,0.9353358777537236,0.8191833693502992,0.29698804564781794,0.4098109900769866,1,0,1,1,0,1,1,
0814130527730,S14,1,2026-09-13 09:29:05.829994+00:00,CR,M,M-2,Right Side,UBE 850T-2,Non-Filling,Non_filling,0.654290035745122,0.8175178352705516,0.8858907229196966,0.25990058292457147,0.7941360305836317,0.09620129780073647,1,1,1,0,1,0,1,1.0
0814130927733,S14,1,2026-09-13 14:02:30.141780+00:00,CRAM,C,C-1,Top View,UBE 850T-2,Shrinkage,Shrinkage,0.18498373629366607,0.7404976052178955,0.30489122758500875,0.7302509381368915,0.7726021839679158,0.10741840564186234,0,1,0,1,1,0,1,1.0
0814131427737,S14,1,2026-09-13 14:03:26.954289+00:00,CR,P,P-3,Front,UBE 850T-2,Dent,,0.8813202743697462,0.8285973161890349,0.6015923218362818,0.2549752766959749,0.7212547109359093,0.840414516900498,1,1,1,0,1,1,1,
0814132327745,S14,1,2026-09-13 09:01:00.739431+00:00,CR,P,P-2,Front,UBE 850T-2,Non-Filling,Non_filling,0.5479170416025152,0.7590118876277172,0.47264006971407724,0.7629970957207295,0.8148673486537997,0.10083343323404598,1,1,1,1,1,0,1,1.0
0814133927759,S14,1,2026-09-13 08:58:31.311760+00:00,CR,I,I-1,Left Side,UBE 850T-2,Non-Filling,Non_filling,0.18609226491856926,0.3018664068038409,0.48133663381854713,0.5681904137659725,0.5783293972391337,0.14465466334045096,0,0,1,1,1,0,1,1.0
0814140927785,S14,1,2026-09-13 14:06:25.695836+00:00,CRAM,C,C-1,Top View,UBE 850T-2,Porosity,Porosity,0.2853083012718211,0.5955666027568746,0.30970862952155115,0.6937229482806937,0.5788885482334892,0.062453444129902294,0,1,0,1,1,0,1,1.0
0814141827792,S14,1,2026-09-13 14:00:16.337513+00:00,CRAM,C,C-1,Top View,UBE 850T-2,Porosity,Porosity,0.6177296403631585,0.721353380731,0.4964562772294262,0.49929402410622237,0.5753754426478315,0.0956762258046443,1,1,1,1,1,0,1,1.0
0814142527798,S14,1,2026-09-13 08:52:54.812238+00:00,CR,L,L-1,Left Side,UBE 850T-2,Non-Filling,Non_filling,0.40045818605027517,0.5267648948974193,0.7683669390347436,0.105976372855205,0.7334194967979198,0.10754001075503178,1,1,1,0,1,0,1,1.0
0814143327805,S14,1,2026-09-13 14:00:32.551963+00:00,CRAM,C,C-1,Top View,UBE 850T-2,Shrinkage,Shrinkage,0.6202432256544447,0.7247232921331903,0.22914368265394874,0.11055415324790255,0.7369024624939176,0.09000754687614626,1,1,0,0,1,0,1,1.0
0814152227824,S14,1,2026-09-13 08:51:17.375347+00:00,CR,A,A-1,Top View,UBE 850T-2,Dent,,0.5401795545091652,0.8484408719279859,0.949633942133675,0.06498285375054104,0.8510257670942946,0.09755661390108683,1,1,1,0,1,0,1,
0814152327825,S14,1,2026-09-13 14:09:07.888973+00:00,CRAM,M,M-1,Right Side,UBE 850T-2,Scratch Mark,,0.7351946035881481,0.26715126165271186,0.770363467286722,0.6329250992603616,0.43795245460279714,0.8354872116355794,1,0,1,1,1,1,1,
0814173027935,S14,1,2026-09-13 13:21:39.544909+00:00,CRAM,C,C-1,Top View,UBE 850T-2,Porosity,Porosity,0.38483773004053345,0.7643427430798145,0.6463038510362697,0.6328849805586313,0.5123945144546291,0.8103239809637356,0,1,1,1,1,1,1,1.0
0814173627940,S14,1,2026-09-13 13:37:40.528160+00:00,CR,R,R-1,Rear,UBE 850T-2,Dent,,0.43773559196738854,0.2877104157870273,0.5352033218673539,0.69543947870871,0.7967623834082261,0.8364288607783523,1,0,1,1,1,1,1,
0814175727952,S14,1,2026-09-13 13:53:44.343199+00:00,CRAM,H,H-2,Bottom View,UBE 850T-2,Porosity,Porosity,0.7002292616229306,0.5921918053476258,0.7068101756593099,0.6312610139774114,0.5758606671404493,0.8370083160593648,1,1,1,1,1,1,1,1.0
0814184027977,S14,1,2026-09-13 13:57:01.678104+00:00,CRAM,E,E-2,Bottom View,UBE 850T-2,Face Blow Hole,Blow_Hole,0.6526277614803355,0.26679399762378486,0.8310800590035604,0.5991688641910439,0.513290410501038,0.109308666476638,1,0,1,1,1,0,1,1.0
0814192328009,S14,1,2026-09-13 13:55:21.373507+00:00,CRAM,N,N-2,Right Side,UBE 850T-2,Shrinkage,Shrinkage,0.5478581131829492,0.2711401981757049,0.7930181315616909,0.3468527114652674,0.42466264273706644,0.08692930274671361,1,0,1,0,1,0,1,1.0
0814193428018,S14,1,2026-09-13 13:19:41.622271+00:00,CRAM,N,N-2,Right Side,UBE 850T-2,Porosity,Porosity,0.6201225703525584,0.5295076767272486,0.4775507718607371,0.4106520178118036,0.7402449561764387,0.22022520761647615,1,1,1,1,1,0,1,1.0
0814200628046,S14,1,2026-09-13 13:19:25.006609+00:00,CRAM,C,C-1,Top View,UBE 850T-2,Laser Marking NG,,0.20772224804498587,0.2988292652041447,0.7316852155572249,0.6339199481015446,0.6800160903115309,0.3080959651769149,0,0,1,1,1,0,1,
0814210228095,S14,1,2026-09-13 13:24:26.031961+00:00,CR,C,C-1,Top View,UBE 850T-2,Shrinkage,Shrinkage,0.721621348716872,0.2876818159748993,0.5270621934422468,0.26901670841378156,0.39900769805642233,0.08596023549599191,1,0,1,0,0,0,1,0.0
0814210728099,S14,1,2026-09-13 23:46:24.859903+00:00,CRAM,E,E-2,Bottom View,UBE 850T-2,Blow Hole M8,Blow_Hole,0.5800493232863291,0.7642340354012644,0.3584575287869607,0.2352135377115117,0.7691495290157639,0.07145673436216576,1,1,0,0,1,0,1,1.0
0814214928135,S14,1,2026-09-13 13:17:43.522591+00:00,CRAM,E,E-2,Bottom View,UBE 850T-2,Porosity,Porosity,0.35360144544487604,0.2635924907330331,0.7493519231724632,0.5997136003249744,0.7355370782404834,0.08521698698517617,0,0,1,1,1,0,1,1.0
0814221828160,S14,1,2026-09-13 15:23:34.157998+00:00,CR,A,A-3,Top View,UBE 850T-2,Dent,,0.20213215921108682,0.2724520729161521,0.6414901662489247,0.6415148654513905,0.7940394651005283,0.06864921672368532,0,0,1,1,1,0,1,
0815011428311,S14,1,2026-09-13 23:31:16.329768+00:00,CRAM,B,B-1,Top View,UBE 850T-2,Face Blow Hole,Blow_Hole,0.5900112578317969,0.8166969604111182,0.35854590906908246,0.6327023562600773,0.7528171791862769,0.16185452883403106,1,1,0,1,1,0,1,1.0
0815011828314,S14,1,2026-09-13 22:57:23.847526+00:00,CRAM,E,E-2,Bottom View,UBE 850T-2,Porosity,Porosity,0.704912557394772,0.8219735973740231,0.5032317058916138,0.13504265503355256,0.7686796999403399,0.09942315926108386,1,1,1,0,1,0,1,0.0
0815015128342,S14,1,2026-09-13 23:21:35.665085+00:00,MR,B,B-1,Top View,UBE 850T-2,Chipoff on Dia 8.0,Chipoff,0.6845222909259226,0.8311300461552065,0.33594819776349577,0.23533007238109205,0.19202602940392502,0.8359635988163487,1,1,0,0,0,1,1,1.0
0815021128359,S14,1,2026-09-13 23:24:08.657564+00:00,CRAM,B,B-1,Top View,UBE 850T-2,Blow Hole M8,Blow_Hole,0.719724347013418,0.8224463630867428,0.13305718335016087,0.7953778523742522,0.7726420527998185,0.7653614944182697,1,1,0,1,1,1,1,1.0
0815022328369,S14,1,2026-09-13 16:01:08.917834+00:00,CR,A,A-1,Top View,UBE 850T-2,Dent,,0.4058905044555744,0.5796106383726183,0.34513421553924806,0.24397357269241163,0.7359256397923828,0.284630311808372,1,1,0,0,1,0,1,
0815022528371,S14,1,2026-09-13 23:28:27.070141+00:00,CRAM,B,B-1,Top View,UBE 850T-2,Blow Hole M8,Blow_Hole,0.7586025882204539,0.42937252417098076,0.6111811677480866,0.6890642041178203,0.785730701318251,0.10989126266999355,1,1,1,1,1,0,1,1.0
0815025628397,S14,1,2026-09-13 23:27:46.659021+00:00,CRAM,B,B-1,Top View,UBE 850T-2,Blow Hole M8,Blow_Hole,0.49383441615397,0.8313138967328416,0.16288436820652039,0.8198349586447726,0.7828332982228375,0.08925765070123337,1,1,0,1,1,0,1,1.0
0815030228402,S14,1,2026-09-13 23:26:17.958022+00:00,CRAM,B,B-1,Top View,UBE 850T-2,Face Blow Hole,Blow_Hole,0.6119693504242137,0.8195485397407327,0.5646087347744131,0.244108606558236,0.2518861866174952,0.8363464600032547,1,1,1,0,0,1,1,1.0
0815040628457,S14,1,2026-09-14 02:47:57.366612+00:00,MR,B,B-1,Top View,UBE 850T-2,Dia Under Size,,0.6655899928949132,0.8503497285611925,0.8205194656167556,0.3282710517833731,0.2686069046090037,0.1706073067899436,1,1,1,0,0,0,1,
0815041728466,S14,1,2026-09-14 02:27:12.826574+00:00,CRAM,E,E-2,Bottom View,UBE 850T-2,M14 Face Blow Hole,Blow_Hole,0.5054962268555585,0.8135649377096668,0.8932660172249024,0.23737581667408425,0.3359674179515522,0.1059815822471978,1,1,1,0,0,0,1,1.0
0815041928468,S14,1,2026-09-14 02:39:53.626376+00:00,CRAM,E,E-2,Bottom View,UBE 850T-2,Blow Hole M8,Blow_Hole,0.7007788470013416,0.8436327655381946,0.5261496734010735,0.6315235761315722,0.7682591754605622,0.16013654300818872,1,1,1,1,1,0,1,1.0
0815043928485,S14,1,2026-09-14 02:33:18.544152+00:00,CRAM,E,E-2,Bottom View,UBE 850T-2,Blow Hole M8,Blow_Hole,0.8423167458714956,0.8242260023981423,0.6838829534755466,0.10492826157897985,0.8059068470393734,0.40226478765825213,1,1,1,0,1,1,1,1.0
0815051628512,S14,1,2026-09-14 02:30:02.335449+00:00,CRAM,E,E-3,Bottom View,UBE 850T-2,Blow Hole M8,Blow_Hole,0.7613098419700006,0.7626647984354004,0.8140164975538549,0.10542688240569166,0.8003119918480858,0.40274038078138547,1,1,1,0,1,1,1,1.0
0816150328528,S14,1,2026-09-14 02:44:52.178622+00:00,,,,,UBE 850T-2,PLC_COMMUNICATION_FAILED_PLC packet timeout,,0.5423095469946952,0.8129331154067263,0.37227255881794874,0.10492501493496795,0.36759900680041857,0.1874611809768395,1,1,0,0,0,0,1,
0816155528545,S14,1,2026-09-14 02:44:31.715713+00:00,,,,,UBE 850T-2,PLC_COMMUNICATION_FAILED_PLC packet timeout,,0.7796312367352284,0.613526969402706,0.4761241520412772,0.19639993694851338,0.24491804669200457,0.21994008329594023,1,1,1,0,0,0,1,
0816172428616,S14,1,2026-09-14 06:16:06.007477+00:00,CRAM,B,B-1,Top View,UBE 850T-2,Blow Hole M8,Blow_Hole,0.7790484966257774,0.7650818290883603,0.7325428076625089,0.2451965289915885,0.8186844476901092,0.16235339739819898,1,1,1,0,1,0,1,1.0
0816172828619,S14,1,2026-09-14 06:14:40.440009+00:00,CRAM,B,B-1,Top View,UBE 850T-2,Blow Hole M8,Blow_Hole,0.7848502156692231,0.829300724309441,0.7260435027126759,0.1345178630901504,0.7663493604772467,0.16010713070585014,1,1,1,0,1,0,1,1.0
0816173628626,S14,1,2026-09-14 02:07:48.007980+00:00,CR,A,A-4,Top View,UBE 850T-2,Non-Filling,Non_filling,0.7285900173982458,0.2860995348818177,0.6033968637954709,0.12069567784279261,0.45617835249809485,0.0878464099404805,1,0,1,0,1,0,1,1.0
0816174728636,S14,1,2026-09-13 19:51:29.104453+00:00,,,,,UBE 850T-2,PLC_COMMUNICATION_FAILED_PLC circuit open until 2026-08-17T05:31:05.470Z,,0.6410737387657126,0.8230254644433567,0.5665119542577347,0.6413341346520268,0.7353550163560708,0.25326752060233415,1,1,1,1,1,0,1,
0816182828659,S14,1,2026-09-13 19:54:27.716578+00:00,,,,,UBE 850T-2,PLC_COMMUNICATION_FAILED_PLC packet timeout,,0.705021885384973,0.29213228395048013,0.5230933173038497,0.14706682938329627,0.42433838911965344,0.12799362566665554,1,0,1,0,1,0,1,
0816183428664,S14,1,2026-09-13 19:54:47.958760+00:00,,,,,UBE 850T-2,PLC_COMMUNICATION_FAILED_PLC packet timeout,,0.7286197798838645,0.5993881315052468,0.30111594089762805,0.14197472655153648,0.25116375896493914,0.11312286503353237,1,1,0,0,0,0,1,
0816191028695,S14,1,2026-09-13 20:16:06.353448+00:00,,,,,UBE 850T-2,PLC_COMMUNICATION_FAILED_PLC packet timeout,,0.5490937663351372,0.8222765594459205,0.7900944551020435,0.1314547533268499,0.7695081868857916,0.7440494498811598,1,1,1,0,1,1,1,
0816191328698,S14,1,2026-09-13 20:23:19.174211+00:00,,,,,UBE 850T-2,PLC_COMMUNICATION_FAILED_PLC circuit open until 2026-08-17T04:21:01.909Z,,0.6645148573705473,0.2709288978106896,0.2926304164789284,0.10987357145457227,0.8015161335691076,0.620414863690407,1,0,0,0,1,1,1,
0816192128705,S14,1,2026-09-13 20:26:37.067762+00:00,,,,,UBE 850T-2,PLC_COMMUNICATION_FAILED_PLC circuit open until 2026-08-17T04:53:49.489Z,,0.7837506883587273,0.5789566021301771,0.7273831238334201,0.08650618802075116,0.2605167835907384,0.18752809386428398,1,1,1,0,0,0,1,
0816192528708,S14,1,2026-09-13 20:23:59.731798+00:00,,,,,UBE 850T-2,PLC_COMMUNICATION_FAILED_PLC packet timeout,,0.878186248904257,0.8166692864193006,0.576731410772678,0.07848752664415046,0.25137064043465746,0.10817243403383774,1,1,1,0,0,0,1,
0816192828711,S14,1,2026-09-13 20:24:15.864237+00:00,CRAM,E,E-2,Bottom View,UBE 850T-2,M14 Face Blow Hole,Blow_Hole,0.6487530260490084,0.7604449508378766,0.9004348242510126,0.2680247265030486,0.29772669786516825,0.07621248033333643,1,1,1,0,0,0,1,1.0
0816193028712,S14,1,2026-09-13 20:12:07.841099+00:00,,,,,UBE 850T-2,PLC_COMMUNICATION_FAILED_PLC packet timeout,,0.5194680267997028,0.8284026116210792,0.4911608476919015,0.12050608030471283,0.25084627050998565,0.08122289856183748,1,1,1,0,0,0,1,
0816193428716,S14,1,2026-09-13 20:20:13.099221+00:00,,,,,UBE 850T-2,PLC_COMMUNICATION_FAILED_PLC packet timeout,,0.40078213037763877,0.5799854853337568,0.1398574469814412,0.37395488945192734,0.7641834075329921,0.06005421425267207,1,1,0,0,1,0,1,
0816193528717,S14,1,2026-09-13 20:23:39.301100+00:00,,,,,UBE 850T-2,PLC_COMMUNICATION_FAILED_PLC packet timeout,,0.8780992082358291,0.8453858223972144,0.13497430635211277,0.284144941680242,0.7695564647426973,0.08667994209980812,1,1,0,0,1,0,1,
0816193728718,S14,1,2026-09-13 20:21:54.180536+00:00,,,,,UBE 850T-2,PLC_COMMUNICATION_FAILED_PLC circuit open until 2026-08-17T04:15:25.860Z,,0.6079449673109054,0.6132100679860535,0.2549400247343209,0.11112844280759399,0.6833425694409858,0.07124906275385504,1,1,0,0,1,0,1,
0816194428724,S14,1,2026-09-13 20:09:05.053263+00:00,,,,,UBE 850T-2,PLC_COMMUNICATION_FAILED_PLC packet timeout,,0.8761283122512358,0.5990974869730209,0.836058491631658,0.2688737847477555,0.7335075811694942,0.12006730426112296,1,1,1,0,1,0,1,
0816194528725,S14,1,2026-09-13 20:08:44.624822+00:00,,,,,UBE 850T-2,PLC_COMMUNICATION_FAILED_PLC circuit open until 2026-08-17T03:36:11.945Z,,0.8796424521377456,0.5791544279630565,0.8312143155563366,0.2692441497469908,0.5802957769462402,0.1097568521913325,1,1,1,0,1,0,1,
0816194628726,S14,1,2026-09-13 20:19:16.447565+00:00,,,,,UBE 850T-2,PLC_COMMUNICATION_FAILED_PLC packet timeout,,0.8421990524640995,0.2857181481152803,0.9075050150886768,0.14196957297391333,0.1784877785122937,0.17051913180010358,1,0,1,0,0,0,1,
0816194728727,S14,1,2026-09-13 20:11:07.057796+00:00,,,,,UBE 850T-2,PLC_COMMUNICATION_FAILED_PLC packet timeout,,0.7230678464163242,0.5989804306322056,0.6712937014890101,0.3297991290662625,0.5751244800735493,0.10219144692587981,1,1,1,0,1,0,1,
0816194828728,S14,1,2026-09-13 20:22:14.325482+00:00,,,,,UBE 850T-2,PLC_COMMUNICATION_FAILED_PLC circuit open until 2026-08-17T03:48:56.414Z,,0.4976456400013337,0.5922366631764736,0.5585645064282403,0.23440343521804985,0.7401505038640813,0.09904491211779709,1,1,1,0,1,0,1,
0816195228731,S14,1,2026-09-13 20:10:46.513501+00:00,,,,,UBE 850T-2,PLC_COMMUNICATION_FAILED_PLC circuit open until 2026-08-17T03:50:54.910Z,,0.48698753654496024,0.5784941597799589,0.2759788540395189,0.28405552654294003,0.208333152627946,0.09615942319674481,1,1,0,0,0,0,1,
0816202028755,S14,1,2026-09-13 20:22:34.757217+00:00,,,,,UBE 850T-2,PLC_COMMUNICATION_FAILED_PLC packet timeout,,0.70043584823326,0.8318976009234359,0.6339990491597711,0.10901730825433495,0.550399699953086,0.10023035763117683,1,1,1,0,1,0,1,
0816204628766,S14,1,2026-09-13 20:14:17.156680+00:00,,,,,UBE 850T-2,PLC_COMMUNICATION_FAILED_PLC circuit open until 2026-08-17T03:37:28.248Z,,0.7816950500549438,0.6137788000638773,0.8618374028479161,0.12057607172137114,0.1735066894522982,0.09705996017417237,1,1,1,0,0,0,1,
0816215628786,S14,1,2026-09-13 19:02:45.210769+00:00,CRAM,E,E-2,Bottom View,UBE 850T-2,Blow Hole M8,Blow_Hole,0.8816063458081541,0.7639923860243061,0.5359721979794168,0.3767362461863525,0.7896172915431127,0.14573286894008425,1,1,1,0,1,0,1,1.0
0816223928823,S14,1,2026-09-13 19:09:05.895829+00:00,CR,L,L-1,Left Side,UBE 850T-2,Crack,Crack,0.8230754955322642,0.7628987512060662,0.3249961324699776,0.30431450584738273,0.3350179727872101,0.10269159966736285,1,1,0,0,0,0,1,1.0
0816224228826,S14,1,2026-09-13 19:04:10.200766+00:00,CR,C,C-1,Top View,UBE 850T-2,Shrinkage,Shrinkage,0.4443471950752357,0.8150677233625517,0.503974176069339,0.6422408481323788,0.7362253261879669,0.07759303304302809,1,1,1,1,1,0,1,1.0
0816231528854,S14,1,2026-09-13 19:26:37.727265+00:00,CRAM,E,E-2,Bottom View,UBE 850T-2,Blow Hole M8,Blow_Hole,0.6410210059997048,0.8223152033014773,0.8089643686920708,0.10600930552955577,0.24783074086291468,0.09904609535235778,1,1,1,0,0,0,1,1.0
0817001128901,S14,1,2026-09-13 18:42:12.345744+00:00,CR,O,O-2,Front,UBE 850T-2,Dent,,0.5895939926317351,0.7590396340643036,0.5283711144304191,0.1447792972618563,0.19508116879983609,0.0826026494403104,1,1,1,0,0,0,1,
0817012928950,S14,1,2026-09-22 06:12:02.971793+00:00,CR,H,H-1,Bottom View,UBE 850T-2,Non-Filling,Non_filling,0.661285827593211,0.8126981267518139,0.5813673065349557,0.1303382727250167,0.20949349796490385,0.07407249213029538,1,1,1,0,0,0,1,1.0
0817025129020,S14,1,2026-09-15 01:11:47.881202+00:00,CRAM,C,C-1,Top View,UBE 850T-2,Laser Marking NG,,0.5882847045689017,0.7603184804989677,0.5042796407402026,0.6190736586594873,0.5771922556264338,0.28400760169337397,1,1,1,1,1,0,1,
0817030729034,S14,1,2026-09-14 23:45:57.088965+00:00,CR,C,C-1,Top View,UBE 850T-2,Black Mark,,0.4986163234982841,0.7592878188679626,0.24298387390035714,0.10398492607113857,0.41882918797837687,0.1059571776605045,1,1,0,0,1,0,1,
0817032229047,S14,1,2026-09-14 23:45:12.207953+00:00,CR,H,H-2,Bottom View,UBE 850T-2,Black Mark,,0.81289003240678,0.7229990451331585,0.5363010903307285,0.5994218733531662,0.6834037332768461,0.12040823733359046,1,1,1,1,1,0,1,
0817032429049,S14,1,2026-09-14 23:46:09.337239+00:00,CR,D,D-4,Top View,UBE 850T-2,Black Mark,,0.8769710159821082,0.6126418135733956,0.29655507487291366,0.10656422111465043,0.24848813616044005,0.10583168662617523,1,1,0,0,0,0,1,
0817034729064,S14,1,2026-09-14 23:52:13.590330+00:00,CR,H,H-3,Bottom View,UBE 850T-2,Black Mark,,0.40078059024018414,0.7211816660966599,0.8618481758422192,0.1110763045234158,0.3037958553900827,0.07470923136187357,1,1,1,0,0,0,1,
0817040229077,S14,1,2026-09-14 23:54:10.920163+00:00,CR,A,A-1,Top View,UBE 850T-2,Non-Filling,Non_filling,0.8757905809330251,0.763899627852419,0.620063517239827,0.7356388303993449,0.7605595705163207,0.0922359331277404,1,1,1,1,1,0,1,1.0
0817040629080,S14,1,2026-09-22 06:35:06.172170+00:00,CR,L,L-1,Left Side,UBE 850T-2,Non-Filling,Non_filling,0.735514155214113,0.7235289912291394,0.7331023463928539,0.26943140284023614,0.2475315339978816,0.07335435114556013,1,1,1,0,0,0,1,1.0
0817040729081,S14,1,2026-09-14 23:45:24.362158+00:00,CR,H,H-3,Bottom View,UBE 850T-2,Black Mark,,0.8420873624963147,0.8303310838171133,0.8733099304536847,0.11171513042200364,0.29730290892109146,0.11282612595623108,1,1,1,0,0,0,1,
0817042229094,S14,1,2026-09-14 23:42:47.086014+00:00,CR,O,O-1,Front,UBE 850T-2,Black Mark,,0.5881686480630584,0.6133869357556234,0.5106798481346954,0.11168324304608004,0.30230913274101473,0.08402399060426631,1,1,1,0,0,0,1,
0817045129119,S14,1,2026-09-13 18:17:30.267361+00:00,CRAM,C,C-1,Top View,UBE 850T-2,Shrinkage,Shrinkage,0.46186431321104576,0.5792589056245738,0.6220657524060333,0.3694769320811604,0.2528672559968749,0.18679758169424476,1,1,1,0,0,0,1,0.0
0817051629141,S14,1,2026-09-13 18:24:05.006568+00:00,CRAM,C,C-1,Top View,UBE 850T-2,Porosity,Porosity,0.4982904694468565,0.7626459180404737,0.25690628079955335,0.6454194886493251,0.6830747101596355,0.17031718995760836,1,1,0,1,1,0,1,1.0
0817054529166,S14,1,2026-09-15 05:32:37.167785+00:00,CR,R,R-1,Rear,UBE 850T-2,Non-Filling,Non_filling,0.7428033229952133,0.5293964222274947,0.4528358929178777,0.33004726462265455,0.8156542916523851,0.5659106775129439,1,1,1,0,1,1,1,1.0
0817060629175,S14,1,2026-09-15 05:46:06.838676+00:00,CRAM,E,E-3,Bottom View,UBE 850T-2,M14 Face Blow Hole,Blow_Hole,0.8236413562875968,0.835387046349301,0.8146523956592665,0.07942227995219586,0.8519033002133342,0.054582271235558685,1,1,1,0,1,0,1,1.0
0817062229189,S14,1,2026-09-14 22:39:37.086574+00:00,CR,K,K-1,Left Side,UBE 850T-2,Non-Filling,Non_filling,0.74420664075818,0.5293499728007607,0.6506164798620311,0.41736442501742743,0.7962248445394318,0.09219230276974735,1,1,1,1,1,0,1,1.0
0817101129355,S14,1,2026-09-14 19:04:20.752230+00:00,CR,L,L-1,Left Side,UBE 850T-2,Non-Filling,Non_filling,0.5525262702623315,0.8541955710206662,0.56948400524506,0.08827628770753682,0.7810408059360209,0.8351709995554141,1,1,1,0,1,1,1,1.0
0817112529419,S14,1,2026-09-14 23:50:40.375230+00:00,CR,O,O-1,Front,UBE 850T-2,Black Mark,,0.3790361759023207,0.8099224932666126,0.42312133679642616,0.13428908232190984,0.22436985596944015,0.08327191752463094,0,1,1,0,0,0,1,
0817113629428,S14,1,2026-09-14 19:43:53.535019+00:00,CR,Q,Q-1,Rear,UBE 850T-2,Black Mark,,0.5692869588303419,0.6133697995291851,0.4250847405536913,0.6434363055401847,0.7372149554609191,0.5662802498767548,1,1,1,1,1,1,1,
0817114929440,S14,1,2026-09-14 19:37:54.452457+00:00,CR,R,R-2,Rear,UBE 850T-2,Black Mark,,0.8756500505234204,0.8268655298523382,0.5077751547790966,0.14701502233356062,0.5133022723946128,0.1089617054145563,1,1,1,0,1,0,1,
0817115529445,S14,1,2026-09-14 21:04:17.582732+00:00,CRAM,E,E-3,Bottom View,UBE 850T-2,Porosity,Porosity,0.49373987188632174,0.8256250294773144,0.34977643322930035,0.607763643753572,0.7861044022612078,0.0952965279300253,1,1,0,1,1,0,1,1.0
0817123029475,S14,1,2026-09-13 18:08:04.183659+00:00,CR,I,I-1,Left Side,UBE 850T-2,Non-Filling,Non_filling,0.6667959175691893,0.84016828910689,0.8670285833731222,0.10953092909088027,0.253882287050679,0.8325163561324794,1,1,1,0,0,1,1,1.0
0817123229477,S14,1,2026-09-13 22:32:11.498257+00:00,CRAM,E,E-2,Bottom View,UBE 850T-2,M14 Face Blow Hole,Blow_Hole,0.7425923641902767,0.8112464635539326,0.4662262441616828,0.11816366395908413,0.4142123213971627,0.10119838024622632,1,1,1,0,1,0,1,1.0
0817123929483,S14,1,2026-09-13 22:34:21.228904+00:00,CRAM,B,B-1,Top View,UBE 850T-2,Blow Hole M8,Blow_Hole,0.7219898311140727,0.8118436968383953,0.7472830176511764,0.11216244945562531,0.19634953120352386,0.09972390036615733,1,1,1,0,0,0,1,1.0
0817125629498,S14,1,2026-09-13 22:34:04.969463+00:00,CRAM,B,B-1,Top View,UBE 850T-2,Blow Hole M8,Blow_Hole,0.6943125114389892,0.8567545263403793,0.5210444016065512,0.6337255893151099,0.42471018555373924,0.8790036976904237,1,1,1,1,1,1,1,1.0
0817132629513,S14,1,2026-09-15 02:13:07.982641+00:00,CRAM,C,C-1,Top View,UBE 850T-2,Face Blow Hole,Blow_Hole,0.5361954392192613,0.8520917898972247,0.9530972892291579,0.05942289290444019,0.8476407550071383,0.05227899511807621,1,1,1,0,1,0,1,1.0
0817132929516,S14,1,2026-09-15 02:12:27.251235+00:00,CRAM,C,C-1,Top View,UBE 850T-2,Face Blow Hole,Blow_Hole,0.8807251100602769,0.8348161922757209,0.551788134422315,0.38700444997532213,0.24263991278320096,0.08428911488571066,1,1,1,0,0,0,1,1.0
0817133129517,S14,1,2026-09-13 17:42:58.528989+00:00,CRAM,P,P-3,Front,UBE 850T-2,Porosity,Porosity,0.8254366798334235,0.8269179612727638,0.5370073271738399,0.10574024299509985,0.4028975012909035,0.07795092305687816,1,1,1,0,1,0,1,0.0
0817133329519,S14,1,2026-09-15 02:17:07.639603+00:00,CRAM,P,P-4,Front,UBE 850T-2,Casting Dent on Riv,,0.6786992595886361,0.6141359307122871,0.2947054716015201,0.10866499867811621,0.2031944371881655,0.11817233982006385,1,1,0,0,0,0,1,
0817133629522,S14,1,2026-09-13 18:08:16.365284+00:00,CR,L,L-1,Left Side,UBE 850T-2,Non-Filling,Non_filling,0.7195798150337933,0.8341420960606591,0.5318255241951712,0.11053161160659951,0.24363126191523365,0.41040844205896326,1,1,1,0,0,1,1,1.0
0817135429537,S14,1,2026-09-13 22:28:08.391946+00:00,CRAM,E,E-2,Bottom View,UBE 850T-2,Blow Hole M8,Blow_Hole,0.8813972161166039,0.8256921565610233,0.7931693788423949,0.39915200646592314,0.771874863669055,0.0947042131224096,1,1,1,0,1,0,1,1.0
0817141229550,S14,1,2026-09-13 22:30:58.482744+00:00,CRAM,E,E-3,Bottom View,UBE 850T-2,Chipoff on M8.0,Chipoff,0.7866101254313533,0.8468636272014796,0.8504263839422835,0.8227827014567592,0.16793846390983874,0.873730312634867,1,1,1,1,0,1,1,1.0
0817142029557,S14,1,2026-09-13 22:29:53.798140+00:00,CRAM,E,E-3,Bottom View,UBE 850T-2,Blow Hole M8,Blow_Hole,0.8811360417333225,0.855747163192053,0.4221631512364741,0.4457756692860569,0.32517246829075414,0.833367952477529,1,1,1,1,0,1,1,1.0
0817143829573,S14,1,2026-09-13 22:27:03.712597+00:00,CRAM,E,E-2,Bottom View,UBE 850T-2,Face Blow Hole,Blow_Hole,0.7354484221751159,0.7422465638787897,0.29121576650326747,0.13288083955612004,0.2549390097837618,0.07670481815727816,1,1,0,0,0,0,1,1.0
0817145729589,S14,1,2026-09-13 22:26:47.196189+00:00,CRAM,E,E-2,Bottom View,UBE 850T-2,M14 Face Blow Hole,Blow_Hole,0.8129037096818026,0.7230580884508887,0.5567365561736646,0.13259541370692504,0.3995468696155802,0.11878192359851357,1,1,1,0,0,0,1,1.0
0817160229645,S14,1,2026-09-23 02:06:09.347968+00:00,CRAM,E,E-2,Bottom View,UBE 850T-2,Porosity,Porosity,0.8758238520238233,0.8106560892279308,0.8694051750075791,0.39931753003303216,0.24921061583688592,0.09654779462626895,1,1,1,0,0,0,1,0.0
0817161229654,S14,1,2026-09-13 22:06:23.233715+00:00,CR,A,A-1,Top View,UBE 850T-2,Non-Filling,Non_filling,0.7042383890243555,0.8568434683592575,0.7948293248538256,0.2684056957648413,0.24598839308783726,0.8071579160517265,1,1,1,0,0,1,1,1.0
0817170929704,S14,1,2026-09-14 08:19:31.999344+00:00,CR,P,P-2,Front,UBE 850T-2,Black Mark,,0.49802708866891043,0.8329452989507942,0.7267694051678729,0.37396664511090705,0.19891001983349382,0.10037366157157576,1,1,1,0,0,0,1,
0817173629727,S14,1,2026-09-14 08:19:52.451353+00:00,CR,S,S-1,Rear,UBE 850T-2,Black Mark,,0.7354767424058735,0.8124011322641231,0.6230042395983286,0.1287123852152618,0.30700696381746584,0.0993288775806147,1,1,1,0,0,0,1,
0817173729728,S14,1,2026-09-14 08:19:03.559769+00:00,CRAM,E,E-2,Bottom View,UBE 850T-2,Blow Hole M8,Blow_Hole,0.4991652152719753,0.8325502485825965,0.5453188179417888,0.23447541297525898,0.196850281114763,0.15885095446970962,1,1,1,0,0,0,1,1.0
0817180829741,S14,1,2026-09-14 08:20:04.601838+00:00,CR,H,H-3,Bottom View,UBE 850T-2,Black Mark,,0.5378020755758961,0.8330297607752389,0.8755372766381856,0.11072531817366635,0.21015869413453156,0.6354676005076325,1,1,1,0,0,1,1,
0817195229803,S14,1,2026-09-14 08:18:47.413107+00:00,CR,R,R-2,Rear,UBE 850T-2,Black Mark,,0.5230100113606478,0.7241134132226612,0.79929569175892,0.28562948497560436,0.3028760613519112,0.25243475189911235,1,1,1,0,0,0,1,
0817195629807,S14,1,2026-09-14 08:17:55.929303+00:00,CR,D,D-1,Top View,UBE 850T-2,Black Mark,,0.6944891209775315,0.822774559702608,0.6114024292178167,0.3296264361673101,0.7391634967325732,0.3572486981368231,1,1,1,0,1,0,1,
0817201529823,S14,1,2026-09-14 08:17:19.470746+00:00,CR,S,S-2,Rear,UBE 850T-2,Non-Filling,Non_filling,0.8810418796264747,0.8498096100284568,0.9002003563615008,0.6454166057788976,0.24366298941914863,0.09840276291011817,1,1,1,1,0,0,1,1.0
0817214529898,S14,1,2026-09-13 22:10:38.317244+00:00,CRAM,E,E-2,Bottom View,UBE 850T-2,Blow Hole M8,Blow_Hole,0.8260551029337435,0.7409304200915671,0.55357922684654,0.10531296278432838,0.26061529204940864,0.06917360740369269,1,1,1,0,0,0,1,1.0
0817221529925,S14,1,2026-09-14 08:13:57.837011+00:00,CR,S,S-2,Rear,UBE 850T-2,Non-Filling,Non_filling,0.8763224712585718,0.8115494483244322,0.8508288753437976,0.6326802943542951,0.19477767752181632,0.07560015944213994,1,1,1,1,0,0,1,1.0
0817231329940,S14,1,2026-09-14 08:24:36.011936+00:00,CRAM,E,E-2,Bottom View,UBE 850T-2,Blow Hole M8,Blow_Hole,0.8814420068254312,0.8419081317923014,0.4718270578212611,0.6680184525151929,0.7667028283434899,0.7432592049079948,1,1,1,1,1,1,1,1.0
0817234729968,S14,1,2026-09-14 08:27:18.705252+00:00,CRAM,E,E-2,Bottom View,UBE 850T-2,Blow Hole M8,Blow_Hole,0.4465925603892536,0.5988740386672149,0.10817415607602514,0.23564565273815435,0.36137817660977184,0.07293909926183291,1,1,0,0,0,0,1,1.0
0817235929978,S14,1,2026-09-14 04:09:46.275537+00:00,CR,K,K-1,Left Side,UBE 850T-2,Non-Filling,Non_filling,0.5663768616112086,0.5776880938372007,0.48677637539004914,0.32908063809921373,0.7858819370955534,0.1127155111171037,1,1,1,0,1,0,1,1.0
0818001129988,S14,1,2026-09-14 08:18:35.266644+00:00,CR,H,H-1,Bottom View,UBE 850T-2,Non-Filling,Non_filling,0.493351802880109,0.7597386520088903,0.3724271838984249,0.35420897523007383,0.782017530900043,0.07160935939429619,1,1,0,0,1,0,1,0.0
0818011620044,S14,1,2026-09-14 04:16:06.523657+00:00,CR,H,H-1,Bottom View,UBE 850T-2,Non-Filling,Non_filling,0.7793797194063656,0.8289181829260834,0.7535568475520049,0.3146004379570745,0.36216217619734203,0.08138993863792147,1,1,1,0,0,0,1,1.0
0818021920099,S14,1,2026-09-14 15:20:47.288254+00:00,CR,A,A-1,Top View,UBE 850T-2,Black Mark,,0.8812066473680471,0.8166778825570407,0.5204861271446046,0.39904115565227755,0.2433441310950522,0.09767577996659269,1,1,1,0,0,0,1,
0818022120101,S14,1,2026-09-14 15:21:24.133817+00:00,CR,A,A-1,Top View,UBE 850T-2,Black Mark,,0.7445960496899453,0.8180395510443661,0.549408286709074,0.23504940883644057,0.1820710238845289,0.0844287265799969,1,1,1,0,0,0,1,
0818022520104,S14,1,2026-09-15 04:26:32.144586+00:00,CR,E,E-2,Bottom View,UBE 850T-2,Non-Filling,Non_filling,0.7789109510955382,0.8306025280068258,0.5889372539834257,0.12480262709755507,0.5126025086289077,0.08339451172695074,1,1,1,0,1,0,1,1.0
0818022620105,S14,1,2026-09-14 15:26:24.364896+00:00,CR,R,R-3,Rear,UBE 850T-2,Black Mark,,0.6546849420313117,0.8274687212628796,0.8845054587998236,0.10470131103609571,0.5132919801136264,0.07629321861865579,1,1,1,0,1,0,1,
0818023820116,S14,1,2026-09-14 15:24:51.433528+00:00,CR,L,L-1,Left Side,UBE 850T-2,Non-Filling,Non_filling,0.7324017813776589,0.6136735894942166,0.7524984270347006,0.2677238067262526,0.424542006255057,0.07517045352136881,1,1,1,0,1,0,1,1.0
0818024320120,S14,1,2026-09-14 15:24:26.927341+00:00,CR,L,L-1,Left Side,UBE 850T-2,Non-Filling,Non_filling,0.8803127394166235,0.8146494787663968,0.5794729174463259,0.1628530455686266,0.5252335110615258,0.08313988178547645,1,1,1,0,1,0,1,1.0
0818024420121,S14,1,2026-09-14 15:23:38.359523+00:00,CR,L,L-1,Left Side,UBE 850T-2,Crack,Crack,0.6875782233976439,0.7617616564014901,0.5652104588686974,0.13114669925731276,0.20833644937039342,0.08863397183106148,1,1,1,0,0,0,1,1.0
0818025220128,S14,1,2026-09-14 00:28:08.664314+00:00,CR,L,L-1,Left Side,UBE 850T-2,Non-Filling,Non_filling,0.7266033177237036,0.5981845693485359,0.5466164097783288,0.11228353430970955,0.514989429456891,0.06732936128518903,1,1,1,0,1,0,1,1.0
0818040420191,S14,1,2026-09-13 21:48:59.530868+00:00,CR,L,L-1,Left Side,UBE 850T-2,Non-Filling,Non_filling,0.5048794422803055,0.8234611705244532,0.5589376332813519,0.14477387837946534,0.19007068971243296,0.06193063952150157,1,1,1,0,0,0,1,1.0
0818040920195,S14,1,2026-09-13 21:52:05.083769+00:00,CR,L,L-1,Left Side,UBE 850T-2,Non-Filling,Non_filling,0.6787837988338115,0.4304159914326552,0.3539167372530852,0.24517239238222951,0.2547206064615337,0.0849291233260856,1,1,0,0,0,0,1,0.0
0818042620210,S14,1,2026-09-13 21:43:33.206138+00:00,CR,L,L-1,Left Side,UBE 850T-2,Non-Filling,Non_filling,0.49916708349380745,0.32783342358387046,0.5602375056149576,0.18509298622671175,0.2532403744986528,0.07823118129523687,1,0,1,0,0,0,1,1.0
0818052720255,S14,1,2026-09-15 05:06:22.611974+00:00,CR,O,O-1,Front,UBE 850T-2,Black Mark,,0.6835235272204075,0.8284152427737355,0.3888787061668217,0.31429345303355616,0.2002518028155581,0.08485704583393851,1,1,0,0,0,0,1,
0818053820265,S14,1,2026-09-15 05:09:26.573142+00:00,CR,M,M-2,Right Side,UBE 850T-2,Black Mark,,0.7608876206393638,0.7614770811866131,0.7744352016982752,0.12831906832694043,0.3789845054878998,0.10416415713931075,1,1,1,0,0,0,1,
0818133420617,S14,1,2026-09-14 06:18:24.552822+00:00,CRAM,B,B-1,Top View,UBE 850T-2,Body Leak,,0.6695339095027005,0.8310279665383979,0.8049554912036174,0.2684071127611341,0.20755510112600623,0.07355644248186581,1,1,1,0,0,0,1,
0818133720620,S14,1,2026-09-14 06:18:08.305750+00:00,,,,,UBE 850T-2,"PLC_COMMUNICATION_FAILED_PLC SLMP START_ACK timeout (expected 1,1,2)",,0.8128778030892545,0.8583546416035941,0.47393527880956526,0.30006212728795667,0.2541367064845673,0.09635151647252627,1,1,1,0,0,0,1,
0818134220624,S14,1,2026-09-14 06:18:41.136104+00:00,CRAM,B,B-1,Top View,UBE 850T-2,Face Blow Hole,Blow_Hole,0.8000295564384957,0.846793749312227,0.682768868059045,0.11030363777892657,0.24406997299823313,0.09994028181713333,1,1,1,0,0,0,1,1.0
0818135320634,S14,1,2026-09-14 06:17:27.575888+00:00,CRAM,B,B-1,Top View,UBE 850T-2,Face Blow Hole,Blow_Hole,0.687570515502538,0.8340832994524631,0.8371339229154423,0.3180430535232287,0.2554922268164879,0.40188432935073876,1,1,1,0,0,1,1,1.0
0818135420635,S14,1,2026-09-14 06:16:38.679762+00:00,MR,B,B-1,Top View,UBE 850T-2,Dia Under Size,,0.511019221813152,0.6139906075580062,0.21934252904237822,0.11158923267840754,0.5800462841107201,0.19454019821086205,1,1,0,0,1,0,1,
0818140020641,S14,1,2026-09-14 06:16:54.927170+00:00,CRAM,B,B-1,Top View,UBE 850T-2,Chipoff on M8.0,Chipoff,0.7429853041440267,0.8309299231801698,0.428935687697114,0.6417246950690992,0.7726887854538138,0.4093079431517934,1,1,1,1,1,1,1,1.0
0818140520645,S14,1,2026-09-14 06:15:49.758422+00:00,CRAM,B,B-1,Top View,UBE 850T-2,Blow Hole M8,Blow_Hole,0.5817907058295926,0.7235022665200771,0.7289873729701021,0.32907658028103653,0.7910600765035861,0.8344975243941337,1,1,1,0,1,1,1,1.0
0818141520654,S14,1,2026-09-14 06:15:33.202998+00:00,CRAM,B,B-1,Top View,UBE 850T-2,Blow Hole M8,Blow_Hole,0.5059032143465231,0.8359174860083955,0.5692614151632083,0.12837469512653887,0.24460586358315373,0.09640608664071187,1,1,1,0,0,0,1,1.0
0818141620655,S14,1,2026-09-14 02:09:53.825456+00:00,CR,L,L-1,Left Side,UBE 850T-2,Non-Filling,Non_filling,0.5032829491416221,0.8362589361812376,0.44984341704850866,0.0909023588609591,0.25426369062511855,0.25069869694666014,1,1,1,0,0,0,1,1.0
0818144020676,S14,1,2026-09-14 06:12:05.957540+00:00,MR,B,B-1,Top View,UBE 850T-2,Dia Under Size,,0.6933089479886061,0.8108072746022252,0.6204866458840171,0.24466943621793497,0.4191894617207644,0.6326404782356367,1,1,1,0,1,1,1,
0818144620681,S14,1,2026-09-14 05:42:35.828399+00:00,CR,A,A-1,Top View,UBE 850T-2,Non-Filling,Non_filling,0.4619045445293195,0.8123580227188821,0.48034769072410827,0.1640733515952967,0.21028596534260616,0.16009876837057116,1,1,1,0,0,0,1,1.0
0818144720682,S14,1,2026-09-14 05:42:23.307141+00:00,,,,,UBE 850T-2,"PLC_COMMUNICATION_FAILED_PLC SLMP START_ACK timeout (expected 1,1,2)",,0.4868928229145918,0.8128255315631944,0.4931786662721671,0.3144697186158708,0.2681968124707172,0.566041713375008,1,1,1,0,0,1,1,
0818150820701,S14,1,2026-09-14 06:13:11.136407+00:00,CRAM,F,F-4,Bottom View,UBE 850T-2,Blow Hole M8,Blow_Hole,0.7371589054281894,0.8482345387044334,0.3367532909412657,0.11151729783760381,0.15730171063913395,0.09853257326874468,1,1,0,0,0,0,1,1.0
0818152120713,S14,1,2026-09-14 05:41:50.671544+00:00,CRAM,B,B-1,Top View,UBE 850T-2,Blow Hole M8,Blow_Hole,0.43839883701469584,0.8305798096939754,0.3280167168402836,0.1364548853778483,0.2592151789302847,0.19435527309455652,1,1,0,0,0,0,1,1.0
0818152720718,S14,1,2026-09-14 06:10:36.430879+00:00,,,,,UBE 850T-2,PLC_COMMUNICATION_FAILED_PLC packet timeout,,0.5502464043616799,0.8277648591549853,0.718213113417442,0.1535378482832407,0.18533746590253947,0.6355251445902184,1,1,1,0,0,1,1,
0818152820719,S14,1,2026-09-14 02:00:05.033327+00:00,CR,L,L-1,Left Side,UBE 850T-2,Non-Filling,Non_filling,0.8487769225583083,0.6130036025246366,0.8734087064304114,0.09544360621187098,0.15284541891714404,0.25468849001590377,1,1,1,0,0,0,1,1.0
0818153220723,S14,1,2026-09-22 22:46:37.207426+00:00,CRAM,E,E-3,Bottom View,UBE 850T-2,M14 Face Blow Hole,Blow_Hole,0.7041276518976769,0.8246651399217839,0.4144170630865257,0.10336096736828146,0.17315062459638306,0.07243767717648153,1,1,1,0,0,0,1,1.0
0818195220874,S14,1,2026-09-22 18:45:59.211215+00:00,CR,S,S-2,Rear,UBE 850T-2,Non-Filling,Non_filling,0.6933698050520882,0.8379283714189245,0.6785660842082725,0.3741544519471649,0.19809326788364318,0.8387257433237669,1,1,1,0,0,1,1,1.0
0818195920881,S14,1,2026-09-22 18:45:10.605182+00:00,CR,H,H-3,Bottom View,UBE 850T-2,Non-Filling,Non_filling,0.7351570663241942,0.8447535005207452,0.5515987650936738,0.14094354133637488,0.7377066561771226,0.10068479187195295,1,1,1,0,1,0,1,1.0
0818201320893,S14,1,2026-09-22 04:49:15.301276+00:00,CR,K,K-1,Left Side,UBE 850T-2,Non-Filling,Non_filling,0.5020118283482674,0.8280343801228232,0.7341427725956782,0.15511788318654676,0.24454755561438357,0.07483544843764511,1,1,1,0,0,0,1,1.0
0818203420912,S14,1,2026-09-22 18:40:36.261419+00:00,CR,H,H-1,Bottom View,UBE 850T-2,Non-Filling,Non_filling,0.681298821111189,0.7667501622837709,0.559063887211115,0.6187925854496166,0.21408481049961578,0.07620018218683307,1,1,1,1,0,0,1,1.0
0818204220919,S14,1,2026-09-22 18:40:23.798771+00:00,CR,H,H-1,Bottom View,UBE 850T-2,Non-Filling,Non_filling,0.7217176880400625,0.6140089280008816,0.7612714238752906,0.11152121210272584,0.210974529808015,0.0878979728956106,1,1,1,0,0,0,1,1.0
0818232521019,S14,1,2026-09-21 23:57:50.662502+00:00,CR,A,A-1,Top View,UBE 850T-2,Black Mark,,0.3743587423690363,0.7592289024755233,0.7200524331685092,0.10445697557477276,0.2151480095632564,0.07304138241816113,0,1,1,0,0,0,1,
0818232921023,S14,1,2026-09-22 18:37:45.874224+00:00,CR,H,H-1,Bottom View,UBE 850T-2,Black Mark,,0.5710065753442899,0.8152941334744721,0.561021767971241,0.3208706656266841,0.20759036595530883,0.07978108734716804,1,1,1,0,0,0,1,
0818233421027,S14,1,2026-09-22 18:38:34.781325+00:00,CR,S,S-2,Rear,UBE 850T-2,Black Mark,,0.28015121693599104,0.8349738926231085,0.5439443858423347,0.13399821914279147,0.1845395747105918,0.07425045362577087,0,1,1,0,0,0,1,
0818234621038,S14,1,2026-09-22 18:38:59.083208+00:00,CR,H,H-3,Bottom View,UBE 850T-2,Black Mark,,0.25492106354300026,0.851260711355539,0.3639565706607578,0.61238717939911,0.19404346188017516,0.07994641372479985,0,1,0,1,0,0,1,
0818234721039,S14,1,2026-09-22 18:37:13.277240+00:00,CR,H,H-1,Bottom View,UBE 850T-2,Black Mark,,0.10666594133104712,0.7620149473280216,0.566619571732714,0.3453129454738611,0.17702271258495872,0.07738052410785118,0,1,1,0,0,0,1,
0818235021042,S14,1,2026-09-22 18:38:22.320291+00:00,CR,H,H-1,Bottom View,UBE 850T-2,Black Mark,,0.189811113733954,0.838448038623243,0.24691461067384884,0.13149203860683983,0.203335444043801,0.10579318425836391,0,1,0,0,0,0,1,
0818235321045,S14,1,2026-09-22 18:37:33.419016+00:00,CR,H,H-1,Bottom View,UBE 850T-2,Black Mark,,0.1946575499823488,0.7434178569752958,0.6032070896116328,0.6452727773057253,0.21412344731913957,0.08034433592499951,0,1,1,1,0,0,1,
0818235821049,S14,1,2026-09-22 18:46:59.658465+00:00,CR,H,H-2,Bottom View,UBE 850T-2,Non-Filling,Non_filling,0.5048784049821683,0.8462306510891235,0.7087780192945795,0.24472640480124913,0.7380837919727317,0.10880186302582363,1,1,1,0,1,0,1,1.0
0819002721075,S14,1,2026-09-21 20:03:50.631280+00:00,CR,H,H-1,Bottom View,UBE 850T-2,Non-Filling,Non_filling,0.880948783815191,0.8218968791607982,0.7881123646366259,0.10966772507897629,0.25959680608607044,0.08125936663876246,1,1,1,0,0,0,1,1.0
0819003021078,S14,1,2026-09-21 23:58:15.360299+00:00,CR,P,P-2,Front,UBE 850T-2,Black Mark,,0.8431294085092507,0.8225998548853801,0.678433793453198,0.11061390656981004,0.30623567789351813,0.743424133624912,1,1,1,0,0,1,1,
0819004021087,S14,1,2026-09-22 18:45:22.755283+00:00,CR,H,H-3,Bottom View,UBE 850T-2,Black Mark,,0.40032256172040315,0.8098527169602103,0.6463893978064162,0.6326813999022687,0.2496367759216967,0.10484170113022014,1,1,1,1,0,0,1,
0819004321090,S14,1,2026-09-22 18:38:10.170662+00:00,CR,H,H-1,Bottom View,UBE 850T-2,Black Mark,,0.41009183050239517,0.8102386682911376,0.36860577490366503,0.30007006854283624,0.40569944247044687,0.09227398936605954,1,1,0,0,1,0,1,
0819011821109,S14,1,2026-09-22 18:38:46.934529+00:00,CR,S,S-2,Rear,UBE 850T-2,Black Mark,,0.5280270805619106,0.696396239333861,0.6416746710523734,0.11179233742431563,0.208864702874882,0.059331463320981215,1,1,1,0,0,0,1,
0819044721289,S14,1,2026-09-14 06:05:34.378050+00:00,CR,Q,Q-1,Rear,UBE 850T-2,Bend,,0.736434204167532,0.8554332636528864,0.6570124170322913,0.11167405771705907,0.24522482631046316,0.10070155834436782,1,1,1,0,0,0,1,
0819051221312,S14,1,2026-09-14 06:03:23.912603+00:00,CR,L,L-1,Left Side,UBE 850T-2,Non-Filling,Non_filling,0.5407838237476432,0.8414920435598693,0.8291495120682688,0.4991821393460659,0.19845980341199,0.8338039043462558,1,1,1,1,0,1,1,1.0
0819054121337,S14,1,2026-09-14 05:57:22.717692+00:00,CR,H,H-3,Bottom View,UBE 850T-2,Black Mark,,0.7582250316446555,0.8418337743484846,0.6782934713856025,0.2595451586142772,0.3259361110181045,0.07821111628934371,1,1,1,0,0,0,1,
0819054921344,S14,1,2026-09-14 05:51:47.012779+00:00,CR,S,S-2,Rear,UBE 850T-2,Non-Filling,Non_filling,0.43400892814175573,0.7676907885441238,0.5785234274991561,0.14141477636442143,0.2543777102116416,0.07163953738635506,1,1,1,0,0,0,1,1.0
0820133521657,S14,1,2026-09-15 16:16:50.948210+00:00,CR,O,O-1,Front,UBE 850T-2,Chip-off,Chipoff,0.0943614261003845,0.4289267569794103,0.3933373545683553,0.10414681687600674,0.2878163384506255,0.7451599958636261,0,1,0,0,0,1,1,1.0
0820134021662,S14,1,2026-09-15 16:13:28.511124+00:00,CR,G,G-1,Bottom View,UBE 850T-2,Black Mark,,0.21117631549508747,0.7611089476901279,0.7728781394735056,0.23920866104622554,0.16238656493151943,0.8677414701822714,0,1,1,0,0,1,1,
0820134721668,S14,1,2026-09-15 16:23:15.446461+00:00,CR,P,P-2,Front,UBE 850T-2,Non-Filling,Non_filling,0.2511038237999571,0.5917982896758807,0.772507208203145,0.14669996816490968,0.3038141358853418,0.15969132305549788,0,1,1,0,0,0,1,1.0
0820141521685,S14,1,2026-09-15 16:24:12.371590+00:00,CR,P,P-1,Front,UBE 850T-2,Non-Filling,Non_filling,0.09388043960651428,0.8318962942918016,0.5577869236510785,0.1638540117858149,0.7350026358529873,0.8042865977247937,0,1,1,0,1,1,1,1.0
0820154221730,S14,1,2026-09-15 15:11:41.834953+00:00,CR,F,F-2,Bottom View,UBE 850T-2,Non-Filling,Non_filling,0.10016430113890401,0.29616149633796096,0.25758104832830053,0.3537386734719997,0.25454451559485075,0.8074765646013671,0,0,0,0,0,1,1,0.0
0820155821744,S14,1,2026-09-15 15:16:45.295988+00:00,CR,F,F-2,Bottom View,UBE 850T-2,Chip-off,Chipoff,0.417046189655826,0.5918859778370545,0.5398430813034161,0.2777311824942832,0.24579550494837565,0.8263896193724132,1,1,1,0,0,1,1,1.0
0820162421767,S14,1,2026-09-15 15:13:02.927566+00:00,CR,S,S-1,Rear,UBE 850T-2,Black Mark,,0.09847035437265833,0.3007152483407201,0.36238164719713717,0.1327142713222179,0.254055302366173,0.15515792049715632,0,0,0,0,0,0,1,
0820191321919,S14,1,2026-09-15 13:38:43.335805+00:00,CR,F,F-7,Bottom View,UBE 850T-2,Chip-off,Chipoff,0.5207204538700001,0.7651381170034167,0.5734948637179543,0.2526357383789085,0.5148768514147821,0.8316741035654027,1,1,1,0,1,1,1,1.0
0820194721940,S14,1,2026-09-15 13:32:18.490874+00:00,CR,S,S-1,Rear,UBE 850T-2,Non-Filling,Non_filling,0.49428337729279437,0.8474506421635908,0.5758324641913548,0.2447625988589209,0.7891626331545929,0.5809888611636714,1,1,1,0,1,1,1,1.0
0821020522246,S14,1,2026-09-15 04:44:12.794549+00:00,CR,O,O-1,Front,UBE 850T-2,Non-Filling,Non_filling,0.18935442372111005,0.30852660598532305,0.11419578666249183,0.15602432644999714,0.6835637374371628,0.8070983291111882,0,0,0,0,1,1,1,0.0
0821040122336,S14,1,2026-09-15 11:53:52.672148+00:00,CRAM,H,H-1,Bottom View,UBE 850T-2,Crack,Crack,0.08290423066052383,0.7586212604498173,0.061074398637329844,0.3290861486639975,0.7405934609078081,0.10376366225789528,0,1,0,0,1,0,1,1.0
0821065222458,S14,1,2026-09-15 12:44:22.375442+00:00,CRAM,E,E-3,Bottom View,UBE 850T-2,M14 Face Blow Hole,Blow_Hole,0.25284310954943356,0.7596789754764652,0.5365720985541845,0.3482647437043961,0.7666790330363945,0.08502462103240804,0,1,1,0,1,0,1,0.0
0821070122466,S14,1,2026-09-21 22:12:39.408267+00:00,CR,G,G-1,Bottom View,UBE 850T-2,Black Mark,,0.2825729429157775,0.8228130108589135,0.43338283929023913,0.1314664151005982,0.4377929954628039,0.4136055630017159,0,1,1,0,1,1,1,
0821094720124,S14,1,2026-09-14 07:40:09.192050+00:00,CR,H,H-3,Bottom View,UBE 850T-2,Black Mark,,0.10099515964133773,0.8313207210667071,0.18856137087278235,0.1060241554255984,0.8017652021718686,0.8304373553095477,0,1,0,0,1,1,1,
0821112720165,S14,1,2026-09-14 07:16:39.540585+00:00,CR,H,H-3,Bottom View,UBE 850T-2,Black Mark,,0.49367960202091965,0.5986626114270184,0.7096492887178044,0.6418362677374556,0.20693038215066922,0.6321570137604645,1,1,1,1,0,1,1,
0821150020296,S14,1,2026-09-14 05:21:58.356404+00:00,CR,S,S-2,Rear,UBE 850T-2,Non-Filling,Non_filling,0.223512524413568,0.2991692900646257,0.5992971423276329,0.8172267348709796,0.442206666482536,0.8792388308414263,0,0,1,1,1,1,1,1.0
0821153320320,S14,1,2026-09-14 09:06:03.498746+00:00,CRAM,E,E-2,Bottom View,UBE 850T-2,M14 Face Blow Hole,Blow_Hole,0.4210240118107146,0.7582218394280189,0.08797110911202206,0.0956467557991754,0.3027977969775948,0.9101560166119047,1,1,0,0,0,1,1,1.0
0821155820339,S14,1,2026-09-14 09:09:49.761461+00:00,CRAM,E,E-2,Bottom View,UBE 850T-2,M14 Face Blow Hole,Blow_Hole,0.42946571335666167,0.7597435304662375,0.36146986256954433,0.26731574253223434,0.43809369491137046,0.8378584755199776,1,1,0,0,1,1,1,1.0
0821194320443,S14,1,2026-09-14 05:25:37.245484+00:00,CR,S,S-1,Rear,UBE 850T-2,Non-Filling,Non_filling,0.5741803510960706,0.5286698526903049,0.19401642405006062,0.6934985546906589,0.7680672648081713,0.16213082328947132,1,1,0,1,1,0,1,0.0
0824080720664,S14,1,2026-09-14 18:22:50.732615+00:00,CR,H,H-1,Bottom View,UBE 850T-2,Dent,,0.3806670691188979,0.7629995276922173,0.24759808364022928,0.13293054008209307,0.24714093163022655,0.14471225534153517,0,1,0,0,0,0,1,
0824163921080,S14,1,2026-09-22 08:20:48.184436+00:00,CR,H,H-3,Bottom View,UBE 850T-2,Black Mark,,0.08193165249854475,0.5921404761808134,0.10426738023473076,0.23453714160773784,0.1950959076492031,0.0870492858841402,0,1,0,0,0,0,1,
0824164121082,S14,1,2026-09-15 05:52:07.497588+00:00,CRAM,E,E-3,Bottom View,UBE 850T-2,Porosity,Porosity,0.15041124731034425,0.5922292481020319,0.09438277530311937,0.42898524033971236,0.42446169562533503,0.836801625551898,0,1,0,1,1,1,1,1.0
0824164721087,S14,1,2026-09-15 05:48:17.116774+00:00,CRAM,E,E-2,Bottom View,UBE 850T-2,Porosity,Porosity,0.527749023114759,0.29880641567690847,0.5485852753929494,0.4121154632403154,0.24474588296216326,0.18881744870199615,1,0,1,1,0,0,1,1.0
0824190521203,S14,1,2026-09-14 07:08:44.480815+00:00,CR,L,L-1,Left Side,UBE 850T-2,Non-Filling,Non_filling,0.41958242826814873,0.7218567876877887,0.12126750694269203,0.267380585720049,0.57446165515183,0.8362862542591329,1,1,0,0,1,1,1,0.0
0824190821206,S14,1,2026-09-14 16:48:44.360331+00:00,CRAM,B,B-1,Top View,UBE 850T-2,Face Blow Hole,Blow_Hole,0.6283699092072682,0.815964453950364,0.7612577575802332,0.0919129938689969,0.24310358827154904,0.9037428377699366,1,1,1,0,0,1,1,1.0
0824203621282,S14,1,2026-09-14 09:42:54.602360+00:00,CR,K,K-1,Left Side,UBE 850T-2,Non-Filling,Non_filling,0.057437832157486345,0.2820390598728293,0.4665883131355425,0.1523770915963794,0.20622133118528335,0.08745457312778931,0,0,1,0,0,0,1,1.0
0825021521517,S14,1,2026-09-14 17:08:02.312597+00:00,CR,O,O-2,Front,UBE 850T-2,Non-Filling,Non_filling,0.08165479914446402,0.30167752674814274,0.8089698094607347,0.0852344036249597,0.25437496191573367,0.09808128352972201,0,0,1,0,0,0,1,1.0
0825053621676,S14,1,2026-09-15 05:18:34.395780+00:00,CR,L,L-1,Left Side,UBE 850T-2,Non-Filling,Non_filling,0.09491010472058434,0.30094955971312026,0.5402319889507502,0.10528231423100609,0.37909527424453865,0.35736108919339254,0,0,1,0,0,0,1,1.0
0825054021680,S14,1,2026-09-15 04:47:15.011415+00:00,CR,R,R-1,Rear,UBE 850T-2,Black Mark,,0.3959640272861577,0.5324351008237198,0.2086565610336648,0.0791388229907066,0.24607826136714683,0.24831070940608505,0,1,0,0,0,0,1,
0825060821685,S14,1,2026-09-14 19:30:07.010533+00:00,CR,D,D-4,Top View,UBE 850T-2,Black Mark,,0.3976550393271764,0.7229324021033636,0.5856990260303345,0.19335024168212786,0.28732379610776015,0.16341376071606376,0,1,1,0,0,0,1,
0825062821703,S14,1,2026-09-14 19:26:51.359535+00:00,CR,B,B-1,Top View,UBE 850T-2,Black Mark,,0.09576684126481541,0.7587119084659287,0.47540653369291197,0.14687665947023348,0.1442805078113086,0.40275270411770403,0,1,1,0,0,1,1,
0825065821729,S14,1,2026-09-14 19:29:05.692421+00:00,CR,O,O-2,Front,UBE 850T-2,Chip-off,Chipoff,0.10134840852861368,0.5917494137129495,0.12628492284142467,0.08569761714028121,0.19914792740992524,0.5611925521207888,0,1,0,0,0,1,1,1.0
0825073821764,S14,1,2026-09-15 05:19:38.667448+00:00,CR,S,S-1,Rear,UBE 850T-2,Black Mark,,0.08269211540016516,0.5797467060415046,0.2061666757770547,0.4938810720338589,0.7368466143027732,0.0837398724481387,0,1,0,1,1,0,1,
0825085921835,S14,1,2026-09-15 08:49:32.624620+00:00,CR,P,P-2,Front,UBE 850T-2,Dent,,0.07863423030955444,0.8142889946606201,0.08343291158261787,0.23776818737761654,0.2530849747413486,0.10026040139475814,0,1,0,0,0,0,1,
0825094321873,S14,1,2026-09-15 05:33:54.646829+00:00,CR,P,P-1,Front,UBE 850T-2,Dent,,0.49433350461310416,0.2936248185093012,0.19985287480091263,0.1104219033195889,0.44239199517050215,0.6871074932510426,1,0,0,0,1,1,1,
0825095921887,S14,1,2026-09-15 08:50:09.106654+00:00,CR,O,O-1,Front,UBE 850T-2,Chip-off,Chipoff,0.15013461954060878,0.5780039545653315,0.21767267603523752,0.21012622425400038,0.18667362315546351,0.4743833908853348,0,1,0,0,0,1,1,1.0
0825101421900,S14,1,2026-09-15 09:10:16.552776+00:00,CR,S,S-1,Rear,UBE 850T-2,Dent,,0.09230196799731503,0.8201761588365575,0.46825275783699843,0.18531990073446702,0.3615236848015011,0.10078537700076698,0,1,1,0,0,0,1,
0825112421953,S14,1,2026-09-15 08:57:00.460216+00:00,CR,E,E-2,Bottom View,UBE 850T-2,Black Mark,,0.5186497830019534,0.2918739273666885,0.5062524884689639,0.09015268596978618,0.19449226252521584,0.10582405573071367,1,0,1,0,0,0,1,
0825113621964,S14,1,2026-09-15 09:17:01.594494+00:00,CR,H,H-2,Bottom View,UBE 850T-2,Black Mark,,0.10043751684128274,0.3007669238592,0.35410831333008486,0.09495098672240228,0.2560233670778299,0.269998966352114,0,0,0,0,0,0,1,
0825140122064,S14,1,2026-09-15 13:47:37.154124+00:00,CRAM,P,P-3,Front,UBE 850T-2,Porosity,Porosity,0.08330253510309715,0.7595426507580849,0.09271928043074594,0.38747772854043255,0.2144138323960675,0.18703596413596496,0,1,0,0,0,0,1,0.0
0825161622175,S14,1,2026-09-15 00:02:52.492332+00:00,CR,G,G-1,Bottom View,UBE 850T-2,Black Mark,,0.2511326496873272,0.5994889529277261,0.12061374814117636,0.2217110233764493,0.20348844850314707,0.15935374348798656,0,1,0,0,0,0,1,
0825163722193,S14,1,2026-09-15 04:00:18.620223+00:00,CR,L,L-1,Left Side,UBE 850T-2,Non-Filling,Non_filling,0.09489316040932108,0.7674321370923605,0.5539156927785059,0.09305741074475007,0.20255623666905703,0.15263822399255977,0,1,1,0,0,0,1,1.0
0825165022204,S14,1,2026-09-15 03:59:24.532101+00:00,CR,L,L-1,Left Side,UBE 850T-2,Non-Filling,Non_filling,0.08308886419106455,0.43004380258827535,0.16910659509508205,0.10389721285004754,0.4564118845954312,0.2507131682078154,0,1,0,0,1,0,1,0.0
0825170122214,S14,1,2026-09-15 03:59:00.115340+00:00,CR,S,S-1,Rear,UBE 850T-2,Non-Filling,Non_filling,0.06704849500024831,0.5244600608339591,0.4217953840401179,0.09404338082737135,0.44256039744051096,0.0668303308003697,0,1,1,0,1,0,1,1.0
0825170622218,S14,1,2026-09-14 23:58:29.098805+00:00,CR,S,S-1,Rear,UBE 850T-2,Black Mark,,0.0771547901069348,0.42933561749042226,0.463935518321544,0.2424072691399689,0.2553029140008089,0.08551678647666125,0,1,1,0,0,0,1,
0825173522244,S14,1,2026-09-15 00:00:26.340456+00:00,CR,H,H-3,Bottom View,UBE 850T-2,Black Mark,,0.21119970249210607,0.6150616086775469,0.7274625479773942,0.12000380621672913,0.36168150578274677,0.5613542521515615,0,1,1,0,0,1,1,
0825203122356,S14,1,2026-09-14 15:59:57.716122+00:00,CR,B,B-1,Top View,UBE 850T-2,Non-Filling,Non_filling,0.2025430411595133,0.5332155521016995,0.47111216669221606,0.09330179146504948,0.2131568975952013,0.836885705008149,0,1,1,0,0,1,1,1.0
0825210322385,S14,1,2026-09-14 14:06:16.385701+00:00,CR,L,L-1,Left Side,UBE 850T-2,Non-Filling,Non_filling,0.37480447086510943,0.7645787010512263,0.6332462881104524,0.3869612621670515,0.25501895584053846,0.15863230320452693,0,1,1,0,0,0,1,1.0
0825213322411,S14,1,2026-09-14 09:48:17.437754+00:00,CR,G,G-1,Bottom View,UBE 850T-2,Chip-off,Chipoff,0.09981424304116021,0.827142660560868,0.21510303925623628,0.10436340134626473,0.2972025265279026,0.8318258512293977,0,1,0,0,0,1,1,1.0
0825215122427,S14,1,2026-09-14 16:49:25.165796+00:00,CRAM,B,B-1,Top View,UBE 850T-2,Blow Hole M8,Blow_Hole,0.5288574812719726,0.42468777198054347,0.08158313917317134,0.2688118688260224,0.7843962442651027,0.8360912643869217,1,1,0,0,1,1,1,1.0
0826011622577,S14,1,2026-09-14 16:34:22.233517+00:00,CRAM,B,B-1,Top View,UBE 850T-2,Blow Hole M8,Blow_Hole,0.08852149622649258,0.7581253633630123,0.5906632753259011,0.155480927453868,0.18409781256549695,0.22995127888187167,0,1,1,0,0,0,1,0.0
0826033822702,S14,1,2026-09-14 15:03:24.544581+00:00,CR,R,R-3,Rear,UBE 850T-2,Black Mark,,0.56249481334386,0.5289659677260423,0.09342068641614627,0.0949743394934966,0.7681553473561955,0.15563309316526394,1,1,0,0,1,0,1,
0826034122704,S14,1,2026-09-14 14:59:01.535887+00:00,CR,A,A-1,Top View,UBE 850T-2,Black Mark,,0.18490025418185416,0.5916939603417762,0.13691600913288005,0.08169132024263558,0.25009705307968283,0.16857153491069776,0,1,0,0,0,0,1,
0826034922711,S14,1,2026-09-14 15:00:01.993178+00:00,CR,A,A-1,Top View,UBE 850T-2,Black Mark,,0.20868664780075924,0.5323852111773862,0.42614510677640105,0.11242732810314415,0.24675575253456322,0.8362820084910424,0,1,1,0,0,1,1,
0826040022721,S14,1,2026-09-14 15:03:12.349956+00:00,CR,A,A-1,Top View,UBE 850T-2,Black Mark,,0.4991411677024269,0.5237283098549945,0.44753535674585665,0.6933113607395258,0.16089169160154054,0.582112165437531,1,1,1,1,0,1,1,
0826040122722,S14,1,2026-09-14 14:57:28.431086+00:00,CR,A,A-1,Top View,UBE 850T-2,Black Mark,,0.08327490352736788,0.2871079015091127,0.06647852078107552,0.14713737646918315,0.21459182588426698,0.1619376922951159,0,0,0,0,0,0,1,
0826040322724,S14,1,2026-09-14 15:03:57.272860+00:00,CR,A,A-1,Top View,UBE 850T-2,Black Mark,,0.12141848055897053,0.5263353909214057,0.058906974376622234,0.6333015512032282,0.7717306471026493,0.09340660729255969,0,1,0,1,1,0,1,
0826040622726,S14,1,2026-09-14 15:01:59.347339+00:00,CR,A,A-1,Top View,UBE 850T-2,Black Mark,,0.0745789525641759,0.25937066776624884,0.09533736199494684,0.1501376775487215,0.171804060784509,0.428644616222573,0,0,0,0,0,1,1,
0826040822728,S14,1,2026-09-14 15:02:35.814986+00:00,CR,A,A-1,Top View,UBE 850T-2,Black Mark,,0.52864821813467,0.7603759531969582,0.09545744439434849,0.4087793195878985,0.29799391160682576,0.5802320262476314,1,1,0,1,0,1,1,
0826041422733,S14,1,2026-09-14 15:03:45.072686+00:00,CR,A,A-1,Top View,UBE 850T-2,Black Mark,,0.06674790395700145,0.29347576371255873,0.08435228175671333,0.36958442332856234,0.16688925060666776,0.1539166693982831,0,0,0,0,0,0,1,
0826042722745,S14,1,2026-09-14 15:00:14.153203+00:00,CR,A,A-1,Top View,UBE 850T-2,Black Mark,,0.10152297894684911,0.26477267192617426,0.534823307388472,0.10912606285266796,0.15223459103419215,0.30793585051630434,0,0,1,0,0,0,1,
0826052622797,S14,1,2026-09-14 21:45:37.869441+00:00,CRAM,E,E-3,Bottom View,UBE 850T-2,Blow Hole M8,Blow_Hole,0.4318806572654856,0.8100342279015617,0.11270171283131188,0.12049828942403837,0.16651698808016058,0.5777201518262771,1,1,0,0,0,1,1,1.0
0826061322820,S14,1,2026-09-21 22:18:54.602833+00:00,CR,S,S-1,Rear,UBE 850T-2,Black Mark,,0.07792611556559798,0.7441616881973605,0.10337967434570386,0.2594585513225819,0.2607267634977239,0.8313060391568874,0,1,0,0,0,1,1,
0826061622823,S14,1,2026-09-15 01:22:00.126223+00:00,CRAM,C,C-1,Top View,UBE 850T-2,Porosity,Porosity,0.19189707253167476,0.7239930770814764,0.26199593064802884,0.26713838868936285,0.2072990353578087,0.08994801111750601,0,1,0,0,0,0,1,0.0
0826070422865,S14,1,2026-09-22 18:37:58.020919+00:00,CR,H,H-1,Bottom View,UBE 850T-2,Black Mark,,0.19017713470691472,0.5917673193602578,0.36815587361983726,0.15601438632817052,0.18275903405238336,0.6327918109122075,0,1,0,0,0,1,1,
0826091522942,S14,1,2026-09-21 22:04:11.057136+00:00,CR,E,E-1,Bottom View,UBE 850T-2,Chip-off,Chipoff,0.15023686285366308,0.5294771689788413,0.0953032496353172,0.10664438995516234,0.19991857922056838,0.2525761344310252,0,1,0,0,0,0,1,0.0
0826093322958,S14,1,2026-09-21 22:13:16.029434+00:00,CR,L,L-1,Left Side,UBE 850T-2,Shrinkage,Shrinkage,0.08936147617751729,0.2814195244555995,0.19225251352563028,0.1317567763533836,0.5504010477550849,0.7454749293011091,0,0,0,0,1,1,1,1.0
0826102123000,S14,1,2026-09-21 23:05:02.269747+00:00,CR,E,E-2,Bottom View,UBE 850T-2,Chip-off,Chipoff,0.15839323258786087,0.800533964995206,0.26507496204119785,0.09532782466017778,0.19219018120651304,0.3569492127334577,0,1,0,0,0,0,1,0.0
0826102423003,S14,1,2026-09-21 22:06:46.487411+00:00,CR,L,L-1,Left Side,UBE 850T-2,Shrinkage,Shrinkage,0.08898441184368935,0.7666395966810448,0.5561721809793789,0.2451614459153102,0.5254806000670629,0.1277847085142101,0,1,1,0,1,0,1,1.0
0826114623075,S14,1,2026-09-21 23:13:34.317870+00:00,CR,P,P-1,Front,UBE 850T-2,Non-Filling,Non_filling,0.4045586730472215,0.615585707358705,0.6626237619736552,0.6450675761727371,0.14560765162590858,0.895399603757834,1,1,1,1,0,1,1,1.0
0826165623171,S14,1,2026-09-14 21:50:04.920297+00:00,CRAM,E,E-3,Bottom View,UBE 850T-2,M14 Face Blow Hole,Blow_Hole,0.36404702082092116,0.8516413357785357,0.1071038907078757,0.09641822568996691,0.21040152140477575,0.8042612319554712,0,1,0,0,0,1,1,0.0
0826170323177,S14,1,2026-09-14 21:05:42.425832+00:00,CR,Q,Q-1,Rear,UBE 850T-2,Black Mark,,0.09862668384485387,0.8109641074254684,0.4553314516310761,0.08963290990209052,0.20803375921400835,0.1868890255510326,0,1,1,0,0,0,1,
0826171523188,S14,1,2026-09-14 21:08:07.571057+00:00,CRAM,E,E-3,Bottom View,UBE 850T-2,M14 Face Blow Hole,Blow_Hole,0.6787008177795721,0.8391987641479137,0.27469202711542884,0.1088103940088127,0.7718802779067926,0.8047857420311046,1,1,0,0,1,1,1,1.0
0826202623310,S14,1,2026-09-14 21:50:45.510955+00:00,CRAM,E,E-3,Bottom View,UBE 850T-2,Blow Hole M8,Blow_Hole,0.6459168593015804,0.8425538289028971,0.225354559761898,0.07748320439025885,0.8517698185815863,0.06833114790352285,1,1,0,0,1,0,1,1.0
0826233523463,S14,1,2026-09-14 21:00:46.859879+00:00,CR,O,O-2,Front,UBE 850T-2,Chip-off,Chipoff,0.5897474564573781,0.7617764265029334,0.1995844053165841,0.15563963465347147,0.2543363003486344,0.4716782763824281,1,1,0,0,0,1,1,1.0
0826235423480,S14,1,2026-09-14 21:01:03.396221+00:00,CRAM,E,E-3,Bottom View,UBE 850T-2,Porosity,Porosity,0.07552924519997106,0.2822253671919163,0.12314886471615238,0.11031928902825536,0.24993475057726883,0.08807216042969801,0,0,0,0,0,0,1,0.0
0827024523523,S14,1,2026-09-15 00:10:52.981227+00:00,CR,S,S-1,Rear,UBE 850T-2,Black Mark,,0.32072229584706047,0.824335939914689,0.22472543421812868,0.13411991204290394,0.2519842181182948,0.25144255204720384,0,1,0,0,0,0,1,
0827030223538,S14,1,2026-09-15 00:24:03.223564+00:00,CR,S,S-1,Rear,UBE 850T-2,Black Mark,,0.1501348664616128,0.2851069030408875,0.08870876413599972,0.26907480975286524,0.24881523111846365,0.09745340015141107,0,0,0,0,0,0,1,
0827080323751,S14,1,2026-09-14 20:05:59.182590+00:00,CR,O,O-2,Front,UBE 850T-2,Dent,,0.07668939493505529,0.28694007220079604,0.09866122510096861,0.19656583353780369,0.2555162161753424,0.0769908546983668,0,0,0,0,0,0,1,
0827093523829,S14,1,2026-09-14 20:02:15.325401+00:00,CR,S,S-1,Rear,UBE 850T-2,Non-Filling,Non_filling,0.36333774318260836,0.3282475948844364,0.3804117462957693,0.3480354638699739,0.2085037738911737,0.5814467459466754,0,0,0,0,0,1,1,0.0
0827135623923,S14,1,2026-09-14 18:57:02.690112+00:00,CR,K,K-1,Left Side,UBE 850T-2,Non-Filling,Non_filling,0.25213138083896347,0.5265851413812903,0.6532734519166719,0.7099222944088396,0.41966118466368313,0.8779809178548615,0,1,1,1,1,1,1,1.0
